Ativo,Limiar_Evento_Pct,Qtd_Eventos_Ativo,Qtd_Eventos_Brent,Qtd_Eventos_Considerados,Primeira_Data_Evento,Ultima_Data_Evento
EXXO34,1.5,458,536,458,2020-12-08,2026-03-10
EXXO34,2.0,301,353,301,2020-12-08,2026-02-27
EXXO34,2.5,184,239,184,2020-12-08,2026-02-27
PETR4,1.5,453,536,453,2020-12-10,2026-03-09
PETR4,2.0,320,353,320,2020-12-10,2026-03-09
PETR4,2.5,212,239,212,2020-12-10,2026-03-06
PRIO3,1.5,610,536,610,2020-12-08,2026-03-06
PRIO3,2.0,469,353,469,2020-12-08,2026-03-06
PRIO3,2.5,354,239,354,2020-12-08,2026-03-06
