cluster,frase_exemplo,ativo_cluster,n_eventos,frases_originais,seq_d0,seq_d1,seq_d2,seq_d3,seq_d4,seq_d5
0,O avanço e a eficácia das vacinas contra Covid-19 impulsionam otimismo econômico e expectativas de recuperação de mercado.,BRENT,9,"['Anúncio de eficácia da vacina da Moderna contra Covid-19', 'Avanço das vacinas contra Covid-19', 'Avanços no desenvolvimento de vacinas contra Covid-19', 'Início da vacinação contra Covid-19', 'Otimismo com vacinas contra Covid-19', 'Otimismo com vacinação contra Covid-19', 'Avanço da vacinação em grandes economias', 'Avanço da vacinação e reabertura econômica', 'Aumento da demanda global devido ao avanço das campanhas de vacinação contra COVID-19.']",2.240565228219584,-0.7458453176749306,,,,
1,"Expectativas e incertezas sobre juros, política monetária, estímulos e negociações do teto da dívida impactam os mercados nos EUA.",BRENT,13,"['Expectativa de pacote de estímulo econômico nos EUA', 'Otimismo com pacote de estímulo dos EUA', 'alta dos rendimentos dos Treasuries dos EUA', 'Expectativa de política monetária mais restritiva nos EUA', 'Inflação dos EUA abaixo do esperado', 'Queda do dólar e perspectiva de política monetária menos agressiva nos EUA', 'Expectativa de alta de juros nos EUA', 'Expectativa de juros mais altos nos EUA', 'Otimismo com negociações do teto da dívida dos EUA', 'Progresso nas negociações do teto da dívida dos EUA', 'Incerteza sobre o teto da dívida dos EUA', 'Aprovação do acordo do teto da dívida dos EUA', 'Temores de alta de juros nos EUA']",-0.023290772810897826,-1.4560759618742036,-0.3690993633589128,0.542466291058467,,
2,Indicadores econômicos globais influenciam expectativas de demanda e riscos de recessão nos mercados.,BRENT,33,"['Dados econômicos positivos dos EUA', 'Dados econômicos fracos da China', 'Dados positivos de emprego nos EUA', 'Dados econômicos fracos e expectativa por estoques dos EUA', 'Sinais de recuperação econômica e estoques apertados', 'Preocupações com desaceleração econômica global', 'Temores de desaceleração econômica global', 'temores de recessão global', 'Temores de recessão global', 'Temor de recessão global e queda na demanda', 'dados econômicos fracos dos EUA', 'Dados econômicos fracos dos EUA', 'Temor de recessão global', 'dados econômicos fracos dos EUA e China', 'Dados econômicos fracos nos EUA', 'Dados fracos da economia chinesa', 'Dados econômicos fracos dos EUA e China', 'Dados econômicos positivos da China', 'Temores de recessão nos EUA e dados econômicos fracos', 'Dados econômicos fracos indicando possível queda na demanda', 'Dados econômicos positivos dos EUA indicando demanda forte', 'Dados econômicos fracos na Europa e China', 'Dados positivos de demanda nos EUA', 'dados econômicos globais fracos', 'sinais de desaceleração econômica global', 'sinais de demanda global mais fraca', 'dados econômicos fracos', 'dados fracos de demanda global', 'Sinais de desaceleração econômica', 'Dados econômicos positivos dos EUA e China', 'demanda global enfraquecida', 'Projeções negativas para a demanda global em 2025', 'Dados econômicos globais positivos']",-1.8842065391033402,0.06807164670448801,-0.26079799929668834,-1.7958469078985053,,
3,"Otimismo com a recuperação e aumento da demanda global, especialmente impulsionada pela China.",BRENT,40,"['Expectativas de recuperação econômica global', 'Expectativas de recuperação da demanda global', 'Expectativas de recuperação da demanda com vacinação', 'Expectativas de recuperação da demanda devido à vacinação', 'Otimismo com recuperação da demanda global', 'Expectativa de recuperação da demanda global', 'otimismo com recuperação econômica', 'Otimismo com recuperação econômica global', 'Perspectiva de recuperação da demanda global', 'Expectativa de recuperação da demanda', 'expectativa de recuperação da demanda', 'Otimismo com a recuperação da demanda global', 'Expectativa de aumento da demanda global', 'Recuperação das expectativas de demanda global', 'Expectativas de aumento da demanda global', 'Otimismo com a demanda global', 'Perspectiva de demanda global resiliente', 'Otimismo com a demanda global apesar da Ômicron', 'Otimismo sobre demanda global', 'expectativa de aumento da demanda na China', 'Expectativas de recuperação da demanda chinesa', 'Expectativa de aumento da demanda com flexibilização de lockdowns na China', 'Expectativa de recuperação da demanda chinesa', 'expectativas de demanda resiliente', 'Expectativas de aumento da demanda devido à flexibilização na China', 'Expectativas de aumento da demanda chinesa', 'Expectativa de aumento da demanda chinesa', 'Recuperação da demanda chinesa', 'expectativas de aumento da demanda chinesa', 'Sinais de recuperação da demanda chinesa', 'Sinais de aumento na demanda global', 'expectativa de aumento na demanda global', 'Expectativa de aumento na demanda global', 'Sinais de recuperação da demanda global', 'expectativa de aumento da demanda', 'Perspectivas de demanda global estável', 'Expectativas de aumento na demanda global', 'otimismo com a demanda global', 'expectativas de aumento na demanda global', 'expectativas de aumento na demanda']",2.9514732775571457,0.7343292215173749,-0.15122511680488604,0.8783841739117633,,
4,"Oscilações nos preços do petróleo refletem incertezas sobre oferta, demanda e estoques globais.",BRENT,67,"['Queda nos estoques de petróleo dos EUA', 'Expectativa de menor oferta global de petróleo', 'Expectativa de queda nos estoques de petróleo dos EUA', 'aumento dos estoques de petróleo nos EUA', 'expectativa de aumento na oferta global de petróleo', 'Preocupações com oferta global de petróleo', 'Alta nos estoques de petróleo dos EUA', 'Preocupações com a demanda global de petróleo', 'Incerteza sobre oferta futura de petróleo', 'Aumento inesperado dos estoques de petróleo nos EUA', 'Queda menor que o esperado nos estoques de petróleo dos EUA', 'Aumento dos casos de Covid-19 nos Estados Unidos e China, os dois maiores consumidores de petróleo, gerando preocupações sobre a demanda global.', 'Temores de novas medidas de restrição social na China, o que poderia impactar ainda mais o consumo de petróleo.', 'Otimismo com a demanda global de petróleo', 'Interrupções na produção de petróleo no México', 'Otimismo com a recuperação da demanda global por petróleo', 'Aumento dos estoques de petróleo nos EUA', 'Expectativas de recuperação da demanda global de petróleo', 'Preocupações com oferta restrita de petróleo', 'Preocupações com restrições na oferta global de petróleo', 'Temor de interrupção no fornecimento de petróleo', 'Temor de interrupções no fornecimento global de petróleo', 'Temor de interrupção no fornecimento global de petróleo', 'Temor de restrições à oferta global de petróleo', 'Temor de restrições na oferta global de petróleo devido a sanções', 'Expectativa de aumento da oferta global de petróleo', 'Redução dos estoques de petróleo nos EUA', 'Expectativa de aumento nos estoques de petróleo dos EUA', 'Expectativas de aumento da demanda global por petróleo', 'Tensões geopolíticas e restrições de produção em países exportadores', 'Preocupações com a demanda por petróleo', 'Expectativas de aumento da demanda nos EUA', 'Aumento nos estoques de petróleo e decisão da OPEP+', 'Preocupações com oferta devido a interrupções em oleodutos', 'Expectativa de aumento da oferta de petróleo', 'Preocupações com a oferta global de petróleo', 'Redução da oferta global de petróleo', 'Expectativa de aumento dos estoques de petróleo nos EUA', 'Expectativa de aumento da demanda nos EUA', 'Queda nos estoques de petróleo bruto dos EUA', 'Sinais de restrição na oferta global de petróleo', 'Dados de estoques de petróleo nos EUA', 'Preocupações com desaceleração econômica e demanda por petróleo', 'Expectativas de aumento na demanda por petróleo', 'Expectativa de restrição na oferta global de petróleo', 'Perspectivas de demanda mais fraca por petróleo', 'Queda inesperada nos estoques de petróleo dos EUA', 'Aumento inesperado nos estoques de petróleo dos EUA', 'Risco de interrupção no fornecimento de petróleo', 'Temor de interrupções no fornecimento de petróleo', 'Sinais de demanda resiliente por petróleo', 'Expectativa de estoques elevados nos EUA', 'possível redução nos estoques dos EUA', 'aumento nos estoques de petróleo dos EUA', 'Expectativa de aumento na oferta global de petróleo', 'Temor de interrupção no fornecimento de petróleo no Oriente Médio', 'Preocupação com oferta global de petróleo', 'Aumento dos estoques de petróleo', 'Sinais de recuperação da demanda global por petróleo', 'Aumento da oferta global de petróleo, com destaque para maior produção no Brasil', 'Dados positivos sobre demanda global de petróleo', 'Preocupações com excesso de oferta global de petróleo', 'Declínio global do preço do petróleo, com preocupações sobre excesso de oferta no mercado internacional', 'Pressão global sobre commodities e desempenho negativo das petrolíferas', 'Preocupação dos investidores com a demanda global por petróleo', 'Aumento da oferta global de petróleo pela OPEP+', 'Tensões geopolíticas em regiões produtoras de petróleo']",0.7107792595973101,0.36146970935323547,0.28519534768761134,-0.2206973130551729,-1.2828456037665352,0.31498884280319456
5,Lockdowns e restrições de Covid-19 na China impactam a demanda e as expectativas econômicas globais.,BRENT,14,"['Lockdowns na China afetando demanda', 'Lockdowns na China afetando a demanda por petróleo', 'Lockdowns na China afetando a demanda', 'Lockdowns na China devido à COVID-19', 'Lockdowns rigorosos na China afetando a demanda', 'lockdowns rigorosos na China afetando demanda', 'Reabertura econômica na China após lockdowns', 'Novos lockdowns na China devido à COVID-19', 'Flexibilização das restrições de Covid-19 na China', 'Lockdowns na China e fortalecimento do dólar', 'Lockdowns na China afetando demanda por petróleo', 'Rumores de flexibilização da política de Covid Zero na China', 'Expectativas de reabertura econômica na China', 'Expectativas de flexibilização das restrições de Covid-19 na China']",-1.8059506222943706,-1.8142445751636407,0.7730311632180941,-1.065416570953775,,
6,Oscilações na aversão ao risco influenciam a recuperação dos mercados financeiros globais.,BRENT,3,"['Recuperação dos mercados financeiros globais', 'Aumento da aversão ao risco global', 'Aumento da aversão ao risco nos mercados globais']",-0.35380748487447794,,,,,
7,"O setor de petróleo, liderado pela Petrobras, apresenta forte desempenho financeiro impulsionado por produção recorde, eficiência operacional e distribuição de dividendos elevados.",BRENT,4,"['Expectativa de resultados financeiros sólidos das petroleiras, especialmente da Petrobras, com produção recorde e margens robustas mesmo com Brent mais baixo', 'Anúncio de pagamento de dividendos elevados e sinais de eficiência operacional, como o novo Programa de Demissão Voluntária (PDV) da Petrobras', 'Aumento da produção de petróleo e gás pela Petrobras no 2º trimestre de 2025', 'Resultados positivos do leilão de blocos do pré-sal promovido pela ANP, aumentando o otimismo sobre o setor de petróleo']",2.6523299334439208,-0.7540517759889444,-0.8047641083493143,-0.2765280802473296,,
8,Fortalecimento do dólar,BRENT,16,"['Valorização do dólar', 'Fortalecimento do dólar', 'Apreciação do dólar após decisão do Fed', 'Fortalecimento do dólar frente a outras moedas', 'Apreciação do dólar frente a outras moedas', 'Temores de recessão e fortalecimento do dólar', 'Apreciação do dólar', 'fortalecimento do dólar', 'Apreciação do dólar e temores de recessão nos EUA', 'Desvalorização do dólar frente a outras moedas', 'Apreciação do dólar após alta de juros nos EUA', 'Fortalecimento do dólar americano', 'Dólar forte limitando ganhos', 'Enfraquecimento do dólar', 'Temores de recessão global e fortalecimento do dólar', 'Dólar mais fraco frente a outras moedas']",-1.106398994626415,0.5228417148728168,0.9716118303833015,-0.7132667514183672,,
9,Evolução das tensões e negociações entre Rússia e Ucrânia impacta o cenário geopolítico e econômico.,BRENT,13,"['Tensões geopolíticas entre Rússia e Ucrânia', 'Redução das tensões geopolíticas entre Rússia e Ucrânia', 'Redução das tensões entre Rússia e Ucrânia', 'Escalada das tensões entre Rússia e Ucrânia', 'Invasão da Ucrânia pela Rússia', 'Escalada da guerra entre Rússia e Ucrânia', 'Escalada do conflito Rússia-Ucrânia', 'Progresso nas negociações entre Rússia e Ucrânia', 'Expectativa de progresso nas negociações entre Rússia e Ucrânia', 'Otimismo com negociações de paz entre Rússia e Ucrânia', 'Negociações de cessar-fogo entre Rússia e Ucrânia', 'Progresso nas negociações de paz entre Rússia e Ucrânia', 'Tensões geopolíticas envolvendo Rússia e Europa']",-0.21174251443057304,,,,,
10,Incertezas sobre o retorno das exportações de petróleo do Irã devido às negociações nucleares impactam as expectativas de oferta no mercado.,BRENT,10,"['Possível retorno da oferta de petróleo do Irã', 'Expectativa de retomada das exportações de petróleo do Irã', 'Expectativa de retorno do petróleo iraniano ao mercado', 'Incertezas sobre o retorno do petróleo iraniano ao mercado', 'Operadores mais otimistas de que o mercado pode absorver eventual aumento de oferta do petróleo iraniano, caso haja acordo nuclear.', 'Expectativas de que um novo acordo nuclear com o Irã era menos provável do que na semana anterior, reduzindo temores de aumento imediato da oferta.', 'Extensão do acordo de monitoramento entre Irã e a ONU, indicando que as negociações ainda não resultaram em aumento de oferta iraniana.', 'Atraso nas negociações nucleares com o Irã', 'expectativas de avanço nas negociações nucleares entre EUA e Irã', 'alívio nas tensões geopolíticas entre Irã e Israel']",-0.06221446580587475,0.9046523129461924,0.3572978316424765,0.0799266223723828,,
11,Realização de lucros após variações significativas nos preços dos ativos.,BRENT,5,"['realização de lucros', 'realização de lucros após altas recentes', 'Realização de lucros após altas anteriores', 'Movimento de realização de lucros após quedas acumuladas na semana anterior (quase 7,5%).', 'Realização de lucros após forte alta recente']",-5.131538771137788,3.7037005595435075,,,,
12,Tensões e ataques no Mar Vermelho elevam preocupações sobre a oferta e o comércio global.,BRENT,3,"['Tensões geopolíticas no Mar Vermelho', 'Ataques a navios no Mar Vermelho', 'Preocupações com oferta devido a ataques no Mar Vermelho']",2.516179330461521,-1.0773470045361628,0.18065745356614937,-2.537055473429076,-1.4927330116985038,
13,Preocupações com restrições e interrupções na oferta global devido à guerra na Ucrânia e tensões geopolíticas.,BRENT,15,"['volatilidade devido à guerra na Ucrânia', 'Guerra na Ucrânia', 'Temores de interrupção no fornecimento russo devido à guerra na Ucrânia', 'Temores de interrupção de oferta devido à guerra na Ucrânia', 'Preocupações com oferta global devido à guerra na Ucrânia', 'Temores de interrupção na oferta devido à guerra na Ucrânia', 'Temores de restrição de oferta devido à guerra na Ucrânia', 'Preocupações com restrições à oferta devido à guerra na Ucrânia', 'Preocupações com restrição de oferta devido à guerra na Ucrânia', 'Temores de recessão e possível aumento de oferta russa', 'Preocupações com restrições à oferta russa', 'Preocupações com oferta devido a sanções ao petróleo russo', 'Preocupações com oferta devido ao terremoto na Turquia e restrições russas', 'Preocupações com oferta devido a tensões geopolíticas', 'Preocupações com a oferta devido a tensões geopolíticas']",2.81233083805036,-1.9211035860314827,,,,
14,Sanções e restrições ao petróleo russo geram incertezas e impacto na oferta e nos preços globais do mercado de petróleo.,BRENT,17,"['Sanções econômicas à Rússia afetando o mercado de petróleo', 'Temores de sanções e restrições à oferta de petróleo russo', 'Possibilidade de sanções ao petróleo russo devido à guerra na Ucrânia', 'Banimento das importações de petróleo russo pelos EUA', 'Possíveis sanções ao petróleo russo', 'expectativa de novas sanções contra a Rússia', 'ameaça de corte de exportações russas', 'Temores de sanções europeias ao petróleo russo', 'Temores de embargo europeu ao petróleo russo', 'Anúncio da UE sobre embargo ao petróleo russo', 'Acordo da União Europeia para banir petróleo russo', 'Possível suspensão da Rússia do acordo da Opep+', 'Incertezas sobre o teto de preços do petróleo russo', 'Início do teto de preços do G7 sobre petróleo russo', 'Redução adicional de exportações de petróleo pela Rússia', 'Sanções dos Estados Unidos contra as petroleiras russas Rosneft e Lukoil', 'Temores de restrição na oferta global de petróleo devido à dificuldade de escoamento do petróleo russo']",2.81556961400785,-1.5250867619518558,-0.48528917648822933,-1.8591910540062748,,
15,Movimento técnico de realização de lucros,BRENT,2,"['Movimentos técnicos', 'Movimento técnico de realização de lucros']",-4.149125767914311,0.580299469298776,,,,
16,"Preocupações com desequilíbrios entre oferta e demanda globais, especialmente devido a fatores econômicos e sanitários.",BRENT,45,"['Preocupações com restrições de viagens e demanda global', 'Preocupações com demanda devido à pandemia', 'preocupações com aumento da oferta', 'incertezas sobre demanda devido à COVID-19', 'preocupações com demanda devido à Covid-19', 'Preocupações com demanda global e lockdowns', 'Preocupações com oferta restrita e estoques baixos', 'Preocupações com restrição de oferta global', 'Preocupações com lockdowns na China', 'Preocupações com restrições de oferta global', 'Preocupações com oferta global', 'preocupações com oferta global', 'Preocupações com restrições de oferta', 'preocupações com recessão global', 'Preocupações com recessão global e demanda enfraquecida', 'Preocupações com a demanda global após dados fracos da China', 'Preocupações com demanda global', 'Preocupações com a demanda chinesa', 'Preocupações com demanda na China devido à COVID-19', 'Preocupações com demanda global devido à COVID-19 na China', 'Preocupações com a demanda chinesa devido à COVID-19', 'Preocupações com restrições de Covid-19 na China', 'Preocupações com demanda global e economia chinesa', 'Preocupações com a demanda global', 'Preocupações com a demanda global e dados econômicos fracos', 'preocupações com a demanda global', 'Preocupações com a demanda global, especialmente da China', 'preocupações com a demanda global após dados econômicos dos EUA', 'Preocupações com a demanda global, especialmente na China', 'Preocupação com excesso de oferta global', 'Preocupações com excesso de oferta', 'Temores de excesso de oferta', 'preocupações com demanda chinesa', 'Preocupações com demanda global mais fraca', 'Preocupações com demanda global e dados econômicos dos EUA', 'Preocupações com excesso de oferta no mercado global', 'preocupações com excesso de oferta', 'preocupação com excesso de oferta', 'Preocupações com oferta restrita', 'preocupações com demanda global', 'Excesso de oferta global', 'temores de excesso de oferta', 'preocupações com demanda global enfraquecida', 'Preocupações com a oferta', 'preocupações com oferta']",-2.2517017471840406,-0.21194493851626472,-0.07614471073105926,-0.3558095439540578,0.13816334995195345,1.8620061424358563
17,Ataques a instalações petrolíferas impactam a oferta global de petróleo.,BRENT,2,"['Ataques a instalações petrolíferas na Arábia Saudita', 'ataques a instalações de petróleo na Rússia']",5.066470523180086,-0.4743806128284096,,,,
18,Eventos climáticos extremos nos EUA causam interrupções na produção.,BRENT,5,"['Interrupção da produção devido ao frio extremo nos EUA', 'Interrupção de produção devido ao frio extremo nos EUA', 'Impacto do furacão Ida na produção americana', 'Interrupções na produção dos EUA após o furacão Ida', 'Impacto do furacão Ida na produção']",1.9264815725224083,0.1500565738283844,0.12242733679131401,,,
19,Expectativas e decisões da Opep+ sobre cortes ou ajustes na produção impactam a oferta global de petróleo.,BRENT,65,"['Expectativa de cortes de produção pela Opep+', 'Expectativa de extensão dos cortes de produção pela OPEP+', 'Cortes de produção pela Opep+', 'Cortes de produção da Opep+', 'Cortes de produção pela OPEP+', 'restrições na oferta devido a cortes da OPEP+', 'Expectativa de manutenção dos cortes de produção pela OPEP+', 'Expectativa de manutenção dos cortes de produção pela Opep+', 'Decisão da Opep+ de manter cortes de produção', 'restrições de oferta pela OPEP+', 'Decisão da OPEP+ de elevar produção', 'Decisão da Opep+ sobre produção', 'Restrições de oferta pela OPEP+', 'Incertezas sobre decisão da OPEP+', 'Impasse na reunião da OPEP+', 'Incerteza sobre acordo de produção da OPEP+', 'Impasse nas negociações da OPEP+', 'Incertezas sobre o acordo de produção da OPEP+', 'Incerteza sobre acordo da OPEP+', 'Acordo da OPEP+ para aumento da produção', 'Decisão da Opep+ de manter aumento gradual da produção', 'Expectativa de manutenção da produção pela OPEP+', 'Decisão da OPEP+ de manter aumento gradual da produção', 'Expectativa pela reunião da Opep+', 'Expectativa pela decisão da OPEP+', 'expectativa pela reunião da OPEP+', 'Incertezas sobre a oferta da OPEP+', 'Expectativa pela reunião da OPEP+', 'Expectativa de restrição de oferta pela OPEP+', 'Sinalização da OPEP+ sobre cortes de produção', 'Expectativa sobre decisão da OPEP+', 'Expectativa de corte de produção pela Opep+', 'Expectativa de corte de produção pela OPEP+', 'Expectativa de corte significativo de produção pela Opep+', 'Corte de produção anunciado pela Opep+', 'Corte de produção pela Opep+', 'Preocupações com oferta global devido a cortes da Opep+', 'Especulações sobre aumento de produção pela OPEP+', 'Corte surpresa de produção pela OPEP+', 'Expectativas de cortes de produção pela OPEP+', 'Expectativa de cortes de produção pela OPEP+', 'Cortes de oferta pela OPEP+', 'Cortes de produção da OPEP+', 'Expectativa de cortes de produção por grandes exportadores', 'Expectativa de cortes adicionais na produção por grandes exportadores', 'Cortes de produção mantidos pela OPEP+', 'Expectativas de restrição de oferta pela Opep+', 'Incerteza sobre cortes de produção da OPEP+', 'Expectativa de cortes adicionais de produção pela Opep+', 'Decepção com decisão da Opep+', 'Dúvidas sobre cortes da OPEP+', 'Tensões geopolíticas e cortes de produção da Opep+', 'Decisão da Opep+ de iniciar reversão gradual dos cortes de produção', 'Expectativa de cortes de oferta pela OPEP+', 'expectativas de cortes de produção', 'Cortes de produção por países da OPEP+', 'Expectativa de intervenção da OPEP+', 'Expectativa de cortes na produção da OPEP+', 'Manutenção dos cortes de produção pela OPEP+', 'Expectativa de cortes na produção pela OPEP+', 'Sinais de restrição de oferta pela OPEP+', 'Expectativa de aumento de produção pela Opep+', 'sinais de cortes de produção pela OPEP+', 'Expectativas de cortes na produção da OPEP', 'Cortes de produção anunciados por países da OPEP+']",1.0521894797958788,0.2617185519546627,1.0015071987125748,-0.9557752598042775,-0.9708748787777668,-0.7445997275838491
20,Relação entre oferta restrita ou demanda limitada impacta o equilíbrio de mercado.,BRENT,3,"['Perspectiva de oferta restrita e demanda forte', 'Expectativas de oferta restrita no mercado global', 'Demanda limitada e estoques elevados']",0.9577377608630031,1.970483117254162,,,,
21,Cenário macroeconômico positivo impulsiona expectativas de mercado.,BRENT,2,"['otimismo macroeconômico', 'movimentos macroeconômicos favoráveis']",3.385594771497976,,,,,
22,Incertezas sobre crises bancárias nos EUA e Europa reduzem o apetite por risco dos investidores.,BRENT,5,"['Temores de crise bancária nos EUA', 'Temores de crise bancária nos EUA e Europa', 'Temores de crise bancária global', 'Crise bancária nos EUA e Europa', 'Cenário externo turbulento, incluindo incertezas relacionadas ao Federal Reserve dos EUA, que afetaram o apetite por risco dos investidores']",-3.201147846833939,1.2430341360066492,0.8376189114799679,-0.7286505100364559,,
23,A demanda nos Estados Unidos permanece forte e resistente.,BRENT,1,['demanda resiliente nos EUA'],2.355633299816305,-1.4203074934920883,-0.773748450024768,,,
24,Cortes de produção de petróleo pela Arábia Saudita e aliados impactam o mercado global.,BRENT,8,"['Corte voluntário de produção pela Arábia Saudita', 'Corte de produção anunciado pela Arábia Saudita', 'Cortes de produção pela Arábia Saudita', 'Expectativas de produção estável pela Arábia Saudita', 'Sinalização da Arábia Saudita sobre cortes de produção da Opep+', 'Extensão dos cortes de produção pela Arábia Saudita', 'Cortes de produção pela Arábia Saudita e Rússia', 'Cortes de produção anunciados por Arábia Saudita e Rússia']",3.31481414526175,-0.7917015470437838,,,,
25,Commodities energéticas registram alta expressiva nos mercados internacionais.,BRENT,1,"['Forte avanço das commodities energéticas no mercado internacional, com Brent e WTI disparando mais de 4% durante o dia']",2.0711031703916785,,,,,
26,Aproximação do furacão Ida no Golfo do México,BRENT,1,['Aproximação do furacão Ida no Golfo do México'],2.293509582689186,0.9766255071133875,,,,
27,Aumento dos casos de COVID-19,BRENT,8,"['Aumento de casos de COVID-19', 'Aumento de casos de COVID-19 na Europa', 'Aumento de casos de COVID-19 na Índia', 'Aumento dos casos de COVID-19 na Índia', 'Aumento de casos de COVID-19 na Ásia', 'Temores sobre aumento de casos de COVID-19 na Ásia', 'Aumento dos casos de COVID-19', 'Aumento de casos de Covid-19 na China']",-2.845540212708877,0.2917198452332751,1.0856254860968286,-0.6958086223351648,,
28,Tensões e desdobramentos do conflito Israel-Hamas impactam o cenário econômico e de mercados.,BRENT,4,"['Conflito Israel-Hamas', 'Escalada do conflito Israel-Hamas', 'Redução dos temores de escalada no conflito Israel-Hamas', 'Conflito entre Israel e Hamas']",2.9093953285322547,-0.9657495618181562,,,,
29,Expectativa ou anúncio de liberação de reservas estratégicas de petróleo pelos EUA e outros grandes consumidores.,BRENT,10,"['Expectativa de liberação de reservas estratégicas americanas', 'Expectativa de liberação de reservas estratégicas dos EUA', 'Possível liberação de reservas estratégicas por grandes consumidores', 'Expectativa de liberação de reservas estratégicas de petróleo', 'Liberação coordenada de reservas estratégicas por EUA e outros países', 'expectativa de liberação de reservas estratégicas', 'Expectativa de liberação de reservas estratégicas', 'Anúncio dos EUA de liberação de reservas estratégicas', 'Anúncio dos EUA de liberação de 1 milhão de barris por dia de suas reservas estratégicas', 'Liberação de reservas estratégicas de petróleo pelos EUA']",-3.5570686819130644,2.0173467007369945,-0.8276754391815284,,,
30,Ajustes técnicos de mercado refletem reposicionamentos de investidores sem relação direta com fundamentos econômicos.,BRENT,4,"['ajustes técnicos de mercado', 'ajustes de posição de investidores', 'Ajustes de mercado', 'Ajustes técnicos de mercado']",-1.2811732521013537,0.580299469298776,,,,
31,Bloqueio do Canal de Suez,BRENT,1,['Bloqueio do Canal de Suez'],5.954931225634163,,,,,
32,Ajuste técnico após quedas recentes,BRENT,1,['Ajuste técnico após quedas recentes'],4.152855005306472,,,,,
33,Diminuição das preocupações com a estabilidade do setor bancário.,BRENT,2,"['Alívio nas preocupações com o setor bancário', 'redução dos temores sobre o setor bancário']",3.1236732446838493,0.6784418339259005,-0.4704421352875447,1.2646881441078421,,
34,Preocupação com o impacto econômico de novas restrições de mobilidade devido à COVID-19 na Europa.,BRENT,4,"['Novas restrições de mobilidade na Europa', 'Novas restrições de mobilidade em grandes economias', 'Novos lockdowns na Europa', 'Temores de novas restrições por COVID-19 na Europa']",-2.6055497401888577,1.0267430154144912,,,,
35,Ausência de notícias relevantes,BRENT,1,['Ausência de notícias relevantes'],,,,,,
36,Tensões comerciais entre EUA e China impactam o cenário econômico global.,BRENT,2,"['Tensões comerciais internacionais, especialmente entre EUA e China', 'Tensões comerciais entre EUA e China, com ameaça de novas tarifas']",-3.1596583925857775,1.3607013681709235,,,,
37,Decisões e expectativas do Federal Reserve sobre juros influenciam o mercado.,BRENT,9,"['Decisão do Fed sobre juros e expectativas de demanda', 'Expectativa de alta de juros pelo Fed', 'Decisão do Fed sobre política monetária', 'Aumento dos juros pelo Federal Reserve', 'Aumento das taxas de juros por bancos centrais', 'Decisão do Fed em linha com o esperado', 'Sinalização do Fed de ritmo mais lento de alta de juros', 'Alta dos juros pelo Fed', 'Expectativa de cortes de juros pelo Fed']",1.0395504931956776,1.0969499611255606,,,,
38,Restrições de mobilidade reduzem a demanda por petróleo.,BRENT,3,"['Possíveis restrições de viagens e impacto na demanda', 'Possibilidade de novas restrições de mobilidade e queda na demanda por petróleo', 'Possibilidade de restrições de mobilidade e impacto na demanda']",-2.1753362335767528,,,,,
39,Diminuição das tensões e riscos geopolíticos no Oriente Médio.,BRENT,7,"['redução do risco geopolítico no Oriente Médio', 'Tensões geopolíticas no Oriente Médio', 'Redução dos temores de interrupção de oferta no Oriente Médio', 'Redução dos riscos geopolíticos no Oriente Médio', 'Redução dos temores geopolíticos no Oriente Médio', 'redução dos riscos geopolíticos no Oriente Médio', 'tensões geopolíticas no Oriente Médio']",-1.2943497455769883,-0.539343923673583,-0.773748450024768,,,
40,Baixo volume de negociações pós-feriado,BRENT,2,"['baixo volume típico de fim de ano', 'Baixo volume de negociações pós-feriado']",0.29395019988930626,-0.1043757454298,-1.581923555671351,-1.7221565054628178,-1.4927330116985038,
41,Riscos de interrupção na produção de petróleo na Líbia impactam o mercado.,BRENT,3,"['Interrupções de produção na Líbia', 'Interrupção de produção na Líbia', 'expectativas de restrições na produção da Líbia']",2.688674358694237,0.07475409602329738,,,,
42,Cobertura de posições vendidas após forte queda,BRENT,1,['Cobertura de posições vendidas após forte queda'],5.033831047216453,0.5539813063131026,3.6899386813708865,,,
43,Nova variante do coronavírus no Reino Unido impacta expectativas econômicas e de mercado.,BRENT,1,['Nova variante do coronavírus no Reino Unido'],-2.5832348210482827,,,,,
44,Projeções de preço do Brent estão sendo revisadas para baixo devido a ajustes de produção.,BRENT,2,"['Revisões para baixo nas projeções de preço do Brent por órgãos e analistas', 'Ajustes de produção e revisões para baixo nas projeções de preço do Brent']",-2.496628942080961,-0.058304120106238866,0.6551211432643431,1.4566906232575825,-0.030554868012758928,1.222311824384735
45,Preocupações com o impacto de variantes da Covid-19 na demanda e nos mercados.,BRENT,12,"['Preocupações com nova variante da COVID-19', 'Temores sobre impacto da variante Delta na demanda', 'Temores sobre a variante Delta da Covid-19', 'Temores sobre impacto da variante Delta na demanda global', 'Temores sobre demanda devido à variante Delta', 'Temor sobre a variante Ômicron da Covid-19', 'Temores sobre a variante Ômicron da Covid-19', 'Temores sobre a variante Ômicron', 'Menor temor sobre impacto da variante Ômicron', 'Menor preocupação com a gravidade da variante Ômicron', 'Menor temor sobre impacto da Ômicron', 'temores sobre a variante Ômicron']",-1.0809142821795097,1.1402302073330683,,,,
46,Confiança dos investidores impulsiona expectativas positivas no mercado.,BRENT,1,['otimismo dos investidores'],,,,,,
47,Alta demanda global por energia,BRENT,1,['Alta demanda global por energia'],2.497481568391056,,,,,
48,Queda nas mortes por COVID-19 na Índia impulsiona expectativas de recuperação da demanda.,BRENT,1,"['Redução nas mortes por COVID-19 na Índia, reforçando expectativas de recuperação da demanda.']",3.0403319819981207,,,,,
49,Aperto monetário do Federal Reserve,BRENT,1,['Aperto monetário do Federal Reserve'],-1.9994668983214823,-2.7203483287816743,,,,
0,"Expectativas e temores sobre inflação, juros e estímulos econômicos nos EUA influenciam os mercados.",EXXO34,10,"['Otimismo com estímulos econômicos nos EUA', 'Expectativas de estímulos econômicos nos EUA', 'Temores de inflação e possível aperto monetário nos EUA', 'expectativa de alta de juros nos EUA', 'Temores sobre política monetária mais restritiva nos EUA', 'Expectativa de alta dos juros nos EUA', 'Temores sobre inflação e juros nos EUA', 'temor de alta de juros nos EUA', 'Inflação dos EUA abaixo do esperado', 'Alívio nas preocupações com inflação nos EUA']",-0.5492202661324915,0.25997708296085403,0.8419899985763699,0.417451960548859,-0.6298873588874275,
1,Expectativa de crescimento da demanda global de energia.,EXXO34,6,"['Perspectiva positiva para demanda global de energia', 'Perspectiva de aumento da demanda global por energia', 'Expectativas positivas para demanda global', 'Perspectiva de maior demanda global por energia', 'Perspectiva de aumento da demanda global', 'Otimismo com demanda global de energia']",3.2590130387532645,0.6964131668199985,,,,
2,O mercado internacional de energia e petróleo é marcado por otimismo e oscilações.,EXXO34,3,"['Otimismo do mercado internacional de petróleo', 'Otimismo do mercado internacional de energia', 'Oscilação do mercado internacional de energia']",2.436384589279072,,,,,
3,"Incertezas econômicas globais devido a riscos de recessão, inflação e juros.",EXXO34,5,"['Temores globais sobre inflação e juros', 'Temores de recessão global', 'Preocupações com recessão global', 'temores de recessão global', 'Preocupações com a demanda global e risco de recessão']",-3.05276470102018,4.268953724392576,,,,
4,Variações no desempenho das ações e nos resultados financeiros da Exxon Mobil impactam suas perspectivas de mercado nos EUA e no exterior.,EXXO34,44,"['Alta das ações da Exxon Mobil nos EUA', 'Resultados trimestrais positivos da Exxon Mobil', 'Resultados financeiros positivos da Exxon Mobil', 'Queda das ações da Exxon Mobil nos EUA', 'Desempenho negativo das ações da Exxon Mobil nos EUA', 'Expectativa de bons resultados trimestrais da Exxon Mobil', 'Desempenho positivo das ações da Exxon Mobil nos EUA', 'Valorização das ações da Exxon Mobil nos EUA', 'Queda nas ações da Exxon Mobil nos EUA', 'Divulgação de resultados trimestrais positivos da Exxon Mobil', 'Resultados trimestrais fortes da Exxon Mobil', 'Valorização das ações da Exxon Mobil no exterior', 'Valorização dos ADRs da Exxon Mobil nos EUA', 'Divulgação de resultados trimestrais positivos da ExxonMobil', 'Divulgação de resultados financeiros positivos da Exxon Mobil', 'Queda das ações da Exxon Mobil no mercado americano', 'Resultados trimestrais acima do esperado da ExxonMobil', 'Otimismo com resultados recentes da ExxonMobil', 'Acompanhamento do desempenho positivo das ações da Exxon Mobil nos EUA', 'Valorização dos ADRs da Exxon Mobil', 'Resultados trimestrais da Exxon Mobil abaixo das expectativas', 'Queda das ações da ExxonMobil nos EUA', 'Alta das ações da Exxon Mobil no exterior', 'Alta das ações da Exxon Mobil no mercado internacional', 'queda das ações da Exxon Mobil nos EUA', 'Desvalorização das ações da Exxon Mobil nos EUA', 'Perspectiva de bons resultados trimestrais da Exxon Mobil', 'Desvalorização das ações da Exxon Mobil no exterior', 'Desvalorização das ações da Exxon Mobil no mercado internacional', 'Valorização das ações da Exxon Mobil no mercado internacional', 'Perspectivas positivas para a ExxonMobil após divulgação de relatório de analistas', 'Queda das ações da Exxon Mobil no exterior', 'Otimismo com resultados da Exxon Mobil', 'Divulgação de resultados operacionais positivos da Exxon Mobil', 'Alta das ações da ExxonMobil nos EUA', 'Acompanhamento do desempenho positivo das ações da Exxon Mobil no exterior', 'Desempenho negativo das ações da Exxon Mobil no exterior', 'Desempenho positivo da Exxon Mobil no exterior', 'Desempenho positivo das ações da Exxon Mobil no exterior', 'Resultados trimestrais positivos da ExxonMobil', 'Perspectiva positiva para resultados da ExxonMobil', 'Perspectiva positiva para resultados trimestrais da Exxon Mobil', 'Resultados financeiros positivos da ExxonMobil', 'Acompanhamento do desempenho das ações da Exxon Mobil no exterior']",1.224061295748178,-0.6745825152557732,-0.24074547940091326,-0.7786489545489255,,
5,Investidores realizam lucros após valorização do setor de energia.,EXXO34,6,"['realização de lucros no setor de energia', 'Realização de lucros no setor de energia', 'Movimento global de realização de lucros no setor de energia', 'Movimento de realização de lucros no setor de energia', 'Valorização do setor de energia', 'Variação do setor de energia']",-1.6826264378974234,1.2915213280101057,-0.31296782975331994,,,
6,Mercados globais apresentam desempenho negativo devido ao sentimento pessimista dos investidores.,EXXO34,2,"['Desempenho negativo das bolsas globais', 'Sentimento negativo nos mercados globais']",-2.260760700730846,0.12119260923022113,,,,
7,Variações nos preços internacionais do petróleo impactam o mercado econômico.,EXXO34,28,"['Alta dos preços do petróleo', 'Queda nos preços do petróleo', 'Alta nos preços do petróleo', 'Alta do petróleo', 'queda nos preços internacionais do petróleo', 'Alta nos preços internacionais do petróleo', 'Queda do preço do petróleo', 'Alta do preço do petróleo', 'Queda nos preços internacionais do petróleo', 'Alta do preço internacional do petróleo', 'Alta dos preços internacionais do petróleo', 'Recuperação dos preços do petróleo', 'Queda do preço internacional do petróleo', 'queda dos preços do petróleo', 'Alta nos preços do petróleo e gás', 'Volatilidade nos preços do petróleo', 'queda nos preços do petróleo', 'Queda dos preços internacionais do petróleo', 'Queda dos preços do petróleo', 'Valorização dos preços do petróleo', 'Alta do preço do petróleo no mercado internacional', 'Queda do preço do petróleo no mercado internacional', 'Queda acentuada nos preços do petróleo', 'Alta do petróleo no mercado internacional', 'queda do preço internacional do petróleo', 'Valorização do petróleo', 'Desvalorização do petróleo no mercado internacional', 'Valorização do petróleo no mercado internacional']",-0.5130644649693388,0.5556981354520142,1.2737026370606666,-0.16151152978282468,-0.015037895922352287,
8,A variante Ômicron gerou preocupações globais que impactaram os mercados.,EXXO34,4,"['Temor global com a variante Ômicron', 'Alívio dos temores sobre a variante Ômicron', 'Temores sobre a variante Ômicron', 'Preocupações globais com a variante Ômicron']",-1.643228346176802,0.7064051780435602,,,,
9,O mercado demonstra otimismo generalizado e expectativas positivas para o setor de energia.,EXXO34,21,"['Otimismo global com o setor de energia', 'Perspectiva positiva para empresas de energia', 'Perspectiva positiva para o setor de energia', 'Otimismo com resultados trimestrais do setor de energia', 'Otimismo global com setor de energia', 'Expectativas positivas para o setor de energia', 'Perspectiva de maiores receitas para empresas de energia', 'Otimismo com empresas do setor de energia', 'Otimismo com o setor de energia', 'Otimismo com resultados do setor de energia', 'Expectativa positiva para resultados trimestrais do setor de energia', 'Otimismo com o setor de energia nos EUA', 'Otimismo do mercado com o setor de energia', 'Otimismo global com empresas de energia', 'Otimismo com o setor de energia global', 'Otimismo dos investidores com o setor de energia', 'Otimismo geral no setor de energia', 'Otimismo com o setor de energia globalmente', 'Otimismo com o setor de energia e petróleo', 'Otimismo com o setor de energia devido à alta do petróleo', 'Otimismo global com empresas do setor de energia']",3.0395506384129924,-0.6193374571159259,-0.2645929017914542,-0.36571252130272536,-0.22527066178504673,-0.6413477867507178
10,"Aversão ao risco impacta negativamente os mercados globais, especialmente nos setores de energia e commodities.",EXXO34,11,"['Aversão ao risco nos mercados globais', 'Movimento de aversão a risco global no setor de energia', 'Aversão ao risco em mercados globais', 'Movimento global de aversão a risco em commodities', 'Movimento global de aversão a risco no setor de energia', 'Aversão global ao risco impactando mercados de energia', 'Movimento geral de aversão a risco no mercado global', 'Movimento de aversão ao risco em mercados globais de energia', 'Movimento de aversão ao risco no mercado global de energia', 'movimento de aversão a risco em mercados globais', 'Movimento de aversão a risco em mercados globais']",-2.8978106060161006,0.9060518074164312,,,,
11,Preocupações com a pandemia de COVID-19,EXXO34,4,"['Preocupações com a pandemia de COVID-19', 'preocupações globais com a pandemia de COVID-19', 'Preocupações com a variante Delta da Covid-19', 'Preocupações com restrições de Covid-19 na Europa']",-3.256198463866734,0.33938981117791983,,,,
12,Realização de lucros após alta recente,EXXO34,11,"['Realização de lucros após alta recente', 'Realização de lucros após alta anterior', 'realização de lucros', 'Realização de lucros por investidores', 'realização de lucros após altas recentes', 'Realização de lucros após altas anteriores', 'realização de lucros após resultados trimestrais', 'Realização de lucros após divulgação de resultados trimestrais globais', 'Realização de lucros após divulgação de resultados recentes', 'realização de lucros após altas anteriores', 'realização de lucros após alta anterior']",-2.6822173811352727,0.7076627920438106,,,,
13,Perspectiva positiva para o crescimento do setor de petróleo impulsionada por expansão operacional e estímulos econômicos.,EXXO34,2,"['Otimismo com estímulos econômicos e recuperação do petróleo', 'Otimismo com expansão das operações e reservas de petróleo']",2.321687031636409,-1.0166708361984624,,,,
14,Divulgação de dados operacionais favoráveis impulsiona a percepção de desempenho econômico.,EXXO34,2,"['Divulgação de dados operacionais positivos', 'Divulgação de dados operacionais robustos']",2.5440274988978566,1.098642281050859,,,,
15,Previsão de restrição na oferta global impacta o mercado.,EXXO34,2,"['Perspectiva de oferta restrita no mercado global', 'Expectativas de restrição de oferta global']",2.6294813317268013,,,,,
16,Falta de novidades corporativas impactando a percepção do mercado.,EXXO34,3,"['Ausência de notícias positivas sobre a empresa', 'Ausência de eventos corporativos relevantes', 'Ausência de notícias corporativas relevantes']",-3.10646814198454,,,,,
17,Desempenho negativo do setor de energia em âmbito global.,EXXO34,4,"['queda global das ações de energia', 'Queda global do setor de energia', 'Queda do setor de energia global', 'queda do setor de energia internacional']",-3.2633619704341386,0.8455210492545707,0.8419899985763699,0.417451960548859,-0.6298873588874275,
18,Elevação das taxas de juros pelo Federal Reserve.,EXXO34,1,['Alta dos juros pelo Federal Reserve'],-3.282830311015736,,,,,
19,Cortes de produção de petróleo pela OPEP+ impactam os preços do mercado.,EXXO34,6,"['Expectativa de cortes de produção pela OPEP+', 'Decisão da Opep+ de manter cortes de produção', 'Expectativa de corte de produção pela OPEP+', 'Alta do petróleo devido ao corte de produção da OPEP+', 'Corte de produção anunciado pela OPEP+', 'Corte de produção de petróleo pela OPEP+']",3.9062333955658985,0.6623800205567862,,,,
20,O setor de energia enfrenta desempenho e sentimento negativos nos mercados globais.,EXXO34,18,"['Desempenho negativo do setor de energia nos EUA', 'Temores de recessão global afetando o setor de energia', 'movimento negativo do setor de energia no exterior', 'Sentimento negativo no setor de energia', 'Sentimento negativo global para o setor de energia', 'Sentimento negativo no setor de energia global', 'Desempenho negativo do setor de energia nas bolsas globais', 'Movimento global de queda no setor de energia', 'Movimento global de baixa no setor de energia', 'Desempenho negativo do setor de energia globalmente', 'movimento negativo do setor de energia globalmente', 'sentimento negativo no setor de energia', 'Movimento negativo do setor de energia globalmente', 'Sentimento negativo do setor de energia global', 'Desvalorização do setor de energia globalmente', 'Sentimento negativo no mercado global de energia', 'Desempenho negativo do setor de energia global', 'Sentimento positivo para empresas do setor de energia']",-2.462485372835617,-0.37118293470340413,-0.04303705276297565,0.6907370800409288,-0.015037895922352287,
21,Lucros da ExxonMobil aumentam devido à alta nos preços do petróleo.,EXXO34,1,['Lucro recorde da ExxonMobil impulsionado por preços elevados do petróleo'],4.07367794477136,-2.686526220013929,1.5646643958349082,,,
22,movimento macroeconômico global,EXXO34,1,['movimento macroeconômico global'],,,,,,
23,Incertezas sobre a demanda global impactam os mercados.,EXXO34,7,"['Preocupações com a demanda global devido à Covid-19', 'Preocupações com a demanda global de energia', 'Preocupações com a demanda global por petróleo', 'Preocupações com demanda global', 'Preocupações com demanda global de energia', 'Preocupações com a demanda global', 'Preocupações com a demanda global por energia']",-2.7424007078199795,0.0647540977987948,,,,
24,Incertezas na China geram preocupações sobre a demanda global.,EXXO34,2,"['Preocupações com demanda devido à Covid-19 na China', 'Preocupações com a demanda global devido à situação na China']",-7.34817880978664,,,,,
25,Oscilação normal de mercado,EXXO34,2,"['Oscilação normal de mercado', 'Oscilação do mercado']",,,,,,
26,Otimismo com a recuperação econômica e da demanda em âmbito global.,EXXO34,8,"['Otimismo com recuperação econômica global', 'Expectativas de recuperação econômica global', 'Expectativa de recuperação econômica global', 'Perspectiva de recuperação econômica global', 'Otimismo com a reabertura econômica global', 'Expectativa de recuperação da demanda global', 'Otimismo global com recuperação econômica', 'Expectativas de recuperação da demanda global']",3.1546016508378947,-0.44546677635083043,,,,
27,Preocupações com o setor bancário internacional,EXXO34,1,['Preocupações com o setor bancário internacional'],-4.592257638180858,-1.0346574218240667,,,,
28,Resultados trimestrais superam expectativas do mercado.,EXXO34,3,"['Resultados trimestrais acima do esperado', 'Divulgação de resultados trimestrais acima do esperado', 'Expectativas otimistas para resultados trimestrais']",3.5219447798720354,0.7837598890824332,,,,
29,Conflito geopolítico entre Rússia e Ucrânia impacta mercados.,EXXO34,3,"['Tensões geopolíticas Rússia-Ucrânia', 'Tensões geopolíticas entre Rússia e Ucrânia', 'Tensões geopolíticas envolvendo Rússia e Ucrânia']",1.7333039753700517,3.7280548912773783,,,,
30,A Exxon Mobil anunciou a aquisição da Pioneer Natural Resources.,EXXO34,1,['Anúncio de aquisição da Pioneer Natural Resources pela Exxon Mobil'],2.3706399147537596,-1.0166708361984624,,,,
31,Elevação dos estoques de petróleo nos EUA impacta o mercado energético.,EXXO34,1,['Aumento dos estoques de petróleo nos EUA'],-4.534613290051148,,,,,
32,Incertezas geopolíticas e lockdowns na China impactam os mercados.,EXXO34,1,['Incertezas geopolíticas e lockdowns na China'],-3.7460317460317456,,,,,
33,Queda das bolsas globais,EXXO34,1,['Queda das bolsas globais'],-6.426517845760231,,,,,
34,Expectativa positiva para o desempenho de commodities e ações nos mercados globais.,EXXO34,2,"['Otimismo global nos mercados de ações', 'Otimismo global com commodities']",3.737450743236376,,,,,
35,O Fed sinaliza postura rígida na política monetária em Jackson Hole.,EXXO34,1,['Discurso hawkish do Fed em Jackson Hole'],-2.407746045006551,1.9914616207044533,,,,
36,Fatores macroeconômicos impactam o desempenho dos mercados.,EXXO34,1,['Influência de fatores macroeconômicos'],-1.9211939199365449,,,,,
37,Retomada das exportações de petróleo do Irã.,EXXO34,1,['Possível retomada das exportações de petróleo do Irã'],-2.8787436941720923,,,,,
38,Valorização do dólar em resposta a decisões do Federal Reserve.,EXXO34,1,['Apreciação do dólar após decisão do Federal Reserve dos EUA'],-3.575383824855656,,,,,
39,Queda generalizada nos mercados globais,EXXO34,1,['Queda generalizada nos mercados globais'],-3.282830311015736,,,,,
40,Impactos econômicos decorrentes da reação negativa do mercado internacional de petróleo.,EXXO34,1,['Reação negativa do mercado internacional de petróleo'],-3.089739751412503,1.3890911343840358,,,,
41,Alta dos preços do petróleo devido à guerra na Ucrânia,EXXO34,1,['Alta dos preços do petróleo devido à guerra na Ucrânia'],3.510970306395342,,,,,
42,Volatilidade nos mercados globais devido à guerra na Ucrânia e decisão do Fed sobre juros,EXXO34,1,['Volatilidade nos mercados globais devido à guerra na Ucrânia e decisão do Fed sobre juros'],-2.4548534355471574,,,,,
43,Grandes petrolíferas enfrentam riscos devido a incertezas regulatórias e ambientais.,EXXO34,1,['Incertezas regulatórias e ambientais sobre grandes petrolíferas'],-2.3215180439756105,0.7965076473415612,,,,
44,Avanço diplomático entre Rússia e Ucrânia pode impactar mercados.,EXXO34,1,['Possível avanço diplomático entre Rússia e Ucrânia'],-7.173837072959886,,,,,
45,O conflito Rússia-Ucrânia aumenta a demanda por empresas de energia.,EXXO34,1,['Conflito Rússia-Ucrânia elevando demanda por empresas de energia'],4.087997325728822,,,,,
46,ajustes no setor de energia global,EXXO34,1,['ajustes no setor de energia global'],-3.0016144245219376,,,,,
47,Cortes de produção pela Arábia Saudita,EXXO34,1,['Cortes de produção pela Arábia Saudita'],3.616294369903053,,,,,
48,Expectativa positiva em relação ao desempenho financeiro trimestral das empresas do setor.,EXXO34,1,['Otimismo com resultados trimestrais de empresas do setor'],2.694492521218136,0.012860276573465772,,,,
49,Incertezas sobre o efeito da variante Delta na demanda mundial.,EXXO34,1,['Temores sobre impacto da variante Delta na demanda global'],-2.4656451722699013,,,,,
0,Alívio no mercado devido à redução de incertezas políticas e maior previsibilidade.,PETR4,3,"['Alívio nas tensões políticas no Brasil', 'Alívio pós-eleições presidenciais', 'Alívio com maior previsibilidade na gestão da empresa']",3.4143215203294113,-0.716579977171812,,,,
1,Variações nos preços internacionais do petróleo impactam diretamente o mercado e o setor econômico global.,PETR4,39,"['Alta nos preços internacionais do petróleo', 'Queda do preço internacional do petróleo', 'Alta do preço do petróleo', 'queda nos preços internacionais do petróleo', 'Queda nos preços internacionais do petróleo', 'Alta dos preços internacionais do petróleo', 'Alta do preço internacional do petróleo', 'Queda dos preços internacionais do petróleo', 'queda do preço do petróleo', 'alta do petróleo no mercado internacional', 'Queda nos preços do petróleo', 'queda do preço internacional do petróleo', 'queda nos preços do petróleo', 'O preço do petróleo Brent subiu 41% em 2021, atingindo em junho o maior valor em dois anos, com o barril fechando a US$ 74,39 em 16/06/2021 e a US$ 74,49 em 21/06/2021.', 'A alta do petróleo reflete a retomada econômica global pós-pandemia, com aumento da demanda devido ao fim dos isolamentos e estímulos econômicos.', 'Queda acentuada do preço do petróleo', 'Recuperação dos preços do petróleo', 'queda dos preços internacionais do petróleo', 'Alta volatilidade e incerteza nos preços do petróleo', 'volatilidade nos preços internacionais do petróleo', 'Volatilidade nos preços internacionais do petróleo', 'Queda das cotações internacionais do petróleo', 'Queda do preço do petróleo', 'Alta do petróleo no mercado internacional', 'Alta do petróleo', 'Alta nos preços do petróleo', 'Aumento dos estoques de petróleo nos EUA', 'Alta dos preços do petróleo', 'Queda acentuada do preço do petróleo Brent, que atingiu mínimas de quatro anos e ficou abaixo de US$ 60/barril', 'Revisão para baixo do preço-alvo de PETR4 por analistas, refletindo premissas mais conservadoras para o preço do Brent', 'Cenário internacional favorável ao setor de petróleo', 'Estabilidade nos preços internacionais do petróleo', 'Cenário de preços do petróleo Brent em queda e projeções mais cautelosas para demanda interna', 'Valorização do petróleo', 'Oscilação do preço internacional do petróleo', 'Valorização internacional do petróleo', 'Alta internacional do preço do petróleo', 'Movimento de valorização do setor de petróleo', 'Acompanhamento do desempenho internacional do petróleo']",0.12553917229114292,0.06692668229673832,1.1658460314396728,-0.36842926751570565,,
2,Resultado do primeiro turno das eleições presidenciais,PETR4,2,"['Resultado do primeiro turno das eleições presidenciais', 'Vitória de Lula nas eleições presidenciais']",-0.2437354477680369,,,,,
3,reação técnica após queda acentuada,PETR4,2,"['reação técnica após queda acentuada', 'Alívio no sentimento global de risco após queda anterior']",7.270750621931223,,,,,
4,Resultados trimestrais e expectativas do mercado influenciam a reação dos investidores.,PETR4,18,"['Divulgação de resultados trimestrais acima do esperado', 'Resultados trimestrais acima do esperado', 'Expectativa positiva sobre resultados trimestrais', 'Expectativa positiva para resultados trimestrais', 'Resultados trimestrais positivos', 'Expectativa positiva para resultados financeiros', 'Divulgação de resultados financeiros positivos', 'resultados trimestrais acima do esperado', 'Reação ao balanço trimestral', 'Divulgação de resultados trimestrais abaixo do esperado', 'Resultados trimestrais abaixo do esperado', 'Expectativa positiva com resultados trimestrais', 'Expectativas positivas para resultados trimestrais', 'Surpresa negativa para investidores', 'Surpresa negativa em relação às expectativas dos investidores', 'Resultados trimestrais acima do esperado, com lucro líquido e geração de caixa superiores às estimativas dos analistas', 'Dividendos anunciados abaixo das expectativas do mercado', 'Divulgação de resultados trimestrais positivos']",0.44564737229840584,0.4922771769716571,1.3626039276504973,-0.8042664498950154,-0.7875916761988868,-0.033137258830623816
5,Incertezas e expectativas quanto à manutenção da governança corporativa impactam a previsibilidade e a rentabilidade das empresas.,PETR4,9,"['Declarações do governo sobre governança', 'Expectativa de continuidade da governança corporativa', 'Incertezas sobre a governança e autonomia da empresa', 'Incertezas sobre governança e previsibilidade dos resultados', 'Incertezas sobre governança e previsibilidade dos lucros', 'Sinalizações do governo sobre respeito à governança', 'Expectativa de manutenção da governança corporativa', 'Incertezas sobre governança e rentabilidade futura', 'preocupações com governança corporativa']",-1.3335192736221102,2.2632691650575043,,,,
6,Otimismo ou pessimismo do mercado em relação ao cenário macroeconômico global e brasileiro.,PETR4,12,"['Otimismo global com pacotes de estímulo econômico', 'Otimismo global com recuperação econômica', 'Otimismo com recuperação econômica global', 'Otimismo com a recuperação econômica global', 'Temores de recessão global', 'Reação positiva ao cenário macroeconômico global', 'Otimismo com o cenário macroeconômico brasileiro', 'Otimismo com o cenário macroeconômico global', 'Otimismo com o cenário econômico brasileiro', 'Otimismo com dados econômicos brasileiros', 'incertezas macroeconômicas globais', 'sentimento negativo do mercado global']",1.2389378017850172,-0.6146189144491253,0.4387213737993431,,,
7,Declarações de Lula sobre política de preços e responsabilidade fiscal geram preocupações sobre possível intervenção estatal no mercado.,PETR4,6,"['Temor de intervenção estatal após declarações de Lula', 'Declarações de Lula sobre política de preços e governança', 'Declarações de Lula sobre responsabilidade fiscal', 'Sinalizações de Lula sobre política de preços', 'Declarações de Lula sobre política de preços', 'Declarações de Lula sobre política de preços da Petrobras']",0.8095806304651111,-0.7165017063258328,,,,
8,Diminuição do risco de intervenção governamental nos mercados.,PETR4,3,"['Redução de temores sobre intervenção governamental', 'Alívio com menor risco de intervenção estatal imediata', 'temores de intervenção governamental']",1.2216230155476095,,,,,
9,"Expectativas e anúncios sobre o pagamento, manutenção ou revisão de dividendos impactam diretamente o interesse dos investidores e o valor de mercado das empresas.",PETR4,31,"['Resultados financeiros positivos e expectativa de distribuição de dividendos elevados.', 'Anúncio de pagamento de dividendos expressivos', 'Expectativa de pagamento de dividendos elevados, mesmo com queda do preço do Brent', 'Expectativas de dividendos elevados', 'Anúncio de pagamento de dividendos elevados', 'Anúncio de dividendos elevados', 'divulgação de dividendos extraordinários', 'Divulgação de dividendos extraordinários', 'Anúncio de dividendos extraordinários', 'Expectativas positivas sobre dividendos', 'Perspectiva de dividendos elevados', 'Expectativa de manutenção da política de dividendos', 'Expectativas positivas sobre a transição de governo e política de dividendos', 'Incertezas sobre política de preços e dividendos', 'Temor de intervenção do governo na política de dividendos', 'Expectativa de dividendos elevados', 'Incertezas sobre a governança e distribuição de dividendos', 'Preocupações com política de dividendos', 'Anúncio de dividendos', 'Anúncio de pagamento de dividendos', 'Expectativa positiva sobre dividendos', 'Redução no pagamento de dividendos', 'Expectativas sobre dividendos', 'Perspectiva de manutenção da política de dividendos', 'Anúncio de revisão da política de dividendos', 'Manutenção da política de dividendos', 'Decisão de não pagamento de dividendos extraordinários', 'Expectativa de dividendos extraordinários', 'Manutenção de recomendação de compra por analistas, com destaque para dividendos elevados e perspectiva de recuperação', 'Expectativa de pagamento de dividendos elevados no próximo trimestre, estimados em US$ 2,2 bilhões, o que atraiu investidores', 'Perspectiva de menor pagamento de dividendos extraordinários devido ao aumento de investimentos e queda do preço do petróleo']",1.418125926175188,0.21341958237439373,-0.10883956671548357,-0.2720628648761459,-0.5155834489532416,0.1255990342999074
10,"Aversão ao risco reflete a preferência dos investidores por ativos mais seguros diante de incertezas econômicas, políticas ou globais.",PETR4,14,"['Realização de lucros e aversão ao risco global devido à Covid-19', 'movimento de aversão ao risco no mercado brasileiro', 'Aversão ao risco em mercados emergentes', 'Aversão ao risco global', 'Aversão ao risco no mercado brasileiro devido a preocupações fiscais e políticas', 'Aversão global ao risco nos mercados', 'Aversão ao risco global e temores sobre a economia chinesa', 'Aversão ao risco global após dados de inflação dos EUA', 'Aversão global ao risco após decisão do Fed', 'Aversão ao risco em emergentes e commodities', 'Aversão ao risco em mercados globais', 'Aversão ao risco no mercado global', 'Aversão ao risco devido ao cenário político e fiscal brasileiro', 'movimento de aversão ao risco em mercados emergentes']",-3.194709992740584,-0.1709260038123737,1.6660247600633307,,,
11,Tendência de otimismo e maior apetite a risco impulsionam o movimento geral do mercado brasileiro.,PETR4,3,"['Movimento mais amplo de otimismo no mercado doméstico, com maior apetite a risco e alocação de capital em mercados emergentes', 'Movimento geral do mercado brasileiro', 'Movimento geral do mercado']",2.8368096722940006,1.859156524239798,0.0829444824323518,-0.0828757415774384,0.22122704534510962,1.5452618904301898
12,"Incertezas e expectativas sobre intervenção política, governança e política de preços da Petrobras impactam o mercado.",PETR4,65,"['Sinalização de troca do presidente da Petrobras por Jair Bolsonaro', 'Anúncio da substituição do presidente da Petrobras', 'Troca do presidente da Petrobras anunciada pelo governo', 'Troca recente na presidência da Petrobras', 'Intervenção do governo na presidência da Petrobras', 'Alívio após turbulências políticas na Petrobras', 'Sinalização de manutenção da política de preços da Petrobras', 'Incertezas sobre a política de preços da Petrobras', 'Confirmação do novo presidente da Petrobras', 'Posse de novo presidente da Petrobras', 'Expectativas positivas com a nova gestão da Petrobras', 'Aumento do dividendo anunciado pela Petrobras, apesar da queda no preço do petróleo Brent.', 'Resiliência financeira da Petrobras, conseguindo compensar a queda do Brent com maior produção', 'Confirmação da política de preços da Petrobras', 'Expectativas positivas sobre resultados financeiros da Petrobras', 'Expectativa positiva para resultados financeiros da Petrobras', 'Temor de intervenção do governo na política de preços da Petrobras', 'Manutenção da política de preços da Petrobras', 'Expectativas positivas sobre a política de preços da Petrobras', 'Expectativa de resultados financeiros positivos da Petrobras', 'Incertezas sobre política de preços da Petrobras', 'Anúncio de troca do presidente da Petrobras', 'Demissão do presidente da Petrobras', 'Indicação de novo presidente para a Petrobras', 'Otimismo com resultados operacionais da Petrobras', 'Indicação de Caio Paes de Andrade para presidência da Petrobras', 'Temor de intervenção política na Petrobras', 'Incertezas sobre governança da Petrobras', 'Troca na presidência da Petrobras', 'Renúncia do presidente da Petrobras', 'Posse do novo presidente da Petrobras', 'temores de intervenção governamental na Petrobras', 'Redução de incertezas políticas em relação à Petrobras', 'temores de interferência política na Petrobras', 'Expectativas positivas sobre dividendos da Petrobras', 'Temor de mudanças na política de preços da Petrobras', 'temores sobre mudanças na política de preços da Petrobras', 'preocupações sobre política de preços da Petrobras', 'Temor de intervenção estatal e mudanças na política de preços da Petrobras', 'Incerteza sobre política de preços da Petrobras', 'Preocupações com intervenção do governo na Petrobras', 'Temor de intervenção política na gestão da Petrobras', 'Alívio quanto à governança da Petrobras', 'Incertezas políticas sobre a futura gestão da Petrobras', 'Incertezas políticas sobre a Petrobras', 'Indicação de Jean Paul Prates para presidência da Petrobras', 'Indicação de Jean Paul Prates para presidência', 'Preocupações sobre mudanças na política de preços da Petrobras', 'Incertezas sobre a política de preços da Petrobras no novo governo', 'Declarações do governo sobre governança da Petrobras', 'Incertezas sobre a governança da Petrobras', 'Incertezas sobre a política de preços e governança da Petrobras', 'Temor de intervenção governamental na Petrobras', 'Confiança na governança da Petrobras', 'Expectativas sobre dividendos da Petrobras', 'Expectativas positivas sobre política de preços da Petrobras', 'Temor de interferência política na gestão da Petrobras', 'Sinalização do governo de respeito à governança da Petrobras', 'Expectativa de aumento de receitas para a Petrobras', 'Rumores de interferência do governo na Petrobras', 'Temor de maior intervenção política na Petrobras', 'Incertezas sobre política de dividendos da Petrobras', 'incertezas sobre política de preços da Petrobras', 'Expectativa de pagamento de dividendos extraordinários pela Petrobras, após sinalização do governo sobre a importância desses recursos para o ajuste fiscal', 'Especulações sobre política de preços da Petrobras']",-0.9424212737161064,-1.5976535505941802,-0.6145435510033105,1.126060012845683,0.21651754050802624,
13,realização de lucros,PETR4,14,"['realização de lucros após alta do mês', 'realização de lucros', 'realização de lucros por investidores', 'movimento de realização de lucros após altas anteriores', 'realização de lucros no mercado', 'Realização de lucros por investidores', 'realização de lucros após altas anteriores', 'Movimento de realização de lucros após altas anteriores', 'realização de lucros após alta recente', 'Movimento de realização de lucros após divulgação de resultados recentes', 'Movimento de realização de lucros no setor de energia', 'movimento de realização de lucros no setor', 'realização de lucros pelo mercado', 'realização de lucros após altas recentes']",-2.608477536461927,0.18104918188118985,2.631593448071792,0.4930958527153092,,
14,Sancionamento do teto do ICMS sobre combustíveis,PETR4,2,"['Reoneração parcial do PIS/Cofins sobre combustíveis', 'Sancionamento do teto do ICMS sobre combustíveis']",-0.952254006012238,,,,,
15,Cenário político doméstico instável,PETR4,3,"['Estabilidade no cenário eleitoral brasileiro', 'Cautela com cenário político', 'Cenário político doméstico instável']",-1.0566521429437596,0.507403543019409,1.2427274216937971,,,
16,Incertezas fiscais e políticas elevam o risco econômico no Brasil.,PETR4,9,"['Preocupações fiscais no Brasil', 'Incertezas fiscais no Brasil', 'Aumento das preocupações fiscais e políticas no Brasil', 'Aumento da aversão ao risco e preocupações fiscais no Brasil', 'preocupações fiscais no Brasil', 'Incertezas fiscais e políticas no Brasil', 'Preocupações com o cenário fiscal no Brasil', 'incertezas fiscais no Brasil', 'incertezas políticas e fiscais no Brasil']",-3.1055534586567086,0.4574688093150461,5.795205035160905,,,
17,Ajustes de portfólio realizados por investidores em função do vencimento de opções.,PETR4,2,"['Vencimento de opções e ajustes de portfólio', 'ajustes de portfólio de investidores']",-2.258463601444638,-2.8630789509502277,,,,
18,Divulgação de dados operacionais e de produção positivos impulsiona expectativas de mercado.,PETR4,3,"['Divulgação de dados positivos de produção', 'Divulgação de dados operacionais positivos', 'Dados positivos de produção']",3.118744045997649,-0.09106443415694397,-0.2734778739566914,-2.4984746300034244,,
19,Risco de influência política na gestão empresarial.,PETR4,3,"['Temor de interferência política na gestão da empresa', 'Temor de intervenção estatal na empresa', 'Preocupações com possível ingerência política na empresa']",-10.18413870363181,,,,,
20,Perspectivas do mercado para commodities variam conforme o cenário internacional.,PETR4,6,"['Otimismo do mercado com commodities', 'Otimismo com commodities no cenário internacional', 'Cenário externo favorável para commodities', 'Otimismo do mercado com o setor de commodities', 'Cenário externo desfavorável para commodities', 'Otimismo global com commodities']",1.3122849511284753,2.1503950938708716,-0.44081113995148163,,,
21,Queda no preço da gasolina devido à redução nas refinarias anunciada pela Petrobras.,PETR4,2,"['Redução do preço da gasolina anunciada pela Petrobras', 'Redução do preço da gasolina nas refinarias']",2.158477592897661,-0.03424604385008794,,,,
22,"A valorização do petróleo impulsiona o desempenho financeiro e de mercado das empresas do setor, como a Petrobras.",PETR4,3,"['A política de preços da Petrobras acompanha o mercado internacional, beneficiando-se da valorização do petróleo.', 'O cenário de preços elevados do petróleo favorece empresas do setor de exploração e produção, como a Petrobras, aumentando expectativas de receitas e lucros.', 'PETR4 acompanhou a alta do Ibovespa e o bom desempenho do setor de petróleo, mesmo sem notícias específicas da companhia']",2.5089934060916383,0.9651543962741016,0.4858332833828137,0.7687415198756975,0.22122704534510962,1.5452618904301898
23,Desempenho do lucro líquido comparado às expectativas dos analistas.,PETR4,2,"['Lucro líquido superior às estimativas dos analistas', 'Lucro líquido menor que o projetado por analistas']",-0.011394870960640624,0.32640793300022775,,,,
24,Impacto das declarações presidenciais sobre o mercado de combustíveis.,PETR4,1,['Declarações do presidente Jair Bolsonaro sobre combustíveis'],-4.889643524500517,1.7493634404521945,,,,
25,O preço das ações é ajustado negativamente na data ex-dividendo.,PETR4,1,"['Ações passaram a ser negociadas ex-dividendos a partir de 22/08/2025, levando a ajuste negativo no preço']",2.876355025046672,0.5907460099511745,,,,
26,O mercado demonstra otimismo e expectativas positivas em relação ao setor de energia.,PETR4,9,"['Expectativas positivas para o setor de energia', 'Otimismo com o setor de energia', 'Otimismo do mercado com o setor de energia', 'Perspectiva positiva para a demanda global de energia', 'Perspectiva positiva para o setor de energia', 'Otimismo global com o setor de energia', 'Perspectiva positiva para empresas de energia', 'Otimismo do mercado em relação ao setor de energia', 'Movimento negativo do setor de energia global']",2.626741522129453,1.3444029056078526,,,,
27,Ajustes técnicos de preço,PETR4,1,['Ajustes técnicos de preço'],,,,,,
28,Expansão e diversificação de operações por meio de novas licenças e aquisições em blocos exploratórios.,PETR4,2,"['Notícias sobre novas licenças de operação e expansão em blocos exploratórios, indicando crescimento futuro.', 'Notícias de expansão e diversificação, como aquisição de participação em bloco na África']",0.15543353819087535,-0.0003588526502083792,,,,
29,A aprovação do AIP da jazida de Jubarte pela ANP viabiliza operação conjunta e define participações futuras no campo.,PETR4,1,"['Aprovação do Acordo de Individualização da Produção (AIP) da jazida de Jubarte pela ANP, permitindo operação conjunta e maior clareza sobre participações futuras']",2.0414613901847725,-0.15629344533386835,,,,
30,Avanços em vacinas contra Covid-19 impulsionam otimismo nos mercados.,PETR4,2,"['Notícias positivas sobre vacina da Pfizer contra Covid-19', 'Otimismo global com vacinas contra Covid-19']",,,,,,
31,Impacto negativo do colapso do SVB nos mercados globais.,PETR4,1,['Queda dos mercados globais após colapso do SVB'],-3.1625344482325346,,,,,
32,Previsão de redução na oferta global impacta mercados.,PETR4,1,['Expectativas de oferta global mais restrita'],2.38312517800255,4.297233752849169,0.7439319110012331,,,
33,Demissão do CEO Jean Paul Prates impacta a liderança e a governança corporativa.,PETR4,1,['Demissão do CEO Jean Paul Prates'],-6.043534132683287,,,,,
34,A atratividade do ativo decorre do alto dividend yield e da predominância das vendas no mercado interno.,PETR4,1,['Percepção de segurança e atratividade do ativo devido ao alto dividend yield e vendas majoritariamente no mercado interno'],-2.419071329666858,-0.0003588526502083792,,,,
35,O conflito entre Rússia e Ucrânia impacta a oferta e gera preocupações nos mercados.,PETR4,4,"['Invasão da Ucrânia pela Rússia', 'Escalada do conflito Rússia-Ucrânia', 'Conflito entre Rússia e Ucrânia elevando preocupações sobre oferta', 'Conflito Rússia-Ucrânia']",-0.9869578900785926,,,,,
36,Incertezas e preocupações do mercado sobre possíveis intervenções governamentais na política de preços dos combustíveis.,PETR4,33,"['Preocupações com interferência do governo na política de preços', 'Incertezas sobre reajustes de combustíveis', 'Temor de interferência política na política de preços dos combustíveis', 'Preocupações com intervenção política e política de preços de combustíveis', 'Receio de interferência política na política de preços de combustíveis', 'Incerteza sobre política de preços dos combustíveis', 'Reação à manutenção da política de preços', 'Incertezas sobre a política de preços de combustíveis', 'Alívio após incertezas sobre a política de preços', 'Temor de intervenção na política de preços', 'Temores de intervenção governamental na política de preços', 'Sinalização do governo de não interferência na política de preços', 'Temor de intervenção do governo na política de preços', 'preocupação com intervenção do governo na política de preços', 'incertezas sobre políticas de combustíveis no Brasil', 'Incertezas sobre políticas de preços de combustíveis no Brasil', 'Temor de intervenção política na política de preços', 'Expectativa de mudanças na política de preços', 'Expectativa de manutenção da política de preços', 'Sinalização de manutenção da política de preços', 'Incertezas sobre a política de preços dos combustíveis', 'Incertezas sobre política de preços dos combustíveis', 'Incertezas sobre política de preços', 'Expectativas positivas sobre política de preços', 'Realização de lucros e incertezas sobre política de preços', 'Sinalização do governo sobre não interferência na política de preços', 'Preocupações com intervenção do governo na política de preços', 'Mudança na política de preços dos combustíveis', 'Alívio de temores sobre intervenção estatal na política de preços', 'Preocupações com mudanças na política de preços dos combustíveis', 'Incertezas sobre política de preços de combustíveis', 'temores sobre intervenção governamental na política de preços', 'rumores de interferência do governo na política de preços']",-1.5538509148359547,-1.5968600357788494,0.2639957493908071,1.126060012845683,0.21651754050802624,
37,Monitoramento do desempenho favorável dos mercados acionários internacionais.,PETR4,1,['Acompanhamento do desempenho positivo de bolsas globais'],2.1381222231843076,,,,,
38,Oscilações normais de negociação,PETR4,2,"['Oscilação normal do mercado', 'Oscilações normais de negociação']",,,,,,
39,Alta da Selic pelo Banco Central,PETR4,1,['Alta da Selic pelo Banco Central'],-3.4883658749443853,,,,,
40,Produção de petróleo atinge recordes operacionais no 3T25 com entrada de novos FPSOs.,PETR4,4,"['Crescimento da produção de petróleo para mais de 2,5 milhões de barris por dia, com recordes operacionais.', 'Aumento expressivo da produção de petróleo e gás, com recordes operacionais', 'Aumento significativo da produção de petróleo da Petrobras no 3T25, com recordes operacionais e entrada de novos FPSOs', 'Aumento expressivo da produção de petróleo no 3T25, com entrada de novos FPSOs e recordes operacionais']",1.3802565693447106,0.3069794263340115,1.8317115867884477,0.2085393677236669,0.1560924311455074,
41,Redução da produção nos EUA após furacão Ida,PETR4,1,['Redução da produção nos EUA após furacão Ida'],3.512220878730317,-1.334346059043194,,,,
42,Alta do petróleo devido ao conflito Israel-Hamas,PETR4,1,['Alta do petróleo devido ao conflito Israel-Hamas'],4.297233752849169,0.7439319110012331,,,,
43,"Superação de médias móveis importantes, sugerindo força técnica do papel.",PETR4,1,"['Superação de médias móveis importantes, sugerindo força técnica do papel.']",2.7299384060486087,,,,,
44,Desempenho operacional consistente e geração de caixa resiliente mesmo com preços do Brent em queda.,PETR4,1,"['Resultados operacionais sólidos, com EBITDA em linha com o consenso e boa geração de caixa, apesar do Brent mais baixo']",3.083693797201926,0.6143177053182314,1.8317115867884477,0.2085393677236669,0.1560924311455074,
45,Incertezas políticas e eleitorais afetam o ambiente econômico e de mercado no Brasil.,PETR4,7,"['Incertezas políticas pós-eleição', 'Incerteza política após eleições', 'incerteza eleitoral no Brasil', 'incerteza eleitoral', 'Incertezas políticas com o novo governo', 'incertezas políticas no Brasil', 'Incertezas políticas']",-3.7566186933657795,-2.1364128166285288,,,,
46,Incertezas sobre variantes da Covid-19 impactam as expectativas para a demanda global.,PETR4,6,"['Temor global com nova variante da Covid-19', 'Temores sobre a demanda global devido à variante Delta', 'Preocupações com a demanda global devido à Covid-19', 'Temores sobre a variante Delta da Covid-19', 'Preocupações globais com a variante Ômicron da Covid-19', 'Temores globais com a variante Ômicron']",-3.1346465546980706,3.5124644210332,,,,
47,Expectativa de corte de produção pela Opep+,PETR4,1,['Expectativa de corte de produção pela Opep+'],3.761570501813864,,,,,
48,Ausência de fatos relevantes,PETR4,1,['Ausência de fatos relevantes'],,,,,,
49,Posse de novo presidente indicado pelo governo,PETR4,1,['Posse de novo presidente indicado pelo governo'],-2.0000033533584722,,,,,
0,Otimismo com o desempenho operacional e expectativas positivas de crescimento.,PRIO3,12,"['Perspectiva de crescimento operacional', 'Expectativas positivas sobre resultados operacionais', 'Desempenho operacional acima do esperado', 'Expectativas positivas sobre resultados operacionais da PRIO', 'Otimismo com resultados operacionais da empresa', 'Otimismo com resultados operacionais do setor', 'Perspectivas positivas para resultados operacionais', 'Expectativa positiva sobre resultados operacionais', 'Otimismo com resultados operacionais', 'Perspectiva positiva para resultados operacionais', 'Desempenho operacional positivo', 'otimismo com resultados operacionais']",4.074044291072065,0.45895563087241664,1.304737744197645,,,
1,Variações nos preços internacionais do petróleo impactam o mercado econômico.,PRIO3,40,"['Alta nos preços internacionais do petróleo', 'Alta do preço internacional do petróleo', 'Oscilação do preço internacional do petróleo', 'Alta do preço do petróleo Brent', 'Oscilação do preço do petróleo no mercado internacional', 'volatilidade no preço do petróleo internacional', 'Alta do preço do petróleo', 'Queda nos preços internacionais do petróleo', 'Oscilação do preço do petróleo', 'Queda acentuada do preço do petróleo', 'Valorização do preço do petróleo', 'queda nos preços internacionais do petróleo', 'Oscilação nos preços internacionais do petróleo', 'Queda do preço internacional do petróleo', 'Queda global dos preços do petróleo', 'Valorização do petróleo no mercado internacional', 'Desvalorização do petróleo no mercado internacional', 'Desvalorização dos preços do petróleo', 'variação negativa do preço do petróleo no mercado internacional', 'queda do preço internacional do petróleo', 'queda do preço do petróleo', 'Alta do petróleo', 'Alta do preço do petróleo no mercado internacional', 'Alta dos preços internacionais do petróleo', 'Alta nos preços do petróleo', 'queda dos preços internacionais do petróleo', 'queda nos preços do petróleo', 'Alta dos preços do petróleo', 'Valorização do petróleo', 'queda do preço do petróleo no mercado internacional', 'Queda acentuada do preço do petróleo no mercado internacional', 'Queda dos preços internacionais do petróleo', 'Alta internacional do petróleo', 'Queda internacional dos preços do petróleo', 'Valorização do preço do petróleo no mercado internacional', 'Oscilação do setor de petróleo no mercado internacional', 'Valorização do preço internacional do petróleo', 'Oscilação do mercado de petróleo', 'Oscilação do setor de petróleo', 'Variação do preço do petróleo']",-1.383173414975394,-0.7850749515159459,0.0024161796451241946,-0.3628937329516386,,
2,O mercado apresenta otimismo e perspectivas positivas para o setor de óleo e gás.,PRIO3,19,"['Otimismo com o setor de óleo e gás', 'Otimismo generalizado com o setor de óleo e gás', 'Otimismo do mercado com o setor de óleo e gás', 'Otimismo com o setor de petróleo', 'Perspectivas positivas para o setor de óleo e gás', 'Otimismo geral no setor de petróleo e gás', 'Perspectiva positiva para empresas do setor de óleo e gás', 'Valorização do setor de petróleo', 'Otimismo com o setor de óleo e gás brasileiro', 'Otimismo do mercado com empresas do setor de óleo e gás', 'Expectativas positivas para o setor de petróleo', 'Otimismo do mercado com o setor de petróleo', 'Otimismo generalizado no setor de petróleo e gás', 'Otimismo geral com o setor de óleo e gás', 'Otimismo generalizado com empresas do setor de óleo e gás', 'Perspectivas otimistas para o setor de óleo e gás', 'Perspectiva positiva para o setor de óleo e gás', 'otimismo do mercado com o setor de petróleo', 'Otimismo generalizado no setor de energia']",3.308020603242432,0.9060708306022918,-0.03338595020834902,0.11764498234086303,0.6532717115943125,-1.1982015121855576
3,realização de lucros após alta recente,PRIO3,13,"['realização de lucros após alta do mês', 'realização de lucros após alta recente', 'realização de lucros', 'Realização de lucros após alta recente', 'Realização de lucros após altas anteriores', 'Movimento de realização de lucros após altas recentes', 'realização de lucros pelos investidores', 'Movimento de realização de lucros após alta recente', 'Realização de lucros por investidores', 'Realização de lucros após forte valorização anterior', 'Realização de lucros após altas recentes', 'realização de lucros por investidores', 'realização de lucros após altas anteriores']",-3.8814184399470366,-0.752430120197678,-0.22872913695705133,,,
4,Aversão ao risco impacta o comportamento dos investidores nos mercados financeiros globais e brasileiros.,PRIO3,20,"['Realização de lucros e aversão ao risco no mercado brasileiro', 'Aversão ao risco no mercado brasileiro', 'Movimento geral de aversão a risco no mercado brasileiro', 'Aversão ao risco em mercados emergentes', 'Aversão ao risco nos mercados globais', 'Movimento de aversão ao risco no mercado brasileiro', 'Aversão ao risco em mercados globais', 'Aversão ao risco em mercados globais devido à alta dos juros nos EUA', 'aversão ao risco em mercados emergentes', 'Aversão ao risco em mercados globais de commodities', 'Aversão ao risco no mercado brasileiro antes do feriado', 'Aversão ao risco nos mercados globais devido a temores de recessão', 'Movimento de aversão a risco no mercado brasileiro', 'Movimento de aversão ao risco no mercado global', 'Aversão ao risco nos mercados globais devido a temores de crise bancária nos EUA e Europa', 'Aversão ao risco nos mercados globais após decisão do Fed', 'Aversão ao risco no mercado global', 'Aversão ao risco no mercado acionário', 'movimento de aversão a risco no mercado brasileiro', 'Aversão ao risco no mercado acionário brasileiro']",-3.1836870737442973,0.13158668536385104,-0.8090231938663477,0.06500611013566937,0.842348718626175,0.34316606330932836
5,Desempenho e sentimento negativos no mercado acionário brasileiro.,PRIO3,10,"['Movimento negativo do mercado acionário brasileiro', 'Sentimento negativo no mercado brasileiro', 'Desempenho negativo do mercado acionário brasileiro', 'Movimento negativo do Ibovespa', 'movimento negativo do mercado acionário brasileiro', 'avaliação negativa do mercado brasileiro', 'Sentimento negativo no mercado acionário brasileiro', 'Desempenho negativo do mercado brasileiro', 'sentimento negativo no mercado internacional', 'Movimento negativo do mercado']",-3.446836638149239,-1.0948548372219478,3.549853209207523,,,
6,Otimismo do mercado em relação ao desempenho operacional e produtivo das empresas brasileiras.,PRIO3,5,"['Otimismo generalizado no mercado brasileiro', 'Otimismo do mercado com desempenho operacional', 'Otimismo do mercado com desempenho da empresa', 'Otimismo no mercado acionário brasileiro', 'Otimismo do mercado com desempenho da produção']",3.7243389323038736,1.0434791742654113,1.3680810024404684,0.5011975273379714,,
7,Impacto dos fatores macroeconômicos nos mercados.,PRIO3,2,"['Fatores macroeconômicos', 'Possível influência de fatores macroeconômicos']",,,,,,
8,Expectativa de crescimento e otimismo na produção de petróleo.,PRIO3,5,"['Perspectivas positivas para produção da PetroRio', 'Aumento da produção de petróleo', 'Perspectiva de aumento na produção de petróleo', 'Perspectiva favorável para produção de petróleo', 'Otimismo com produção e preços do petróleo']",4.060144330047919,-0.9679869254275105,1.705653969090527,-2.1098245614397717,,
9,Variações no desempenho do setor de petróleo impactam o mercado financeiro.,PRIO3,18,"['volatilidade do setor de petróleo', 'desempenho negativo do setor de petróleo', 'Movimento negativo do setor de petróleo e gás na bolsa', 'queda do setor de petróleo', 'Desempenho positivo do setor de petróleo na bolsa', 'Movimento negativo do setor de petróleo na bolsa', 'Movimento positivo do setor de petróleo', 'Movimento positivo do setor de petróleo na bolsa', 'ajuste negativo no setor de petróleo', 'Movimento de alta generalizada no setor de petróleo e gás', 'Desempenho negativo do setor de petróleo na bolsa', 'Variação do setor de petróleo', 'Acompanhamento do desempenho negativo do setor de petróleo no mercado internacional', 'movimento positivo do setor de petróleo', 'movimento de alta do setor de petróleo', 'Movimento de aversão ao risco no setor de petróleo e gás', 'Acompanhamento do setor de petróleo', 'Movimento negativo do setor de petróleo no mercado global']",-0.8573432467463128,-0.8262562464694361,-0.7397611169181357,-0.3628937329516386,,
10,Resultados financeiros abaixo das expectativas do mercado.,PRIO3,2,"['Lucro líquido menor que o consenso de mercado', 'Receita e lucro líquido menores que as projeções dos analistas']",-5.915079197914224,-0.9495485644924551,,,,
11,Queda generalizada dos mercados globais,PRIO3,2,"['Queda generalizada do petróleo e bolsas mundiais', 'Queda generalizada dos mercados globais']",-7.301503748136202,3.4243214149526975,,,,
12,Notícias sobre negociações de paz entre Rússia e Ucrânia,PRIO3,1,['Notícias sobre negociações de paz entre Rússia e Ucrânia'],-6.442376251921682,,,,,
13,Divulgação de dados operacionais positivos,PRIO3,4,"['Divulgação de dados operacionais positivos', 'Divulgação de dados operacionais positivos do 2T23', 'divulgação de dados operacionais positivos', 'Divulgação de dados operacionais abaixo do esperado']",1.3480450370250452,-1.3453992727253725,1.3885383911947748,,,
14,Movimento de realização de lucros no setor,PRIO3,11,"['Movimento geral de realização de lucros no mercado brasileiro', 'Movimento de realização de lucros no mercado brasileiro', 'Movimento de realização de lucros no setor', 'Movimento de realização de lucros no setor de petróleo', 'Movimento de realização de lucros no setor de petróleo e gás', 'realização de lucros no setor de petróleo', 'Realização de lucros no setor de petróleo', 'Movimento de realização de lucros', 'Movimento de realização de lucros no setor de energia', 'movimento de realização de lucros no setor', 'realização de lucros no setor']",-2.9407237409243474,0.749416023999329,-0.046828513679248014,0.07028014748020306,,
15,Quebra do SVB evidencia fragilidades no sistema bancário dos EUA.,PRIO3,1,['Crise bancária nos EUA (quebra do SVB)'],-4.336037670270314,,,,,
16,Cortes de produção pela OPEP+ impactam o mercado de petróleo.,PRIO3,2,"['Expectativa de corte de produção pela OPEP+', 'Anúncio de cortes de produção pela OPEP+']",4.500570762445742,,,,,
17,Preocupações com desempenho operacional,PRIO3,1,['Preocupações com desempenho operacional'],-2.4494174807057165,0.13100736744655572,-1.0030507595955522,,,
18,Incertezas econômicas devido à variante Ômicron.,PRIO3,3,"['Temor global com a variante Ômicron', 'temores globais com a variante Ômicron', 'Preocupações com a variante Ômicron']",-5.74738766870363,3.4243214149526975,,,,
19,Otimismo do mercado em relação aos resultados financeiros trimestrais das empresas.,PRIO3,17,"['Expectativas positivas sobre resultados da empresa', 'Divulgação de resultados trimestrais positivos', 'Divulgação de resultados trimestrais acima do esperado', 'Expectativa positiva para resultados trimestrais', 'Divulgação de resultados financeiros positivos', 'Expectativa de resultados financeiros robustos', 'Resultados trimestrais acima do esperado', 'Expectativa positiva para resultados financeiros da empresa', 'Resultados trimestrais abaixo do esperado', 'Perspectivas positivas para resultados trimestrais', 'Expectativa de resultados financeiros fortes', 'Expectativas positivas para resultados trimestrais', 'Expectativa de bons resultados trimestrais', 'expectativa de resultados financeiros sólidos', 'Perspectiva positiva para resultados trimestrais', 'otimismo com resultados trimestrais', 'divulgação de resultados trimestrais positivos']",3.915508973865831,0.3463215931385462,-0.8395605951968779,,,
20,queda generalizada do mercado de ações brasileiro,PRIO3,5,"['queda generalizada do Ibovespa', 'Queda generalizada do Ibovespa', 'Movimento geral do mercado de ações brasileiro', 'Queda generalizada do mercado brasileiro', 'queda generalizada do mercado de ações brasileiro']",-3.162069603164605,-5.680111514007881,,,,
21,Expectativa de crescimento na produção e nos resultados financeiros da empresa.,PRIO3,8,"['Perspectiva de aumento de produção e receitas', 'Perspectivas positivas para produção e resultados da empresa', 'Perspectiva de aumento de receita e produção', 'Perspectiva positiva para produção e receitas', 'Perspectiva de aumento de receita e lucro', 'Perspectivas positivas para produção da empresa', 'Perspectiva favorável para produção e receitas', 'Perspectiva otimista para produção e receitas futuras']",5.002333354692581,1.2961346120797694,-0.17482240793021375,-0.7455419823382281,0.0,-0.06350785970424684
22,"Avaliação predominante do sentimento de mercado no setor de petróleo, gás e energia.",PRIO3,6,"['Sentimento negativo no setor de petróleo e energia', 'Sentimento negativo no setor de óleo e gás', 'avaliação negativa do setor de petróleo e gás', 'Sentimento negativo no setor de petróleo e gás', 'Sentimento positivo no setor de energia', 'Sentimento negativo no setor de energia']",-4.048907218753077,0.9235956584648851,1.2658290124543903,-1.4150996868529522,,
23,Ausência de eventos relevantes,PRIO3,3,"['Ausência de notícias relevantes da empresa', 'Ausência de eventos relevantes', 'Ausência de fatos relevantes']",-0.016590131371062133,1.3120931801472,,,,
24,Conflitos entre Rússia e Ucrânia aumentam a aversão ao risco e a volatilidade nos mercados globais.,PRIO3,3,"['Aversão ao risco devido à escalada das tensões entre Rússia e Ucrânia', 'volatilidade internacional devido à guerra na Ucrânia', 'Aversão ao risco nos mercados globais devido à guerra na Ucrânia']",-2.9060567035813527,-1.9966366174870473,,,,
25,Ajustes globais de carteiras ocorrem no fechamento de mês.,PRIO3,1,['movimento global de ajuste em carteiras no fechamento de mês'],,,,,,
26,A variante Delta da Covid-19 aumenta a aversão ao risco nos mercados.,PRIO3,1,['Aversão ao risco devido à variante Delta da Covid-19'],-3.4482786578792615,,,,,
27,Queda no volume de produção,PRIO3,1,['Queda no volume de produção'],-2.4786494225270745,,,,,
28,Aumento do pessimismo impacta negativamente os mercados globais.,PRIO3,1,['Avanço do pessimismo nos mercados globais'],-2.4364086359937938,1.1017318732535828,5.1216879799407415,,,
29,Incertezas fiscais e políticas no Brasil,PRIO3,2,"['Incertezas fiscais e políticas no Brasil', 'incertezas fiscais e políticas no Brasil']",-3.8901892399191125,,,,,
30,Crescimento da produção impulsiona aumento significativo de receitas e lucros.,PRIO3,6,"['Aumento da produção e lucro acima do esperado', 'Aumento da produção e lucro', 'Crescimento expressivo de receita e lucro', 'Aumento da produção e do lucro líquido', 'Aumento da produção e receitas', 'Crescimento da produção e lucro líquido robusto']",7.001145695583688,0.9993329378162815,1.4902865238619143,,,
31,Perspectiva de retomada do crescimento econômico mundial.,PRIO3,1,['Expectativa de recuperação econômica global'],1.923655002644245,,,,,
32,Retomada do crescimento das ações no mercado brasileiro.,PRIO3,1,['Recuperação do mercado acionário brasileiro'],3.605105621528173,,,,,
33,Instabilidade econômica caracteriza o ambiente macroeconômico brasileiro.,PRIO3,1,['Cenário macroeconômico brasileiro volátil'],-2.816906180726365,,,,,
34,Mercados globais recuam devido à divulgação de dados de inflação dos EUA.,PRIO3,1,['Queda dos mercados globais após dados de inflação dos EUA'],-2.0652109510364123,,,,,
35,Recuperação após queda global por Ômicron,PRIO3,1,['Recuperação após queda global por Ômicron'],3.4243214149526975,,,,,
36,Perspectiva de resultados financeiros sólidos,PRIO3,1,['Perspectiva de resultados financeiros sólidos'],2.2099379058707886,,,,,
37,Produção atinge nível recorde em outubro.,PRIO3,1,['Divulgação de produção recorde em outubro'],4.916642006028892,,,,,
38,avaliação negativa do cenário internacional,PRIO3,1,['avaliação negativa do cenário internacional'],-3.1161434568043216,,,,,
39,Oscilação normal do mercado,PRIO3,5,"['oscilações do mercado', 'Oscilação normal do mercado', 'Oscilação normal de preços', 'Oscilação normal de mercado', 'Oscilação do mercado']",0.8207846782611173,0.704999150227039,-1.5892479581245154,,,
40,"Incertezas globais sobre juros, inflação e recessão impactam os mercados.",PRIO3,2,"['temores globais sobre juros e economia', 'preocupações globais com inflação e recessão']",-5.36997576571292,,,,,
41,Aquisição de participação no campo de Albacora Leste.,PRIO3,2,"['Anúncio de aquisição de participação no campo de Albacora Leste', 'Aquisição de participação no campo de Albacora Leste']",5.934394881437175,,,,,
42,movimento geral do mercado,PRIO3,7,"['movimento técnico do mercado', 'Movimento geral do mercado brasileiro', 'Movimento normal de mercado', 'movimento geral do mercado', 'Movimento de mercado', 'Movimento técnico do mercado', 'Movimento geral do mercado']",-0.5607129806072507,-0.8016396849498377,0.20895951390361026,,,
43,Revisão do guidance da companhia para baixo,PRIO3,1,['Revisão do guidance da companhia para baixo'],-8.128491367116137,,,,,
44,Variações no desempenho do setor de petróleo e gás na B3.,PRIO3,4,"['Movimento negativo do setor de petróleo e gás na B3', 'Movimento negativo do setor de petróleo na B3', 'Otimismo com o setor de óleo e gás na B3', 'Movimento de valorização do setor de óleo e gás na B3']",-0.5361310315688994,-0.6736835680509868,-0.2967346094592525,,,
45,Aquisição de participação no campo de Wahoo.,PRIO3,2,"['Anúncio de aquisição de participação no campo de Wahoo', 'Conclusão da aquisição de participação no campo de Wahoo']",8.652118583828834,-3.598420904908537,,,,
46,Queda no desempenho do Ibovespa.,PRIO3,2,"['Desempenho negativo do Ibovespa', 'Desempenho negativo do Ibovespa no dia']",-3.167948155585057,2.1989543144456074,0.5635128327916931,,,
47,ajuste técnico do mercado,PRIO3,1,['ajuste técnico do mercado'],-10.762544893994713,,,,,
48,Redução do preço internacional do barril de petróleo.,PRIO3,1,['queda do preço do barril internacionalmente'],-1.9914956746418924,,,,,
49,Crise da Evergrande provoca queda global nos mercados.,PRIO3,1,['Queda global dos mercados devido à crise da Evergrande'],-5.680111514007881,,,,,
