cluster,frase_exemplo,ativo_cluster,n_eventos,n_motivos_unicos,prompt_version,first_event_date,last_event_date,event_dates,frases_originais,seq_d0,seq_d1,seq_d2,seq_d3,seq_d4,seq_d5
0,Lockdowns e restrições relacionadas à Covid-19 na China impactam a demanda por petróleo.,BRENT,12,12,news-cluster-v1,2022-03-14,2022-11-30,"[""2022-03-14"", ""2022-03-28"", ""2022-03-29"", ""2022-04-11"", ""2022-04-25"", ""2022-05-09"", ""2022-05-17"", ""2022-06-08"", ""2022-08-30"", ""2022-09-01"", ""2022-11-04"", ""2022-11-30""]","[""Lockdowns na China afetando demanda"", ""Lockdowns na China afetando a demanda por petróleo"", ""Lockdowns na China afetando a demanda"", ""Lockdowns na China devido à COVID-19"", ""Lockdowns rigorosos na China afetando a demanda"", ""lockdowns rigorosos na China afetando demanda"", ""Novos lockdowns na China devido à COVID-19"", ""Flexibilização das restrições de Covid-19 na China"", ""Lockdowns na China e fortalecimento do dólar"", ""Lockdowns na China afetando demanda por petróleo"", ""Rumores de flexibilização da política de Covid Zero na China"", ""Expectativas de flexibilização das restrições de Covid-19 na China""]",-2.51429654822827,-0.6594313968665081,,,,
1,Sanções e restrições ao petróleo russo impactam o mercado global de petróleo.,BRENT,12,12,news-cluster-v1,2022-02-28,2025-10-23,"[""2022-02-28"", ""2022-03-07"", ""2022-03-08"", ""2022-03-11"", ""2022-04-04"", ""2022-04-12"", ""2022-05-04"", ""2022-05-31"", ""2022-06-01"", ""2022-12-05"", ""2023-07-05"", ""2025-10-23""]","[""Sanções econômicas à Rússia afetando o mercado de petróleo"", ""Possibilidade de sanções ao petróleo russo devido à guerra na Ucrânia"", ""Banimento das importações de petróleo russo pelos EUA"", ""Possíveis sanções ao petróleo russo"", ""expectativa de novas sanções contra a Rússia"", ""ameaça de corte de exportações russas"", ""Anúncio da UE sobre embargo ao petróleo russo"", ""Acordo da União Europeia para banir petróleo russo"", ""Possível suspensão da Rússia do acordo da Opep+"", ""Início do teto de preços do G7 sobre petróleo russo"", ""Redução adicional de exportações de petróleo pela Rússia"", ""Sanções dos Estados Unidos contra as petroleiras russas Rosneft e Lukoil""]",2.5280021267127775,-2.0081949754338453,-0.48528917648822933,-1.8591910540062748,,
2,"Otimismo e expectativas de recuperação ou aumento da demanda global, especialmente impulsionadas por fatores como reabertura econômica, vacinação e melhora dos dados na China.",BRENT,45,45,news-cluster-v1,2020-11-24,2026-03-17,"[""2020-11-24"", ""2021-01-05"", ""2021-01-08"", ""2021-02-02"", ""2021-02-03"", ""2021-02-16"", ""2021-02-24"", ""2021-03-04"", ""2021-03-11"", ""2021-03-19"", ""2021-05-21"", ""2021-05-24"", ""2021-05-24"", ""2021-06-21"", ""2021-07-21"", ""2021-08-10"", ""2021-09-22"", ""2021-12-23"", ""2021-12-27"", ""2022-04-12"", ""2022-04-26"", ""2022-05-13"", ""2022-05-16"", ""2022-05-19"", ""2022-09-09"", ""2022-11-11"", ""2022-12-12"", ""2022-12-30"", ""2023-02-23"", ""2023-03-27"", ""2023-04-12"", ""2023-05-08"", ""2023-06-15"", ""2024-06-10"", ""2024-07-31"", ""2024-09-11"", ""2025-10-10"", ""2026-01-08"", ""2026-01-13"", ""2026-01-22"", ""2026-01-29"", ""2026-02-04"", ""2026-02-27"", ""2026-03-09"", ""2026-03-17""]","[""Expectativas de recuperação econômica global"", ""Expectativas de recuperação da demanda global"", ""Expectativas de recuperação da demanda com vacinação"", ""Expectativas de recuperação da demanda devido à vacinação"", ""Otimismo com recuperação da demanda global"", ""Expectativa de recuperação da demanda global"", ""Otimismo com recuperação econômica global"", ""Perspectiva de recuperação da demanda global"", ""Expectativa de recuperação da demanda"", ""expectativa de recuperação da demanda"", ""Otimismo com a recuperação da demanda global"", ""Aumento da demanda global devido ao avanço das campanhas de vacinação contra COVID-19."", ""Redução nas mortes por COVID-19 na Índia, reforçando expectativas de recuperação da demanda."", ""Expectativa de aumento da demanda global"", ""Recuperação das expectativas de demanda global"", ""Expectativas de aumento da demanda global"", ""Otimismo com a demanda global"", ""Otimismo com a demanda global apesar da Ômicron"", ""Otimismo sobre demanda global"", ""expectativa de aumento da demanda na China"", ""Expectativas de recuperação da demanda chinesa"", ""Expectativa de aumento da demanda com flexibilização de lockdowns na China"", ""Reabertura econômica na China após lockdowns"", ""Expectativa de recuperação da demanda chinesa"", ""Expectativas de aumento da demanda devido à flexibilização na China"", ""Expectativas de reabertura econômica na China"", ""Expectativas de aumento da demanda chinesa"", ""Expectativa de aumento da demanda chinesa"", ""Recuperação da demanda chinesa"", ""expectativas de aumento da demanda chinesa"", ""Dados econômicos positivos da China"", ""Sinais de recuperação da demanda chinesa"", ""Sinais de aumento na demanda global"", ""expectativa de aumento na demanda global"", ""Expectativa de aumento na demanda global"", ""Sinais de recuperação da demanda global"", ""Projeções negativas para a demanda global em 2025"", ""otimismo macroeconômico"", ""expectativa de aumento da demanda"", ""Perspectivas de demanda global estável"", ""Expectativas de aumento na demanda global"", ""otimismo com a demanda global"", ""expectativas de aumento na demanda global"", ""expectativas de aumento na demanda"", ""Otimismo sobre demanda internacional""]",2.6935209761185304,0.7407300512500922,-0.9392181280197313,-0.27612378275718846,,
3,Avanço da vacinação em grandes economias,BRENT,4,4,news-cluster-v1,2021-02-22,2026-02-04,"[""2021-02-22"", ""2021-05-04"", ""2021-05-14"", ""2026-02-04""]","[""otimismo com recuperação econômica"", ""Avanço da vacinação em grandes economias"", ""Avanço da vacinação e reabertura econômica"", ""movimentos macroeconômicos favoráveis""]",2.8241990282200593,1.0915441856984216,,,,
4,As negociações nucleares e tensões geopolíticas envolvendo o Irã geram incertezas sobre o retorno e o impacto da oferta de petróleo iraniano no mercado.,BRENT,10,10,news-cluster-v1,2021-05-13,2024-04-17,"[""2021-05-13"", ""2021-05-19"", ""2021-05-20"", ""2021-05-21"", ""2021-05-24"", ""2021-05-24"", ""2021-05-24"", ""2021-06-21"", ""2022-02-08"", ""2024-04-17""]","[""Possível retorno da oferta de petróleo do Irã"", ""Expectativa de retomada das exportações de petróleo do Irã"", ""Expectativa de retorno do petróleo iraniano ao mercado"", ""Incertezas sobre o retorno do petróleo iraniano ao mercado"", ""Operadores mais otimistas de que o mercado pode absorver eventual aumento de oferta do petróleo iraniano, caso haja acordo nuclear."", ""Expectativas de que um novo acordo nuclear com o Irã era menos provável do que na semana anterior, reduzindo temores de aumento imediato da oferta."", ""Extensão do acordo de monitoramento entre Irã e a ONU, indicando que as negociações ainda não resultaram em aumento de oferta iraniana."", ""Atraso nas negociações nucleares com o Irã"", ""expectativas de avanço nas negociações nucleares entre EUA e Irã"", ""alívio nas tensões geopolíticas entre Irã e Israel""]",-0.06221446580587475,0.9046523129461924,0.3572978316424765,0.0799266223723828,,
5,Expectativa de aumento dos estoques de petróleo nos EUA,BRENT,27,27,news-cluster-v1,2020-12-18,2025-03-12,"[""2020-12-18"", ""2020-12-23"", ""2021-01-19"", ""2021-02-17"", ""2021-03-02"", ""2021-04-21"", ""2021-04-29"", ""2021-07-14"", ""2021-08-04"", ""2021-08-10"", ""2021-11-10"", ""2022-04-08"", ""2022-05-18"", ""2022-07-15"", ""2022-08-11"", ""2022-11-08"", ""2022-12-23"", ""2022-12-23"", ""2023-02-01"", ""2023-05-17"", ""2023-08-02"", ""2023-08-03"", ""2024-01-25"", ""2024-02-23"", ""2024-06-10"", ""2024-08-13"", ""2025-03-12""]","[""Expectativa de pacote de estímulo econômico nos EUA"", ""Queda nos estoques de petróleo dos EUA"", ""Otimismo com pacote de estímulo dos EUA"", ""Expectativa de queda nos estoques de petróleo dos EUA"", ""aumento dos estoques de petróleo nos EUA"", ""Alta nos estoques de petróleo dos EUA"", ""Dados econômicos positivos dos EUA"", ""Aumento inesperado dos estoques de petróleo nos EUA"", ""Queda menor que o esperado nos estoques de petróleo dos EUA"", ""Dados positivos de emprego nos EUA"", ""Aumento dos estoques de petróleo nos EUA"", ""Redução dos estoques de petróleo nos EUA"", ""Expectativa de aumento nos estoques de petróleo dos EUA"", ""Expectativas de aumento da demanda nos EUA"", ""Inflação dos EUA abaixo do esperado"", ""Expectativa de aumento dos estoques de petróleo nos EUA"", ""Expectativa de aumento da demanda nos EUA"", ""Queda nos estoques de petróleo bruto dos EUA"", ""Dados de estoques de petróleo nos EUA"", ""Queda inesperada nos estoques de petróleo dos EUA"", ""Aumento inesperado nos estoques de petróleo dos EUA"", ""Dados econômicos positivos dos EUA indicando demanda forte"", ""Dados positivos de demanda nos EUA"", ""Expectativa de estoques elevados nos EUA"", ""possível redução nos estoques dos EUA"", ""aumento nos estoques de petróleo dos EUA"", ""Dados econômicos positivos dos EUA e China""]",0.43576750135954545,-0.5029559860729715,0.5680107962207429,-0.6105088928323305,-2.5351363395203115,-0.592334138778346
6,Preocupações com interrupções e restrições na oferta de petróleo devido à guerra na Ucrânia.,BRENT,9,9,news-cluster-v1,2022-03-03,2022-08-11,"[""2022-03-03"", ""2022-03-21"", ""2022-03-23"", ""2022-04-08"", ""2022-04-13"", ""2022-05-11"", ""2022-05-26"", ""2022-06-24"", ""2022-08-11""]","[""volatilidade devido à guerra na Ucrânia"", ""Temores de interrupção no fornecimento russo devido à guerra na Ucrânia"", ""Temores de interrupção de oferta devido à guerra na Ucrânia"", ""Preocupações com oferta global devido à guerra na Ucrânia"", ""Temores de interrupção na oferta devido à guerra na Ucrânia"", ""Temores de restrição de oferta devido à guerra na Ucrânia"", ""Preocupações com restrições à oferta devido à guerra na Ucrânia"", ""Preocupações com restrição de oferta devido à guerra na Ucrânia"", ""Preocupações com oferta devido a interrupções em oleodutos""]",3.257069529009285,-0.8544223261706035,,,,
7,"Setor de petróleo mostra desempenho financeiro sólido e eficiente, impulsionado por produção recorde, leilões bem-sucedidos e altos dividendos, mesmo com Brent em patamar mais baixo.",BRENT,4,4,news-cluster-v1,2025-07-11,2025-10-22,"[""2025-07-11"", ""2025-07-11"", ""2025-07-29"", ""2025-10-22""]","[""Expectativa de resultados financeiros sólidos das petroleiras, especialmente da Petrobras, com produção recorde e margens robustas mesmo com Brent mais baixo"", ""Anúncio de pagamento de dividendos elevados e sinais de eficiência operacional, como o novo Programa de Demissão Voluntária (PDV) da Petrobras"", ""Aumento da produção de petróleo e gás pela Petrobras no 2º trimestre de 2025"", ""Resultados positivos do leilão de blocos do pré-sal promovido pela ANP, aumentando o otimismo sobre o setor de petróleo""]",2.6523299334439208,-0.7540517759889444,-0.8047641083493143,-0.2765280802473296,,
8,Furacão Ida causa interrupções na produção de petróleo nos EUA.,BRENT,4,4,news-cluster-v1,2021-08-27,2021-09-15,"[""2021-08-27"", ""2021-09-02"", ""2021-09-10"", ""2021-09-15""]","[""Aproximação do furacão Ida no Golfo do México"", ""Impacto do furacão Ida na produção americana"", ""Interrupções na produção dos EUA após o furacão Ida"", ""Impacto do furacão Ida na produção""]",2.222381646444402,0.6880095876755433,0.12242733679131401,,,
9,O progresso e otimismo em relação às vacinas contra Covid-19 impulsionam expectativas positivas para o mercado.,BRENT,6,6,news-cluster-v1,2020-11-16,2021-01-12,"[""2020-11-16"", ""2020-11-23"", ""2020-11-24"", ""2020-12-10"", ""2020-12-18"", ""2021-01-12""]","[""Anúncio de eficácia da vacina da Moderna contra Covid-19"", ""Avanço das vacinas contra Covid-19"", ""Avanços no desenvolvimento de vacinas contra Covid-19"", ""Início da vacinação contra Covid-19"", ""Otimismo com vacinas contra Covid-19"", ""Otimismo com vacinação contra Covid-19""]",1.9911608717821332,-2.5832348210482827,,,,
10,Apreciação do dólar e temores de recessão nos EUA,BRENT,24,24,news-cluster-v1,2021-01-22,2025-08-26,"[""2021-01-22"", ""2021-03-25"", ""2021-06-17"", ""2021-06-17"", ""2021-08-19"", ""2021-08-20"", ""2022-05-10"", ""2022-07-05"", ""2022-07-21"", ""2022-08-16"", ""2022-09-09"", ""2022-09-23"", ""2022-09-26"", ""2022-09-27"", ""2022-11-04"", ""2022-11-18"", ""2022-12-13"", ""2023-03-13"", ""2023-03-14"", ""2023-03-15"", ""2023-03-17"", ""2023-04-25"", ""2024-12-03"", ""2025-08-26""]","[""Valorização do dólar"", ""Fortalecimento do dólar"", ""Apreciação do dólar após decisão do Fed"", ""Expectativa de política monetária mais restritiva nos EUA"", ""Fortalecimento do dólar frente a outras moedas"", ""Apreciação do dólar frente a outras moedas"", ""Temores de recessão e fortalecimento do dólar"", ""Apreciação do dólar"", ""fortalecimento do dólar"", ""Apreciação do dólar e temores de recessão nos EUA"", ""Desvalorização do dólar frente a outras moedas"", ""Apreciação do dólar após alta de juros nos EUA"", ""Fortalecimento do dólar americano"", ""Dólar forte limitando ganhos"", ""Enfraquecimento do dólar"", ""Temores de recessão global e fortalecimento do dólar"", ""Queda do dólar e perspectiva de política monetária menos agressiva nos EUA"", ""Temores de crise bancária nos EUA"", ""Temores de crise bancária nos EUA e Europa"", ""Temores de crise bancária global"", ""Crise bancária nos EUA e Europa"", ""Temores de recessão nos EUA e dados econômicos fracos"", ""Dólar mais fraco frente a outras moedas"", ""Cenário externo turbulento, incluindo incertezas relacionadas ao Federal Reserve dos EUA, que afetaram o apetite por risco dos investidores""]",-1.4470742424931768,0.7388994412129667,0.9269475240821903,-0.7209586307274115,,
11,Preocupações com oferta restrita de petróleo,BRENT,56,56,news-cluster-v1,2021-01-06,2025-10-23,"[""2021-01-06"", ""2021-03-09"", ""2021-03-24"", ""2021-04-30"", ""2021-07-06"", ""2021-08-09"", ""2021-08-09"", ""2021-08-23"", ""2021-08-27"", ""2021-11-23"", ""2021-11-26"", ""2022-01-26"", ""2022-02-04"", ""2022-02-14"", ""2022-02-22"", ""2022-02-24"", ""2022-03-01"", ""2022-03-02"", ""2022-03-04"", ""2022-03-31"", ""2022-04-26"", ""2022-04-28"", ""2022-06-24"", ""2022-07-06"", ""2022-08-03"", ""2022-08-15"", ""2022-08-23"", ""2022-10-04"", ""2022-10-26"", ""2022-11-17"", ""2022-11-25"", ""2022-12-12"", ""2022-12-30"", ""2023-01-11"", ""2023-02-07"", ""2023-03-15"", ""2023-03-21"", ""2023-04-03"", ""2023-04-19"", ""2023-10-09"", ""2023-10-13"", ""2023-12-08"", ""2024-09-06"", ""2024-10-07"", ""2024-10-10"", ""2024-10-28"", ""2025-04-11"", ""2025-04-21"", ""2025-06-17"", ""2025-07-28"", ""2025-07-29"", ""2025-08-26"", ""2025-09-03"", ""2025-10-01"", ""2025-10-10"", ""2025-10-23""]","[""Expectativa de menor oferta global de petróleo"", ""expectativa de aumento na oferta global de petróleo"", ""Preocupações com oferta global de petróleo"", ""Preocupações com a demanda global de petróleo"", ""Incerteza sobre oferta futura de petróleo"", ""Aumento dos casos de Covid-19 nos Estados Unidos e China, os dois maiores consumidores de petróleo, gerando preocupações sobre a demanda global."", ""Temores de novas medidas de restrição social na China, o que poderia impactar ainda mais o consumo de petróleo."", ""Otimismo com a demanda global de petróleo"", ""Otimismo com a recuperação da demanda global por petróleo"", ""Expectativas de recuperação da demanda global de petróleo"", ""Possibilidade de novas restrições de mobilidade e queda na demanda por petróleo"", ""Preocupações com oferta restrita de petróleo"", ""Preocupações com restrições na oferta global de petróleo"", ""Temor de interrupção no fornecimento de petróleo"", ""Temor de interrupções no fornecimento global de petróleo"", ""Temor de interrupção no fornecimento global de petróleo"", ""Temores de sanções e restrições à oferta de petróleo russo"", ""Temor de restrições à oferta global de petróleo"", ""Temor de restrições na oferta global de petróleo devido a sanções"", ""Expectativa de aumento da oferta global de petróleo"", ""Temores de sanções europeias ao petróleo russo"", ""Temores de embargo europeu ao petróleo russo"", ""Expectativas de aumento da demanda global por petróleo"", ""Preocupações com a demanda por petróleo"", ""Aumento nos estoques de petróleo e decisão da OPEP+"", ""Expectativa de aumento da oferta de petróleo"", ""Preocupações com a oferta global de petróleo"", ""Redução da oferta global de petróleo"", ""Preocupações com oferta global devido a cortes da Opep+"", ""Temores de recessão e possível aumento de oferta russa"", ""Incertezas sobre o teto de preços do petróleo russo"", ""Preocupações com restrições à oferta russa"", ""Preocupações com oferta devido a sanções ao petróleo russo"", ""Sinais de restrição na oferta global de petróleo"", ""Preocupações com oferta devido ao terremoto na Turquia e restrições russas"", ""Preocupações com desaceleração econômica e demanda por petróleo"", ""Expectativas de aumento na demanda por petróleo"", ""Expectativa de restrição na oferta global de petróleo"", ""Perspectivas de demanda mais fraca por petróleo"", ""Risco de interrupção no fornecimento de petróleo"", ""Temor de interrupções no fornecimento de petróleo"", ""Sinais de demanda resiliente por petróleo"", ""Expectativa de aumento na oferta global de petróleo"", ""Temor de interrupção no fornecimento de petróleo no Oriente Médio"", ""Preocupação com oferta global de petróleo"", ""Aumento dos estoques de petróleo"", ""Sinais de recuperação da demanda global por petróleo"", ""Aumento da oferta global de petróleo, com destaque para maior produção no Brasil"", ""Sinais de restrição de oferta pela OPEP+"", ""Dados positivos sobre demanda global de petróleo"", ""Preocupações com excesso de oferta global de petróleo"", ""Declínio global do preço do petróleo, com preocupações sobre excesso de oferta no mercado internacional"", ""Pressão global sobre commodities e desempenho negativo das petrolíferas"", ""Preocupação dos investidores com a demanda global por petróleo"", ""Aumento da oferta global de petróleo pela OPEP+"", ""Temores de restrição na oferta global de petróleo devido à dificuldade de escoamento do petróleo russo""]",1.3290160695054565,0.44976584007766485,-0.00988725736379221,-2.0780086889349723,-0.030554868012758928,1.222311824384735
12,Realização de lucros após variações recentes no preço.,BRENT,6,6,news-cluster-v1,2021-02-19,2026-02-02,"[""2021-02-19"", ""2021-03-08"", ""2021-03-18"", ""2021-08-09"", ""2022-03-09"", ""2026-02-02""]","[""realização de lucros"", ""realização de lucros após altas recentes"", ""Realização de lucros após altas anteriores"", ""Movimento de realização de lucros após quedas acumuladas na semana anterior (quase 7,5%)."", ""Realização de lucros após forte alta recente"", ""Movimento técnico de realização de lucros""]",-5.311317731083706,3.7037005595435075,,,,
13,ajustes técnicos de mercado,BRENT,5,5,news-cluster-v1,2025-09-29,2026-03-23,"[""2025-09-29"", ""2026-01-15"", ""2026-01-15"", ""2026-01-22"", ""2026-03-23""]","[""ajustes técnicos de mercado"", ""Movimentos técnicos"", ""Ajustes de mercado"", ""Ajustes técnicos de mercado"", ""movimento técnico de mercado""]",-3.3343055786111115,0.580299469298776,,,,
14,Interrupções na produção de petróleo em países produtores impactam o mercado do Brent.,BRENT,4,4,news-cluster-v1,2021-08-24,2022-07-08,"[""2021-08-24"", ""2021-12-27"", ""2022-01-11"", ""2022-07-08""]","[""Interrupções na produção de petróleo no México"", ""Interrupções de produção na Líbia"", ""Interrupção de produção na Líbia"", ""expectativas de restrições na produção da Líbia""]",2.852870515114428,0.8818505854498,,,,
15,Diminuição das preocupações com o setor bancário.,BRENT,2,2,news-cluster-v1,2023-03-21,2023-03-27,"[""2023-03-21"", ""2023-03-27""]","[""Alívio nas preocupações com o setor bancário"", ""redução dos temores sobre o setor bancário""]",3.1236732446838493,0.6784418339259005,-0.4704421352875447,1.2646881441078421,,
16,Dados econômicos fracos e sinais de desaceleração indicam demanda global enfraquecida por Brent.,BRENT,19,19,news-cluster-v1,2021-08-02,2026-01-23,"[""2021-08-02"", ""2021-09-01"", ""2021-12-21"", ""2022-07-01"", ""2022-08-03"", ""2022-10-11"", ""2022-11-14"", ""2023-01-03"", ""2023-01-04"", ""2023-05-25"", ""2023-10-24"", ""2024-08-02"", ""2024-09-26"", ""2024-11-25"", ""2025-02-05"", ""2025-02-12"", ""2025-03-05"", ""2025-04-07"", ""2026-01-23""]","[""Dados econômicos fracos da China"", ""Dados econômicos fracos e expectativa por estoques dos EUA"", ""Sinais de recuperação econômica e estoques apertados"", ""dados econômicos fracos dos EUA"", ""Dados econômicos fracos dos EUA"", ""dados econômicos fracos dos EUA e China"", ""Dados econômicos fracos nos EUA"", ""Dados fracos da economia chinesa"", ""Dados econômicos fracos dos EUA e China"", ""Dados econômicos fracos indicando possível queda na demanda"", ""Dados econômicos fracos na Europa e China"", ""dados econômicos globais fracos"", ""sinais de desaceleração econômica global"", ""sinais de demanda global mais fraca"", ""dados econômicos fracos"", ""dados fracos de demanda global"", ""Sinais de desaceleração econômica"", ""demanda global enfraquecida"", ""Dados econômicos globais positivos""]",-2.179337882728096,0.14988938768990445,-0.5189709738907697,,,
17,expectativas de demanda resiliente,BRENT,3,3,news-cluster-v1,2021-12-07,2024-10-22,"[""2021-12-07"", ""2022-07-07"", ""2024-10-22""]","[""Perspectiva de demanda global resiliente"", ""expectativas de demanda resiliente"", ""demanda resiliente nos EUA""]",3.172611335063049,-1.4203074934920883,-0.773748450024768,,,
18,Temores sobre a variante Ômicron,BRENT,12,12,news-cluster-v1,2020-12-22,2021-12-31,"[""2020-12-22"", ""2021-06-28"", ""2021-07-19"", ""2021-08-19"", ""2021-09-01"", ""2021-11-26"", ""2021-11-30"", ""2021-12-01"", ""2021-12-06"", ""2021-12-07"", ""2021-12-21"", ""2021-12-31""]","[""Preocupações com nova variante da COVID-19"", ""Temores sobre impacto da variante Delta na demanda"", ""Temores sobre a variante Delta da Covid-19"", ""Temores sobre impacto da variante Delta na demanda global"", ""Temores sobre demanda devido à variante Delta"", ""Temor sobre a variante Ômicron da Covid-19"", ""Temores sobre a variante Ômicron da Covid-19"", ""Temores sobre a variante Ômicron"", ""Menor temor sobre impacto da variante Ômicron"", ""Menor preocupação com a gravidade da variante Ômicron"", ""Menor temor sobre impacto da Ômicron"", ""temores sobre a variante Ômicron""]",-1.0809142821795097,1.1402302073330683,,,,
19,Baixo volume de negociações em períodos específicos do calendário.,BRENT,2,2,news-cluster-v1,2021-12-31,2023-12-26,"[""2021-12-31"", ""2023-12-26""]","[""baixo volume típico de fim de ano"", ""Baixo volume de negociações pós-feriado""]",0.29395019988930626,-0.1043757454298,-1.581923555671351,-1.7221565054628178,-1.4927330116985038,
20,Tensões geopolíticas entre Rússia e Ucrânia,BRENT,14,14,news-cluster-v1,2022-01-25,2022-03-30,"[""2022-01-25"", ""2022-02-15"", ""2022-02-17"", ""2022-02-22"", ""2022-02-24"", ""2022-02-28"", ""2022-03-08"", ""2022-03-11"", ""2022-03-14"", ""2022-03-15"", ""2022-03-17"", ""2022-03-24"", ""2022-03-28"", ""2022-03-30""]","[""Tensões geopolíticas entre Rússia e Ucrânia"", ""Redução das tensões geopolíticas entre Rússia e Ucrânia"", ""Redução das tensões entre Rússia e Ucrânia"", ""Escalada das tensões entre Rússia e Ucrânia"", ""Invasão da Ucrânia pela Rússia"", ""Escalada da guerra entre Rússia e Ucrânia"", ""Escalada do conflito Rússia-Ucrânia"", ""Guerra na Ucrânia"", ""Progresso nas negociações entre Rússia e Ucrânia"", ""Expectativa de progresso nas negociações entre Rússia e Ucrânia"", ""Otimismo com negociações de paz entre Rússia e Ucrânia"", ""Negociações de cessar-fogo entre Rússia e Ucrânia"", ""Progresso nas negociações de paz entre Rússia e Ucrânia"", ""Tensões geopolíticas envolvendo Rússia e Europa""]",0.03954289340171087,-5.12114736561412,,,,
21,Expectativa de alta de juros pelo Fed,BRENT,12,12,news-cluster-v1,2022-03-17,2023-12-14,"[""2022-03-17"", ""2022-05-03"", ""2022-05-04"", ""2022-06-15"", ""2022-06-17"", ""2022-07-27"", ""2022-12-14"", ""2023-01-30"", ""2023-02-01"", ""2023-02-22"", ""2023-06-22"", ""2023-12-14""]","[""Decisão do Fed sobre juros e expectativas de demanda"", ""Expectativa de alta de juros pelo Fed"", ""Decisão do Fed sobre política monetária"", ""Aumento dos juros pelo Federal Reserve"", ""Aumento das taxas de juros por bancos centrais"", ""Decisão do Fed em linha com o esperado"", ""Sinalização do Fed de ritmo mais lento de alta de juros"", ""Expectativa de alta de juros nos EUA"", ""Alta dos juros pelo Fed"", ""Expectativa de juros mais altos nos EUA"", ""Temores de alta de juros nos EUA"", ""Expectativa de cortes de juros pelo Fed""]",0.04257324989911534,0.3070122863693066,,,,
22,Redução dos riscos geopolíticos no Oriente Médio,BRENT,8,8,news-cluster-v1,2023-10-23,2024-10-22,"[""2023-10-23"", ""2023-10-25"", ""2023-10-26"", ""2023-10-30"", ""2023-11-01"", ""2023-11-03"", ""2023-12-26"", ""2024-10-22""]","[""redução do risco geopolítico no Oriente Médio"", ""Tensões geopolíticas no Oriente Médio"", ""Redução dos temores de interrupção de oferta no Oriente Médio"", ""Redução dos riscos geopolíticos no Oriente Médio"", ""Redução dos temores geopolíticos no Oriente Médio"", ""redução dos riscos geopolíticos no Oriente Médio"", ""Tensões geopolíticas no Mar Vermelho"", ""tensões geopolíticas no Oriente Médio""]",-0.81638048549939,-0.943419436756313,-1.1778360028480594,-1.7221565054628178,-1.4927330116985038,
23,Perspectiva de oferta restrita e demanda forte,BRENT,3,3,news-cluster-v1,2022-02-11,2025-04-21,"[""2022-02-11"", ""2023-07-24"", ""2025-04-21""]","[""Perspectiva de oferta restrita e demanda forte"", ""Expectativas de oferta restrita no mercado global"", ""Demanda limitada e estoques elevados""]",0.9577377608630031,1.970483117254162,,,,
24,Expectativas e incertezas sobre decisões da OPEP+ em relação a cortes ou ajustes na produção de petróleo.,BRENT,66,66,news-cluster-v1,2020-11-16,2026-03-05,"[""2020-11-16"", ""2020-11-23"", ""2020-12-10"", ""2021-02-08"", ""2021-02-12"", ""2021-02-22"", ""2021-03-03"", ""2021-03-04"", ""2021-03-05"", ""2021-03-19"", ""2021-04-05"", ""2021-06-02"", ""2021-06-15"", ""2021-06-28"", ""2021-07-06"", ""2021-07-09"", ""2021-07-13"", ""2021-07-14"", ""2021-07-15"", ""2021-07-19"", ""2021-10-04"", ""2021-11-03"", ""2021-11-05"", ""2021-11-30"", ""2021-12-01"", ""2022-02-01"", ""2022-06-28"", ""2022-07-15"", ""2022-08-01"", ""2022-08-18"", ""2022-08-23"", ""2022-08-29"", ""2022-08-31"", ""2022-09-27"", ""2022-09-28"", ""2022-10-04"", ""2022-10-07"", ""2022-10-13"", ""2022-11-23"", ""2023-04-03"", ""2023-05-08"", ""2023-06-01"", ""2023-06-13"", ""2023-06-15"", ""2023-06-28"", ""2023-08-03"", ""2023-09-27"", ""2023-10-27"", ""2023-11-16"", ""2023-11-20"", ""2023-12-01"", ""2023-12-06"", ""2024-03-13"", ""2024-06-03"", ""2024-08-23"", ""2024-08-26"", ""2024-09-11"", ""2024-10-03"", ""2025-04-11"", ""2025-05-08"", ""2025-06-13"", ""2025-09-03"", ""2026-01-13"", ""2026-01-23"", ""2026-03-05"", ""2026-03-05""]","[""Expectativa de cortes de produção pela Opep+"", ""Expectativa de extensão dos cortes de produção pela OPEP+"", ""Cortes de produção pela Opep+"", ""Cortes de produção da Opep+"", ""Cortes de produção pela OPEP+"", ""restrições na oferta devido a cortes da OPEP+"", ""Expectativa de manutenção dos cortes de produção pela OPEP+"", ""Expectativa de manutenção dos cortes de produção pela Opep+"", ""Decisão da Opep+ de manter cortes de produção"", ""restrições de oferta pela OPEP+"", ""Decisão da OPEP+ de elevar produção"", ""Decisão da Opep+ sobre produção"", ""Restrições de oferta pela OPEP+"", ""Incertezas sobre decisão da OPEP+"", ""Impasse na reunião da OPEP+"", ""Incerteza sobre acordo de produção da OPEP+"", ""Impasse nas negociações da OPEP+"", ""Incertezas sobre o acordo de produção da OPEP+"", ""Incerteza sobre acordo da OPEP+"", ""Acordo da OPEP+ para aumento da produção"", ""Decisão da Opep+ de manter aumento gradual da produção"", ""Expectativa de manutenção da produção pela OPEP+"", ""Decisão da OPEP+ de manter aumento gradual da produção"", ""Expectativa pela reunião da Opep+"", ""Expectativa pela decisão da OPEP+"", ""expectativa pela reunião da OPEP+"", ""Tensões geopolíticas e restrições de produção em países exportadores"", ""Incertezas sobre a oferta da OPEP+"", ""Expectativa pela reunião da OPEP+"", ""Expectativa de restrição de oferta pela OPEP+"", ""Sinalização da Arábia Saudita sobre cortes de produção da Opep+"", ""Sinalização da OPEP+ sobre cortes de produção"", ""Expectativa sobre decisão da OPEP+"", ""Expectativa de corte de produção pela Opep+"", ""Expectativa de corte de produção pela OPEP+"", ""Expectativa de corte significativo de produção pela Opep+"", ""Corte de produção anunciado pela Opep+"", ""Corte de produção pela Opep+"", ""Especulações sobre aumento de produção pela OPEP+"", ""Corte surpresa de produção pela OPEP+"", ""Expectativas de cortes de produção pela OPEP+"", ""Expectativa de cortes de produção pela OPEP+"", ""Cortes de oferta pela OPEP+"", ""Cortes de produção da OPEP+"", ""Expectativa de cortes de produção por grandes exportadores"", ""Expectativa de cortes adicionais na produção por grandes exportadores"", ""Cortes de produção mantidos pela OPEP+"", ""Expectativas de restrição de oferta pela Opep+"", ""Incerteza sobre cortes de produção da OPEP+"", ""Expectativa de cortes adicionais de produção pela Opep+"", ""Decepção com decisão da Opep+"", ""Dúvidas sobre cortes da OPEP+"", ""Tensões geopolíticas e cortes de produção da Opep+"", ""Decisão da Opep+ de iniciar reversão gradual dos cortes de produção"", ""Expectativa de cortes de oferta pela OPEP+"", ""expectativas de cortes de produção"", ""Cortes de produção por países da OPEP+"", ""Expectativa de intervenção da OPEP+"", ""Expectativa de cortes na produção da OPEP+"", ""Manutenção dos cortes de produção pela OPEP+"", ""Expectativa de cortes na produção pela OPEP+"", ""Expectativa de aumento de produção pela Opep+"", ""sinais de cortes de produção pela OPEP+"", ""Expectativas de cortes na produção da OPEP"", ""Cortes de produção anunciados por países da OPEP+"", ""Tensões geopolíticas em regiões produtoras de petróleo""]",1.198335101402489,0.23221059687287476,1.1010619186364563,0.6005018789833385,-0.9708748787777668,-0.7445997275838491
25,Ausência de notícias relevantes,BRENT,1,1,news-cluster-v1,2026-03-10,2026-03-10,"[""2026-03-10""]","[""Ausência de notícias relevantes""]",-11.277279846363605,,,,,
26,Cortes de produção de petróleo pela Arábia Saudita e Rússia influenciam o mercado do Brent.,BRENT,7,7,news-cluster-v1,2021-01-05,2023-07-11,"[""2021-01-05"", ""2021-01-08"", ""2021-01-12"", ""2022-07-18"", ""2023-07-05"", ""2023-07-07"", ""2023-07-11""]","[""Corte voluntário de produção pela Arábia Saudita"", ""Corte de produção anunciado pela Arábia Saudita"", ""Cortes de produção pela Arábia Saudita"", ""Expectativas de produção estável pela Arábia Saudita"", ""Extensão dos cortes de produção pela Arábia Saudita"", ""Cortes de produção pela Arábia Saudita e Rússia"", ""Cortes de produção anunciados por Arábia Saudita e Rússia""]",3.22120838132256,-0.7917015470437838,,,,
27,Escalada do conflito Israel-Hamas,BRENT,4,4,news-cluster-v1,2023-10-09,2024-10-07,"[""2023-10-09"", ""2023-10-13"", ""2023-10-24"", ""2024-10-07""]","[""Conflito Israel-Hamas"", ""Escalada do conflito Israel-Hamas"", ""Redução dos temores de escalada no conflito Israel-Hamas"", ""Conflito entre Israel e Hamas""]",2.9093953285322547,-0.9657495618181562,,,,
28,Alta dos rendimentos dos Treasuries dos EUA impacta o Brent.,BRENT,1,1,news-cluster-v1,2021-02-26,2021-02-26,"[""2021-02-26""]","[""alta dos rendimentos dos Treasuries dos EUA""]",-1.121411529306949,-3.689700178511468,,,,
29,Novas restrições de mobilidade na Europa,BRENT,4,4,news-cluster-v1,2020-12-22,2021-12-20,"[""2020-12-22"", ""2021-01-04"", ""2021-01-15"", ""2021-12-20""]","[""Possíveis restrições de viagens e impacto na demanda"", ""Novas restrições de mobilidade na Europa"", ""Novas restrições de mobilidade em grandes economias"", ""Possibilidade de restrições de mobilidade e impacto na demanda""]",-2.015230628395642,,,,,
30,Aversão ao risco influencia a dinâmica dos mercados financeiros globais.,BRENT,3,3,news-cluster-v1,2021-08-23,2023-03-14,"[""2021-08-23"", ""2023-03-13"", ""2023-03-14""]","[""Recuperação dos mercados financeiros globais"", ""Aumento da aversão ao risco global"", ""Aumento da aversão ao risco nos mercados globais""]",-0.35380748487447794,,,,,
31,Nova variante do coronavírus no Reino Unido,BRENT,1,1,news-cluster-v1,2020-12-21,2020-12-21,"[""2020-12-21""]","[""Nova variante do coronavírus no Reino Unido""]",-2.5832348210482827,,,,,
32,Brent registra forte alta acompanhando o avanço das commodities energéticas no mercado internacional.,BRENT,1,1,news-cluster-v1,2025-10-22,2025-10-22,"[""2025-10-22""]","[""Forte avanço das commodities energéticas no mercado internacional, com Brent e WTI disparando mais de 4% durante o dia""]",2.0711031703916785,,,,,
33,Bloqueio do Canal de Suez,BRENT,1,1,news-cluster-v1,2021-03-24,2021-03-24,"[""2021-03-24""]","[""Bloqueio do Canal de Suez""]",5.954931225634163,,,,,
34,Alta demanda global por energia,BRENT,1,1,news-cluster-v1,2021-10-04,2021-10-04,"[""2021-10-04""]","[""Alta demanda global por energia""]",2.497481568391056,,,,,
35,Ataques a navios no Mar Vermelho,BRENT,2,2,news-cluster-v1,2024-01-03,2024-01-22,"[""2024-01-03"", ""2024-01-22""]","[""Ataques a navios no Mar Vermelho"", ""Preocupações com oferta devido a ataques no Mar Vermelho""]",2.5095668281703842,-0.7402352753433578,1.0619479581848994,-3.351954441395334,,
36,Preocupações com restrições por COVID-19 na Europa impactam o Brent.,BRENT,2,2,news-cluster-v1,2021-03-25,2021-11-19,"[""2021-03-25"", ""2021-11-19""]","[""Novos lockdowns na Europa"", ""Temores de novas restrições por COVID-19 na Europa""]",-3.3559744571631844,1.0267430154144912,,,,
37,Ataques a instalações petrolíferas impactam o mercado do Brent.,BRENT,2,2,news-cluster-v1,2022-03-21,2022-04-04,"[""2022-03-21"", ""2022-04-04""]","[""Ataques a instalações petrolíferas na Arábia Saudita"", ""ataques a instalações de petróleo na Rússia""]",5.066470523180086,-0.4743806128284096,,,,
38,Cobertura de posições vendidas após forte queda,BRENT,1,1,news-cluster-v1,2024-10-03,2024-10-03,"[""2024-10-03""]","[""Cobertura de posições vendidas após forte queda""]",5.033831047216453,0.5539813063131026,3.6899386813708865,,,
39,"Expectativa e anúncios de liberação de reservas estratégicas de petróleo, especialmente pelos EUA.",BRENT,10,10,news-cluster-v1,2021-10-27,2022-04-06,"[""2021-10-27"", ""2021-11-10"", ""2021-11-17"", ""2021-11-19"", ""2021-11-23"", ""2022-03-03"", ""2022-03-09"", ""2022-03-31"", ""2022-04-01"", ""2022-04-06""]","[""Expectativa de liberação de reservas estratégicas americanas"", ""Expectativa de liberação de reservas estratégicas dos EUA"", ""Possível liberação de reservas estratégicas por grandes consumidores"", ""Expectativa de liberação de reservas estratégicas de petróleo"", ""Liberação coordenada de reservas estratégicas por EUA e outros países"", ""expectativa de liberação de reservas estratégicas"", ""Expectativa de liberação de reservas estratégicas"", ""Anúncio dos EUA de liberação de reservas estratégicas"", ""Anúncio dos EUA de liberação de 1 milhão de barris por dia de suas reservas estratégicas"", ""Liberação de reservas estratégicas de petróleo pelos EUA""]",-3.5570686819130644,2.0173467007369945,-0.8276754391815284,,,
40,Projeções de preço do Brent estão sendo revisadas para baixo por analistas e órgãos.,BRENT,2,2,news-cluster-v1,2025-04-21,2025-10-01,"[""2025-04-21"", ""2025-10-01""]","[""Revisões para baixo nas projeções de preço do Brent por órgãos e analistas"", ""Ajustes de produção e revisões para baixo nas projeções de preço do Brent""]",-2.496628942080961,-0.058304120106238866,0.6551211432643431,1.4566906232575825,-0.030554868012758928,1.222311824384735
41,Otimismo com negociações do teto da dívida dos EUA,BRENT,4,4,news-cluster-v1,2023-05-17,2023-06-01,"[""2023-05-17"", ""2023-05-24"", ""2023-05-25"", ""2023-06-01""]","[""Otimismo com negociações do teto da dívida dos EUA"", ""Progresso nas negociações do teto da dívida dos EUA"", ""Incerteza sobre o teto da dívida dos EUA"", ""Aprovação do acordo do teto da dívida dos EUA""]",1.0660929519519022,-0.2622597107121599,-0.3690993633589128,0.542466291058467,,
42,Tensões comerciais entre EUA e China impactam o mercado do Brent.,BRENT,2,2,news-cluster-v1,2025-04-21,2025-10-10,"[""2025-04-21"", ""2025-10-10""]","[""Tensões comerciais internacionais, especialmente entre EUA e China"", ""Tensões comerciais entre EUA e China, com ameaça de novas tarifas""]",-3.1596583925857775,1.3607013681709235,,,,
43,otimismo dos investidores,BRENT,1,1,news-cluster-v1,2026-03-03,2026-03-03,"[""2026-03-03""]","[""otimismo dos investidores""]",4.708005869157745,,,,,
44,"Preocupações com a demanda e oferta globais, incluindo riscos de recessão, excesso ou restrição de oferta e impactos econômicos da China e da Covid-19.",BRENT,53,53,news-cluster-v1,2020-12-21,2026-02-27,"[""2020-12-21"", ""2021-01-15"", ""2021-02-19"", ""2021-03-01"", ""2021-03-08"", ""2021-03-23"", ""2021-11-05"", ""2022-03-30"", ""2022-04-11"", ""2022-04-19"", ""2022-04-25"", ""2022-05-09"", ""2022-05-17"", ""2022-06-08"", ""2022-06-15"", ""2022-06-28"", ""2022-07-07"", ""2022-07-18"", ""2022-07-21"", ""2022-08-04"", ""2022-08-16"", ""2022-08-30"", ""2022-09-15"", ""2022-11-08"", ""2022-11-14"", ""2022-11-17"", ""2022-11-18"", ""2022-11-25"", ""2022-12-05"", ""2022-12-06"", ""2023-10-05"", ""2023-10-23"", ""2023-10-30"", ""2023-11-03"", ""2023-11-07"", ""2023-12-01"", ""2023-12-06"", ""2023-12-12"", ""2023-12-14"", ""2024-01-08"", ""2024-02-01"", ""2024-05-30"", ""2024-06-03"", ""2024-06-17"", ""2024-08-02"", ""2024-09-26"", ""2024-10-01"", ""2024-10-14"", ""2025-03-05"", ""2025-04-04"", ""2025-04-04"", ""2026-01-29"", ""2026-02-27""]","[""Preocupações com restrições de viagens e demanda global"", ""Preocupações com demanda devido à pandemia"", ""preocupações com aumento da oferta"", ""incertezas sobre demanda devido à COVID-19"", ""preocupações com demanda devido à Covid-19"", ""Preocupações com demanda global e lockdowns"", ""Preocupações com oferta restrita e estoques baixos"", ""Preocupações com restrição de oferta global"", ""Preocupações com desaceleração econômica global"", ""Preocupações com lockdowns na China"", ""Temores de desaceleração econômica global"", ""temores de recessão global"", ""Temores de recessão global"", ""Preocupações com restrições de oferta global"", ""Temor de recessão global e queda na demanda"", ""Preocupações com oferta global"", ""preocupações com oferta global"", ""Preocupações com restrições de oferta"", ""preocupações com recessão global"", ""Preocupações com recessão global e demanda enfraquecida"", ""Preocupações com a demanda global após dados fracos da China"", ""Temor de recessão global"", ""Preocupações com demanda global"", ""Preocupações com a demanda chinesa"", ""Preocupações com demanda na China devido à COVID-19"", ""Preocupações com demanda global devido à COVID-19 na China"", ""Preocupações com a demanda chinesa devido à COVID-19"", ""Preocupações com restrições de Covid-19 na China"", ""Preocupações com demanda global e economia chinesa"", ""Preocupações com a demanda global"", ""Preocupações com a demanda global e dados econômicos fracos"", ""preocupações com a demanda global"", ""Preocupações com a demanda global, especialmente da China"", ""preocupações com a demanda global após dados econômicos dos EUA"", ""Preocupações com a demanda global, especialmente na China"", ""Preocupação com excesso de oferta global"", ""Preocupações com excesso de oferta"", ""Temores de excesso de oferta"", ""Preocupações com oferta devido a tensões geopolíticas"", ""preocupações com demanda chinesa"", ""Preocupações com demanda global mais fraca"", ""Preocupações com demanda global e dados econômicos dos EUA"", ""Preocupações com excesso de oferta no mercado global"", ""Preocupações com a oferta devido a tensões geopolíticas"", ""preocupações com excesso de oferta"", ""preocupação com excesso de oferta"", ""Preocupações com oferta restrita"", ""preocupações com demanda global"", ""Excesso de oferta global"", ""temores de excesso de oferta"", ""preocupações com demanda global enfraquecida"", ""Preocupações com a oferta"", ""preocupações com oferta""]",-2.063684908350928,0.2859256981074327,-0.9524401135999506,-0.3558095439540578,0.13816334995195345,1.8620061424358563
45,Interrupções na produção de Brent causadas por frio extremo nos EUA.,BRENT,2,2,news-cluster-v1,2021-02-16,2021-02-17,"[""2021-02-16"", ""2021-02-17""]","[""Interrupção da produção devido ao frio extremo nos EUA"", ""Interrupção de produção devido ao frio extremo nos EUA""]",1.51819542976181,-0.6372335344280894,,,,
46,ajustes de posição de investidores,BRENT,1,1,news-cluster-v1,2026-01-08,2026-01-08,"[""2026-01-08""]","[""ajustes de posição de investidores""]",3.385594771497976,,,,,
47,Aumento de casos de COVID-19 na Índia,BRENT,8,8,news-cluster-v1,2021-01-04,2022-11-23,"[""2021-01-04"", ""2021-03-18"", ""2021-04-21"", ""2021-04-30"", ""2021-05-13"", ""2021-05-20"", ""2021-07-15"", ""2022-11-23""]","[""Aumento de casos de COVID-19"", ""Aumento de casos de COVID-19 na Europa"", ""Aumento de casos de COVID-19 na Índia"", ""Aumento dos casos de COVID-19 na Índia"", ""Aumento de casos de COVID-19 na Ásia"", ""Temores sobre aumento de casos de COVID-19 na Ásia"", ""Aumento dos casos de COVID-19"", ""Aumento de casos de Covid-19 na China""]",-2.845540212708877,0.2917198452332751,1.0856254860968286,-0.6958086223351648,,
48,Aperto monetário do Federal Reserve,BRENT,1,1,news-cluster-v1,2021-12-17,2021-12-17,"[""2021-12-17""]","[""Aperto monetário do Federal Reserve""]",-1.9994668983214823,-2.7203483287816743,,,,
49,Ajuste técnico após quedas recentes.,BRENT,1,1,news-cluster-v1,2021-07-21,2021-07-21,"[""2021-07-21""]","[""Ajuste técnico após quedas recentes""]",4.152855005306472,,,,,
