,Close_PETR4.SA,Close_BZ=F,Close_USDBRL=X
2020-11-12,6.490695476531982,43.52999877929688,5.389999866485596
2020-11-13,6.703990459442139,42.77999877929688,5.456699848175049
2020-11-16,6.899513244628906,43.81999969482422,5.456999778747559
2020-11-17,7.018009662628174,43.75,5.414899826049805
2020-11-18,6.976534366607666,44.34000015258789,5.327199935913086
2020-11-19,7.056519985198975,44.20000076293945,5.361700057983398
2020-11-20,,44.959999084472656,5.304500102996826
2020-11-23,7.435712337493896,46.060001373291016,5.378099918365479
2020-11-24,7.767505168914795,47.86000061035156,5.440599918365479
2020-11-25,7.776392936706543,48.61000061035156,5.372600078582764
2020-11-26,7.649005889892578,,5.3225998878479
2020-11-27,7.55420970916748,48.18000030517578,5.335299968719482
2020-11-30,7.37646484375,47.59000015258789,5.34250020980835
2020-12-01,7.583833694458008,47.41999816894531,5.331099987030029
2020-12-02,7.675670623779297,48.25,5.204899787902832
2020-12-03,7.891927719116211,48.709999084472656,5.216300010681152
2020-12-04,8.155585289001465,49.25,5.151000022888184
2020-12-07,7.998576641082764,48.790000915527344,5.154399871826172
2020-12-08,7.897853374481201,48.84000015258789,5.098299980163574
2020-12-09,7.980799674987793,48.86000061035156,5.119699954986572
2020-12-10,8.241495132446289,50.25,5.169700145721436
2020-12-11,8.167433738708496,49.970001220703125,5.024199962615967
2020-12-14,8.182246208190918,50.290000915527344,5.064199924468994
2020-12-15,8.250383377075195,50.7599983215332,5.117700099945068
2020-12-16,8.351102828979492,51.08000183105469,5.078884124755859
2020-12-17,8.365918159484863,51.5,5.083199977874756
2020-12-18,8.324443817138672,52.2599983215332,5.056900024414063
2020-12-21,8.004501342773438,50.90999984741211,5.100599765777588
2020-12-22,8.081524848937988,50.08000183105469,5.118937969207764
2020-12-23,8.28000545501709,51.20000076293945,5.1566548347473145
2020-12-24,,51.290000915527344,5.2153000831604
2020-12-25,,,5.2153000831604
2020-12-28,8.348143577575684,50.86000061035156,5.2153000831604
2020-12-29,8.374802589416504,51.09000015258789,5.2459001541137695
2020-12-30,8.395541191101074,51.34000015258789,5.208600044250488
2020-12-31,,51.79999923706055,5.190838813781738
2021-01-01,,,5.1921000480651855
2021-01-04,8.564398765563965,51.09000015258789,5.19189977645874
2021-01-05,8.89915657043457,53.59999847412109,5.295300006866455
2021-01-06,8.91693115234375,54.29999923706055,5.28410005569458
2021-01-07,9.183548927307127,54.380001068115234,5.312900066375732
2021-01-08,9.219099044799805,55.9900016784668,5.40880012512207
2021-01-11,9.142075538635254,55.65999984741211,5.412188053131104
2021-01-12,9.073938369750977,56.58000183105469,5.48769998550415
2021-01-13,8.635498046875,56.060001373291016,5.321400165557861
2021-01-14,8.724371910095215,56.41999816894531,5.297500133514404
2021-01-15,8.330368995666504,55.09999847412109,5.195799827575684
2021-01-18,8.31555461883545,,5.291299819946289
2021-01-19,8.499226570129395,55.900001525878906,5.2947998046875
2021-01-20,8.357030868530273,56.08000183105469,5.3566999435424805
2021-01-21,8.16150951385498,56.09999847412109,5.290500164031982
2021-01-22,8.025237083435059,55.40999984741211,5.349500179290772
2021-01-25,,55.880001068115234,5.465499877929688
2021-01-26,7.998576641082764,55.90999984741211,5.465499877929688
2021-01-27,8.117071151733398,55.810001373291016,5.353799819946289
2021-01-28,8.22371768951416,55.52999877929688,5.412600040435791
2021-01-29,7.906738758087158,55.880001068115234,5.437989234924316
2021-02-01,8.155585289001465,56.34999847412109,5.4608001708984375
2021-02-02,8.490340232849121,57.459999084472656,5.430500030517578
2021-02-03,8.573287963867188,58.459999084472656,5.366899967193604
2021-02-04,8.537737846374512,58.84000015258789,5.352000236511231
2021-02-05,8.543663024902344,59.34000015258789,5.4257001876831055
2021-02-08,8.327404022216797,60.560001373291016,5.369200229644775
2021-02-09,8.158547401428223,61.09000015258789,5.364299774169922
2021-02-10,8.23556900024414,61.470001220703125,5.376699924468994
2021-02-11,8.31851863861084,61.13999938964844,5.384900093078613
2021-02-12,8.425166130065918,62.43000030517578,5.3653998374938965
2021-02-15,,,5.368599891662598
2021-02-16,,63.34999847412109,5.368000030517578
2021-02-17,8.76584529876709,64.33999633789062,5.369400024414063
2021-02-18,8.67104721069336,63.93000030517578,5.409800052642822
2021-02-19,8.096336364746094,62.90999984741211,5.42579984664917
2021-02-22,6.419596195220947,65.23999786376953,5.38070011138916
2021-02-23,7.12761926651001,65.37000274658203,5.463399887084961
2021-02-24,7.228341102600098,67.04000091552734,5.439599990844727
2021-02-25,6.869888305664063,66.87999725341797,5.402964115142822
2021-02-26,6.588456153869629,66.12999725341797,5.528025150299072
2021-03-01,6.517357349395752,63.68999862670898,5.597599983215332
2021-03-02,6.514394283294678,62.70000076293945,5.640699863433838
2021-03-03,6.277400016784668,64.06999969482422,5.675099849700928
2021-03-04,6.582531452178955,66.73999786376953,5.617499828338623
2021-03-05,6.632892608642578,69.36000061035156,5.668300151824951
2021-03-08,6.250738143920898,68.23999786376953,5.689499855041504
2021-03-09,6.395896911621094,67.5199966430664,5.874599933624268
2021-03-10,6.618079662322998,67.9000015258789,5.801499843597412
2021-03-11,6.899513244628906,69.62999725341797,5.67110013961792
2021-03-12,6.863961696624756,69.22000122070312,5.534800052642822
2021-03-15,7.00615930557251,68.87999725341797,5.495155811309815
2021-03-16,6.896549224853516,68.38999938964844,5.614500045776367
2021-03-17,7.133545398712158,68.0,5.6234002113342285
2021-03-18,6.884700775146484,63.27999877929688,5.583099842071533
2021-03-19,7.10984468460083,64.52999877929688,5.558700084686279
2021-03-22,6.967647552490234,64.62000274658203,5.493563175201416
2021-03-23,6.754351615905762,60.790000915527344,5.505499839782715
2021-03-24,6.760276794433594,64.41000366210938,5.520400047302246
2021-03-25,6.8728508949279785,61.95000076293945,5.61959981918335
2021-03-26,6.949873924255371,64.56999969482422,5.648399829864502
2021-03-28,,,5.752399921417236
2021-03-29,7.059484481811523,64.9800033569336,5.780799865722656
2021-03-30,7.059484481811523,64.13999938964844,5.771599769592285
2021-03-31,7.13947057723999,63.540000915527344,5.63129997253418
2021-04-01,7.077258586883545,64.86000061035156,5.707399845123291
2021-04-04,,,5.710599899291992
2021-04-05,7.121695041656494,62.150001525878906,5.662700176239014
2021-04-06,7.115771293640137,62.7400016784668,5.593200206756592
2021-04-07,7.10984468460083,63.15999984741211,5.612100124359131
2021-04-08,7.02097225189209,63.20000076293945,5.566599845886231
2021-04-09,7.00615930557251,62.95000076293945,
2021-04-11,,,5.679299831390381
2021-04-12,7.077258586883545,63.27999877929688,5.732200145721436
2021-04-13,7.100956916809082,63.66999816894531,5.716300010681152
2021-04-14,7.213530540466309,66.58000183105469,5.652900218963623
2021-04-15,7.070477485656738,66.94000244140625,5.614999771118164
2021-04-16,7.027606964111328,66.7699966430664,
2021-04-18,,,5.5858001708984375
2021-04-19,7.434872150421143,67.05000305175781,5.545300006866455
2021-04-20,7.294013023376465,66.56999969482422,5.56790018081665
2021-04-21,,65.31999969482422,5.56790018081665
2021-04-22,7.260330200195312,65.4000015258789,5.44320011138916
2021-04-23,7.254206657409668,66.11000061035156,
2021-04-25,,,5.477200031280518
2021-04-26,7.281764984130859,65.6500015258789,5.435299873352051
2021-04-27,7.0735392570495605,66.41999816894531,5.451000213623047
2021-04-28,7.330759048461914,67.2699966430664,5.341400146484375
2021-04-29,7.2327704429626465,68.55999755859375,5.336400032043457
2021-04-30,7.2327704429626465,67.25,
2021-05-02,,,5.439700126647949
2021-05-03,7.17458963394165,67.55999755859375,5.43809986114502
2021-05-04,7.009234428405762,68.87999725341797,5.442599773406982
2021-05-05,7.297077178955078,68.95999908447266,5.352700233459473
2021-05-06,7.196025848388672,68.08999633789062,5.273430824279785
2021-05-07,7.465492725372314,68.27999877929688,
2021-05-09,,,5.235499858856201
2021-05-10,7.563483238220215,68.31999969482422,5.2221999168396
2021-05-11,7.701277732849121,68.55000305175781,5.221199989318848
2021-05-12,7.587978363037109,69.31999969482422,5.303100109100342
2021-05-13,7.65228271484375,67.05000305175781,5.307700157165527
2021-05-14,8.053423881530762,68.70999908447266,
2021-05-16,,,5.269499778747559
2021-05-17,8.163661003112793,69.45999908447266,5.271500110626221
2021-05-18,8.068731307983398,68.70999908447266,5.259500026702881
2021-05-19,8.007492065429688,66.66000366210938,5.308000087738037
2021-05-20,7.940124988555908,65.11000061035156,5.281300067901611
2021-05-21,7.946249008178711,66.44000244140625,
2021-05-23,,,5.361800193786621
2021-05-24,8.08098316192627,68.45999908447266,5.31850004196167
2021-05-25,7.912564277648926,68.6500015258789,5.330699920654297
2021-05-26,7.989118576049805,68.87000274658203,5.310500144958496
2021-05-27,7.934000015258789,69.45999908447266,5.2382001876831055
2021-05-28,8.264711380004883,69.62999725341797,
2021-05-30,,,5.23799991607666
2021-05-31,8.227967262268066,,5.216599941253662
2021-06-01,8.356576919555664,70.25,5.149700164794922
2021-06-02,8.534180641174316,71.3499984741211,5.07450008392334
2021-06-03,,71.30999755859375,5.076300144195557
2021-06-04,8.727094650268555,71.88999938964844,
2021-06-06,,,5.044600009918213
2021-06-07,8.662789344787598,71.48999786376953,5.045199871063232
2021-06-08,8.77608871459961,72.22000122070312,5.034900188446045
2021-06-09,8.77608871459961,72.22000122070312,5.061500072479248
2021-06-10,8.782214164733887,72.5199966430664,5.054500102996826
2021-06-11,8.748528480529785,72.69000244140625,
2021-06-13,,,5.117000102996826
2021-06-14,8.803647994995117,72.86000061035156,5.058599948883057
2021-06-15,8.889388084411621,73.98999786376953,5.043799877166748
2021-06-16,8.923070907592773,74.38999938964844,5.054299831390381
2021-06-17,8.613795280456543,73.08000183105469,5.007400035858154
2021-06-18,8.671976089477539,73.51000213623047,
2021-06-20,,,5.0960001945495605
2021-06-21,8.864891052246094,74.9000015258789,5.0131001472473145
2021-06-22,8.9108247756958,74.80999755859375,4.957099914550781
2021-06-23,8.972064971923828,75.19000244140625,4.965199947357178
2021-06-24,9.07923984527588,75.55999755859375,4.912700176239014
2021-06-25,8.9108247756958,76.18000030517578,
2021-06-27,,,4.91540002822876
2021-06-28,8.895513534545898,74.68000030517578,4.924799919128418
2021-06-29,8.935317993164062,74.76000213623047,4.955100059509277
2021-06-30,9.011874198913574,75.12999725341797,4.969200134277344
2021-07-01,8.89857292175293,75.83999633789062,5.045102119445801
2021-07-02,8.935317993164062,76.16999816894531,
2021-07-04,,,5.059199810028076
2021-07-05,8.834270477294922,,5.088459014892578
2021-07-06,8.472935676574707,74.52999877929688,5.195300102233887
2021-07-07,8.5892972946167,73.43000030517578,5.231200218200684
2021-07-08,8.417819023132324,74.12000274658203,5.257999897003174
2021-07-09,,75.55000305175781,
2021-07-11,,,5.257900238037109
2021-07-12,8.491310119628906,75.16000366210938,5.172699928283691
2021-07-13,8.543364524841309,76.48999786376953,5.162399768829346
2021-07-14,8.472935676574707,74.76000213623047,5.069900035858154
2021-07-15,8.29227066040039,73.47000122070312,5.110000133514404
2021-07-16,8.169785499572754,73.58999633789062,
2021-07-18,,,5.1153998374938965
2021-07-19,8.035051345825195,68.62000274658203,5.250899791717529
2021-07-20,8.14222526550293,69.3499984741211,5.219900131225586
2021-07-21,8.255524635314941,72.2300033569336,5.187300205230713
2021-07-22,8.237151145935059,73.79000091552734,5.1996002197265625
2021-07-23,8.18815803527832,74.0999984741211,
2021-07-25,,,5.19789981842041
2021-07-26,8.411694526672363,74.5,5.1753997802734375
2021-07-27,8.313703536987305,74.4800033569336,5.169099807739258
2021-07-28,8.485184669494629,74.73999786376953,5.114799976348877
2021-07-29,8.515806198120117,76.05000305175781,5.080399990081787
2021-07-30,8.240211486816406,76.33000183105469,
2021-08-01,,,5.208700180053711
2021-08-02,8.087106704711914,72.88999938964844,5.174600124359131
2021-08-03,8.221842765808105,72.41000366210938,5.196800231933594
2021-08-04,8.047300338745117,70.37999725341797,5.1682000160217285
2021-08-05,8.68116283416748,71.29000091552734,5.245200157165527
2021-08-06,8.69340991973877,70.69999694824219,
2021-08-08,,,5.23199987411499
2021-08-09,8.632166862487793,69.04000091552734,5.231800079345703
2021-08-10,8.65972900390625,70.62999725341797,5.188300132751465
2021-08-11,8.779150009155273,71.44000244140625,5.218200206756592
2021-08-12,8.9108247756958,71.30999755859375,5.252200126647949
2021-08-13,8.987378120422363,70.58999633789062,
2021-08-15,,,5.247499942779541
2021-08-16,8.769963264465332,69.51000213623047,5.259699821472168
2021-08-17,8.769936561584473,69.02999877929688,5.294300079345703
2021-08-18,8.692068099975586,68.2300033569336,5.378600120544434
2021-08-19,8.643400192260742,66.44999694824219,5.414100170135498
2021-08-20,8.630420684814453,65.18000030517578,
2021-08-22,,,5.379000186920166
2021-08-23,8.766692161560059,68.75,5.379899978637695
2021-08-24,8.948383331298828,71.05000305175781,5.245800018310547
2021-08-25,8.997051239013672,72.25,5.210999965667725
2021-08-26,8.919183731079102,71.06999969482422,5.251599788665772
2021-08-27,9.243634223937988,72.69999694824219,
2021-08-29,,,5.2027997970581055
2021-08-30,9.181989669799805,73.41000366210938,5.182899951934815
2021-08-31,8.821847915649414,72.98999786376953,5.1493000984191895
2021-09-01,8.77318000793457,71.58999633789062,5.184599876403809
2021-09-02,8.630420684814453,73.02999877929688,5.18179988861084
2021-09-03,8.542819023132324,72.61000061035156,
2021-09-05,,,5.189799785614014
2021-09-06,8.584997177124023,,5.169300079345703
2021-09-07,,71.69000244140625,5.169600009918213
2021-09-08,8.101563453674316,72.5999984741211,5.3206000328063965
2021-09-09,8.273523330688477,71.44999694824219,5.196499824523926
2021-09-10,8.221611022949219,72.91999816894531,
2021-09-12,,,5.247000217437744
2021-09-13,8.51037311553955,73.51000213623047,5.213200092315674
2021-09-14,8.39681625366211,73.5999984741211,5.238900184631348
2021-09-15,8.542819023132324,75.45999908447266,5.221700191497803
2021-09-16,8.468194007873535,75.66999816894531,5.256800174713135
2021-09-17,8.088586807250977,75.33999633789062,
2021-09-19,,,5.289700031280518
2021-09-20,7.997738838195801,73.91999816894531,5.323200225830078
2021-09-21,8.17943286895752,74.36000061035156,5.268899917602539
2021-09-22,8.387084007263184,76.19000244140625,5.287700176239014
2021-09-23,8.708290100097656,77.25,5.3018999099731445
2021-09-24,8.727755546569824,78.08999633789062,
2021-09-26,,,5.336999893188477
2021-09-27,8.805624961853027,79.52999877929688,5.390399932861328
2021-09-28,8.747222900390625,79.08999633789062,5.427599906921387
2021-09-29,8.886738777160645,78.63999938964844,5.414299964904785
2021-09-30,8.834824562072754,78.5199966430664,5.441699981689453
2021-10-01,9.0846529006958,79.27999877929688,
2021-10-03,,,5.367899894714356
2021-10-04,9.340970993041992,81.26000213623047,5.453199863433838
2021-10-05,9.545373916625977,82.55999755859375,5.475500106811523
2021-10-06,9.292302131652832,81.08000183105469,5.491899967193604
2021-10-07,9.279325485229492,81.94999694824219,5.517000198364258
2021-10-08,9.448039054870604,82.38999938964844,
2021-10-10,,,5.506899833679199
2021-10-11,9.51292896270752,83.6500015258789,5.535999774932861
2021-10-12,,83.41999816894531,5.531499862670898
2021-10-13,9.61350917816162,83.18000030517578,5.512499809265137
2021-10-14,9.629731178283691,84.0,5.512199878692627
2021-10-15,9.603776931762695,84.86000061035156,
2021-10-17,,,5.458399772644043
2021-10-18,9.555109024047852,84.33000183105469,5.511300086975098
2021-10-19,9.087897300720217,85.08000183105469,5.5833001136779785
2021-10-20,9.246880531311035,85.81999969482422,5.59630012512207
2021-10-21,8.906207084655762,84.61000061035156,5.657800197601318
2021-10-22,8.818602561950684,85.52999877929688,
2021-10-24,,,5.649199962615967
2021-10-25,9.422083854675291,85.98999786376953,5.554399967193604
2021-10-26,9.33123779296875,86.4000015258789,5.564799785614014
2021-10-27,9.308526039123535,84.58000183105469,5.534999847412109
2021-10-28,9.396126747131348,84.31999969482422,5.644899845123291
2021-10-29,8.808867454528809,84.37999725341797,
2021-11-01,9.0846529006958,84.70999908447266,5.633699893951416
2021-11-02,,84.72000122070312,5.678899765014648
2021-11-03,8.711535453796387,81.98999786376953,5.678599834442139
2021-11-04,8.435748100280762,80.54000091552734,5.5524001121521
2021-11-05,8.387084007263184,82.73999786376953,5.6016998291015625
2021-11-08,8.47468376159668,83.43000030517578,5.541100025177002
2021-11-09,8.643400192260742,84.77999877929688,5.543099880218506
2021-11-10,8.575263977050781,82.63999938964844,5.479100227355957
2021-11-11,8.58175277709961,82.87000274658203,5.4899001121521
2021-11-12,8.756957054138184,82.16999816894531,5.3979997634887695
2021-11-15,,82.05000305175781,5.457600116729736
2021-11-16,8.847804069519043,82.43000030517578,5.456299781799316
2021-11-17,8.623933792114258,80.27999877929688,5.502200126647949
2021-11-18,8.610953330993652,81.23999786376953,5.52869987487793
2021-11-19,8.468194007873535,78.88999938964844,5.556399822235107
2021-11-22,8.552552223205566,79.69999694824219,5.611599922180176
2021-11-23,9.019762992858888,82.30999755859375,5.585599899291992
2021-11-24,9.204699516296388,82.25,5.570400238037109
2021-11-25,9.61026382446289,,5.605199813842773
2021-11-26,9.23714542388916,72.72000122070312,5.565100193023682
2021-11-29,9.561596870422363,73.44000244140625,5.607800006866455
2021-11-30,9.54862117767334,70.56999969482422,5.6006999015808105
2021-12-01,9.603776931762695,68.87000274658203,5.620871067047119
2021-12-02,10.336551666259766,69.66999816894531,5.6915669441223145
2021-12-03,10.482342720031738,69.87999725341797,5.643321990966797
2021-12-06,10.529725074768066,73.08000183105469,5.65009880065918
2021-12-07,10.701027870178224,75.44000244140625,5.688000202178955
2021-12-08,10.697383880615234,75.81999969482422,5.611800193786621
2021-12-09,10.675515174865724,74.41999816894531,5.531599998474121
2021-12-10,10.80672836303711,75.1500015258789,5.571100234985352
2021-12-13,10.741121292114258,74.38999938964844,5.60866117477417
2021-12-14,10.61355209350586,73.69999694824219,5.679699897766113
2021-12-15,10.679159164428713,73.87999725341797,5.680600166320801
2021-12-16,10.821306228637695,75.0199966430664,5.679399967193604
2021-12-17,10.566171646118164,73.5199966430664,5.687399864196777
2021-12-20,10.263654708862305,71.5199966430664,5.693059921264648
2021-12-21,10.278236389160156,73.9800033569336,5.741300106048584
2021-12-22,10.263654708862305,75.29000091552734,5.74399995803833
2021-12-23,10.325618743896484,76.8499984741211,5.652999877929688
2021-12-24,,,5.671795845031738
2021-12-27,10.47869873046875,78.5999984741211,5.67110013961792
2021-12-28,10.489632606506348,78.94000244140625,5.624100208282471
2021-12-29,10.402158737182615,79.2300033569336,5.627500057220459
2021-12-30,10.369356155395508,79.31999969482422,5.702700138092041
2021-12-31,,77.77999877929688,5.570199966430664
2022-01-03,10.602621078491213,78.9800033569336,5.569300174713135
2022-01-04,10.642709732055664,80.0,5.68120002746582
2022-01-05,10.230853080749512,80.80000305175781,5.676199913024902
2022-01-06,10.223563194274902,81.98999786376953,5.705635070800781
2022-01-07,10.270947456359863,81.75,5.682400226593018
2022-01-10,10.208984375,80.87000274658203,5.632199764251709
2022-01-11,10.511500358581545,83.72000122070312,5.662199974060059
2022-01-12,10.832239151000977,84.66999816894531,5.567299842834473
2022-01-13,11.050926208496094,84.47000122070312,5.533199787139893
2022-01-14,11.462783813476562,86.05999755859375,5.526700019836426
2022-01-17,11.481008529663086,,5.533299922943115
2022-01-18,11.532033920288086,87.51000213623047,5.5157999992370605
2022-01-19,11.477361679077148,88.44000244140625,5.565700054168701
2022-01-20,11.561193466186523,88.37999725341797,5.43720006942749
2022-01-21,11.579416275024414,87.88999938964844,5.418099880218506
2022-01-24,11.64502239227295,86.2699966430664,5.457099914550781
2022-01-25,12.024080276489258,88.19999694824219,5.486100196838379
2022-01-26,12.344818115234377,89.95999908447266,5.440703868865967
2022-01-27,12.348462104797363,89.33999633789062,5.429166793823242
2022-01-28,11.860061645507812,90.02999877929688,5.40348482131958
2022-01-31,11.790813446044922,91.20999908447266,5.362599849700928
2022-02-01,12.027722358703612,89.16000366210938,5.303100109100342
2022-02-02,11.852774620056152,89.47000122070312,5.264500141143799
2022-02-03,11.688758850097656,91.11000061035156,5.260900020599365
2022-02-04,11.892864227294922,93.2699966430664,5.282899856567383
2022-02-07,11.717917442321776,92.69000244140624,5.326900005340576
2022-02-08,11.601282119750977,90.77999877929688,5.262599945068359
2022-02-09,11.64502239227295,91.5500030517578,5.258399963378906
2022-02-10,11.823616027832031,91.41000366210938,5.234499931335449
2022-02-11,12.304722785949709,94.44000244140624,5.248700141906738
2022-02-14,12.027722358703612,96.4800033569336,5.249956130981445
2022-02-15,11.838191986083984,93.27999877929688,5.214000225067139
2022-02-16,12.002208709716797,94.80999755859376,5.157899856567383
2022-02-17,11.954824447631836,92.97000122070312,5.135799884796143
2022-02-18,12.027722358703612,93.54000091552734,5.170599937438965
2022-02-21,12.33752727508545,,5.137499809265137
2022-02-22,12.297432899475098,96.83999633789062,5.102700233459473
2022-02-23,12.472386360168455,96.83999633789062,5.05709981918335
2022-02-24,12.169867515563965,99.08000183105467,5.008699893951416
2022-02-25,12.392197608947754,97.93000030517578,5.122200012207031
2022-02-28,,100.98999786376952,5.15939998626709
2022-03-01,,104.97000122070312,5.158400058746338
2022-03-02,12.636397361755373,112.93000030517578,5.158999919891357
2022-03-03,12.479676246643066,110.45999908447266,5.096502780914307
2022-03-04,12.476027488708496,118.11000061035156,5.030900001525879
2022-03-07,11.590351104736328,123.20999908447266,5.06056022644043
2022-03-08,11.830904006958008,127.9800033569336,5.110499858856201
2022-03-09,11.867352485656738,111.13999938964844,5.058800220489502
2022-03-10,12.282856941223145,109.33000183105467,5.011499881744385
2022-03-11,11.841838836669922,112.66999816894533,5.009699821472168
2022-03-14,11.615863800048828,106.9000015258789,5.073500156402588
2022-03-15,11.33521842956543,99.91000366210938,5.121399879455566
2022-03-16,11.236808776855469,98.0199966430664,5.1631999015808105
2022-03-17,10.93793773651123,106.63999938964844,5.073874950408936
2022-03-18,11.156622886657717,107.93000030517578,5.039400100708008
2022-03-21,11.57577133178711,115.62000274658205,5.0177998542785645
2022-03-22,11.524744987487791,115.4800033569336,4.935200214385986
2022-03-23,11.681468963623049,121.5999984741211,4.909999847412109
2022-03-24,11.816326141357422,119.02999877929688,4.82420015335083
2022-03-25,11.772588729858398,120.6500015258789,4.826300144195557
2022-03-27,,,4.7368998527526855
2022-03-28,11.517455101013184,112.4800033569336,4.764100074768066
2022-03-29,11.772588729858398,110.2300033569336,4.756199836730957
2022-03-30,12.024080276489258,113.4499969482422,4.769700050354004
2022-03-31,12.19173526763916,107.91000366210938,4.737800121307373
2022-04-01,12.031367301940918,104.38999938964844,
2022-04-03,,,4.657199859619141
2022-04-04,11.918380737304688,107.52999877929688,4.593800067901611
2022-04-05,11.80539321899414,106.63999938964844,4.650700092315674
2022-04-06,11.794458389282228,101.06999969482422,4.715199947357178
2022-04-07,12.406777381896973,100.58000183105467,4.752099990844727
2022-04-08,12.468738555908203,102.77999877929688,
2022-04-10,,,4.698100090026856
2022-04-11,12.37397575378418,98.4800033569336,4.693600177764893
2022-04-12,12.33752727508545,104.63999938964844,4.673099994659424
2022-04-13,12.599949836730955,108.77999877929688,4.690199851989746
2022-04-14,12.468467712402344,111.6999969482422,4.701000213623047
2022-04-17,,,4.7006001472473145
2022-04-18,12.249162673950195,113.16000366210938,4.651999950408936
2022-04-19,12.61998462677002,107.25,4.664999961853027
2022-04-20,12.67979621887207,106.8000030517578,4.620800018310547
2022-04-21,,108.33000183105467,4.620800018310547
2022-04-22,12.185364723205566,106.6500015258789,
2022-04-24,,,4.795199871063232
2022-04-25,12.005934715270996,102.31999969482422,4.876200199127197
2022-04-26,11.985998153686523,104.98999786376952,4.997799873352051
2022-04-27,11.985998153686523,105.31999969482422,4.963600158691406
2022-04-28,12.065744400024414,107.58999633789062,4.93779993057251
2022-04-29,12.073719024658203,109.33999633789062,
2022-05-01,,,4.97130012512207
2022-05-02,11.95409870147705,107.58000183105467,5.084700107574463
2022-05-03,12.06175708770752,104.97000122070312,4.958099842071533
2022-05-04,12.787456512451172,110.13999938964844,4.918799877166748
2022-05-05,12.763530731201172,110.9000015258789,5.027999877929688
2022-05-06,13.182204246520996,112.38999938964844,
2022-05-08,,,5.080399990081787
2022-05-09,12.823339462280272,105.94000244140624,5.160900115966797
2022-05-10,12.934988021850586,102.45999908447266,5.13129997253418
2022-05-11,13.385558128356934,107.51000213623048,5.134252071380615
2022-05-12,13.489229202270508,107.4499969482422,5.133399963378906
2022-05-13,13.664674758911133,111.5500030517578,
2022-05-15,,,5.058300018310547
2022-05-16,13.80024528503418,114.23999786376952,5.059700012207031
2022-05-17,13.620809555053713,111.93000030517578,4.93809986114502
2022-05-18,13.397520065307615,109.11000061035156,4.96750020980835
2022-05-19,13.624799728393556,112.04000091552734,4.929999828338623
2022-05-20,13.887967109680176,112.5500030517578,
2022-05-22,,,4.880199909210205
2022-05-23,14.434232711791992,113.41999816894533,4.813499927520752
2022-05-24,14.041207313537598,113.55999755859376,4.817800045013428
2022-05-25,14.24116039276123,114.02999877929688,4.822800159454346
2022-05-26,14.276708602905272,117.4000015258789,4.768199920654297
2022-05-27,13.596868515014648,119.43000030517578,
2022-05-29,,,4.729599952697754
2022-05-30,13.32581615447998,,4.752399921417236
2022-05-31,13.356924057006836,122.83999633789062,4.730400085449219
2022-06-01,13.339149475097656,116.29000091552734,4.815499782562256
2022-06-02,13.22361946105957,117.61000061035156,4.795700073242188
2022-06-03,13.45467758178711,119.72000122070312,
2022-06-05,,,4.775000095367432
2022-06-06,13.463563919067385,119.51000213623048,4.7941999435424805
2022-06-07,13.623528480529783,120.56999969482422,4.867526054382324
2022-06-08,13.556875228881836,123.58000183105467,4.898099899291992
2022-06-09,13.361364364624023,123.06999969482422,4.903299808502197
2022-06-10,13.174742698669434,122.01000213623048,
2022-06-12,,,4.984000205993652
2022-06-13,13.00589084625244,122.2699966430664,5.113399982452393
2022-06-14,13.1525239944458,121.16999816894533,5.116099834442139
2022-06-15,12.921466827392578,118.51000213623048,5.052000045776367
2022-06-16,,119.80999755859376,5.052199840545654
2022-06-17,12.134980201721191,113.12000274658205,
2022-06-19,,,5.152100086212158
2022-06-20,12.272727012634276,,5.18720006942749
2022-06-21,12.028339385986328,114.6500015258789,5.122799873352051
2022-06-22,11.992793083190918,111.73999786376952,5.193600177764893
2022-06-23,11.770621299743652,110.0500030517578,5.23799991607666
2022-06-24,11.681753158569336,113.12000274658205,
2022-06-26,,,5.241399765014648
2022-06-27,12.432690620422363,115.08999633789062,5.236800193786621
2022-06-28,12.588210105895996,117.9800033569336,5.266600131988525
2022-06-29,12.477124214172363,116.26000213623048,5.180900096893311
2022-06-30,12.410473823547363,114.80999755859376,5.251999855041504
2022-07-01,12.677078247070312,111.62999725341795,
2022-07-03,,,5.330999851226807
2022-07-04,12.948126792907717,,5.3282999992370605
2022-07-05,12.454907417297363,102.7699966430664,5.385200023651123
2022-07-06,12.294944763183594,100.69000244140624,5.427999973297119
2022-07-07,12.654861450195312,104.6500015258789,5.338200092315674
2022-07-08,12.79705047607422,107.0199966430664,
2022-07-10,,,5.254000186920166
2022-07-11,12.734843254089355,107.0999984741211,5.377200126647949
2022-07-12,12.54377555847168,99.48999786376952,5.436500072479248
2022-07-13,12.55266284942627,99.56999969482422,5.390900135040283
2022-07-14,12.214964866638184,99.0999984741211,5.422800064086914
2022-07-15,12.42380428314209,101.16000366210938,
2022-07-17,,,5.410099983215332
2022-07-18,12.70818328857422,106.2699966430664,5.436800003051758
2022-07-19,12.965901374816896,107.3499984741211,5.413099765777588
2022-07-20,12.96145725250244,106.91999816894533,5.470200061798096
2022-07-21,12.89480686187744,103.86000061035156,5.497799873352051
2022-07-22,13.032552719116213,103.1999969482422,
2022-07-24,,,5.496699810028076
2022-07-25,13.641302108764648,105.1500015258789,5.356299877166748
2022-07-26,13.779047012329102,104.4000015258789,5.350100040435791
2022-07-27,13.93012237548828,106.62000274658205,5.243000030517578
2022-07-28,14.34780502319336,107.13999938964844,5.182700157165527
2022-07-29,15.174283981323242,110.01000213623048,
2022-07-31,,,5.171199798583984
2022-08-01,14.96544075012207,100.02999877929688,5.184000015258789
2022-08-02,15.032090187072754,100.54000091552734,5.277699947357178
2022-08-03,15.040977478027344,96.77999877929688,5.282700061798096
2022-08-04,15.20094108581543,94.12000274658205,5.211100101470947
2022-08-05,15.494206428527832,94.91999816894533,
2022-08-07,,,5.164599895477295
2022-08-08,16.276248931884766,96.6500015258789,5.110099792480469
2022-08-09,16.542856216430664,96.30999755859376,5.123700141906738
2022-08-10,16.489534378051758,97.4000015258789,5.093699932098389
2022-08-11,16.107397079467773,99.5999984741211,5.1570000648498535
2022-08-12,17.30353355407715,98.1500015258789,
2022-08-14,,,5.074900150299072
2022-08-15,17.308990478515625,95.0999984741211,5.095600128173828
2022-08-16,17.46723747253418,92.33999633789062,5.1417388916015625
2022-08-17,17.87649917602539,93.6500015258789,5.164999961853027
2022-08-18,18.23664665222168,96.58999633789062,5.166999816894531
2022-08-19,17.31444549560547,96.72000122070312,
2022-08-21,,,5.168399810791016
2022-08-22,17.685508728027344,96.4800033569336,5.156099796295166
2022-08-23,18.24755859375,100.22000122070312,5.103499889373779
2022-08-24,18.356698989868164,101.22000122070312,5.110099792480469
2022-08-25,18.16025161743164,99.33999633789062,5.108699798583984
2022-08-26,18.356698989868164,100.98999786376952,
2022-08-28,,,5.0625
2022-08-29,18.815065383911133,105.08999633789062,5.027200222015381
2022-08-30,17.69642448425293,99.30999755859376,5.1219000816345215
2022-08-31,18.13296699523925,96.48999786376952,5.181700229644775
2022-09-01,18.47128677368164,92.36000061035156,5.2403998374938965
2022-09-02,18.23664665222168,93.0199966430664,
2022-09-04,,,5.171000003814697
2022-09-05,18.1929931640625,,5.153900146484375
2022-09-06,17.516347885131836,92.83000183105467,5.247200012207031
2022-09-07,,88.0,5.246699810028076
2022-09-08,17.352642059326172,89.1500015258789,5.2133002281188965
2022-09-09,17.34718894958496,92.83999633789062,
2022-09-11,,,5.146299839019775
2022-09-12,17.178024291992188,94.0,5.0920000076293945
2022-09-13,16.725112915039062,93.16999816894533,5.189799785614014
2022-09-14,16.98158073425293,94.0999984741211,5.162700176239014
2022-09-15,16.94883918762207,90.83999633789062,5.246099948883057
2022-09-16,16.79604721069336,91.3499984741211,
2022-09-18,,,5.250699996948242
2022-09-19,17.063434600830078,92.0,5.170899868011475
2022-09-20,16.965211868286133,90.62000274658205,5.141499996185303
2022-09-21,17.008865356445312,89.83000183105469,5.170400142669678
2022-09-22,17.42904281616211,90.45999908447266,5.115499973297119
2022-09-23,16.337678909301758,86.1500015258789,
2022-09-25,,,5.258800029754639
2022-09-26,15.982985496520996,84.05999755859375,5.389400005340576
2022-09-27,16.19034767150879,86.2699966430664,5.378099918365479
2022-09-28,15.97207260131836,89.31999969482422,5.374199867248535
2022-09-29,15.993903160095217,88.48999786376953,5.396200180053711
2022-09-30,16.261281967163086,87.95999908447266,
2022-10-02,,,5.414299964904785
2022-10-03,17.560001373291016,88.86000061035156,5.16349983215332
2022-10-04,17.11800193786621,91.8000030517578,5.17579984664917
2022-10-05,17.761903762817383,93.37000274658205,5.195199966430664
2022-10-06,18.367610931396484,94.41999816894533,5.220099925994873
2022-10-07,18.35124015808105,97.91999816894533,
2022-10-09,,,5.198400020599365
2022-10-10,18.14388084411621,96.19000244140624,5.186800003051758
2022-10-11,18.00745964050293,94.29000091552734,5.292099952697754
2022-10-12,,92.4499969482422,5.291500091552734
2022-10-13,18.52040100097656,94.56999969482422,5.259799957275391
2022-10-14,18.23664665222168,91.62999725341795,
2022-10-16,,,5.327400207519531
2022-10-17,18.220277786254883,91.62000274658205,5.277359008789063
2022-10-18,18.66773223876953,90.02999877929688,5.239799976348877
2022-10-19,19.3280086517334,92.41000366210938,5.269199848175049
2022-10-20,19.90097618103028,92.37999725341795,5.216599941253662
2022-10-21,20.58307456970215,93.5,
2022-10-23,,,5.163400173187256
2022-10-24,18.689565658569336,93.26000213623048,5.30620002746582
2022-10-25,18.296669006347656,93.5199966430664,5.315199851989746
2022-10-26,17.849210739135742,95.69000244140624,5.383900165557861
2022-10-27,17.985633850097656,96.95999908447266,5.339200019836426
2022-10-28,17.772815704345703,95.7699966430664,
2022-10-31,16.266740798950195,94.83000183105467,5.28849983215332
2022-11-01,16.294025421142578,94.6500015258789,5.178800106048584
2022-11-02,,96.16000366210938,5.142399787902832
2022-11-03,16.3431339263916,94.66999816894533,5.142600059509277
2022-11-04,15.442760467529297,98.56999969482422,5.1149001121521
2022-11-07,14.815227508544922,97.91999816894533,5.078132152557373
2022-11-08,14.924365997314451,95.36000061035156,5.153326988220215
2022-11-09,14.678807258605955,92.6500015258789,5.14300012588501
2022-11-10,14.253177642822266,93.66999816894533,5.185200214385986
2022-11-11,14.72792148590088,95.98999786376952,5.341579914093018
2022-11-14,15.115351676940918,93.13999938964844,5.279058933258057
2022-11-15,,93.86000061035156,5.331200122833252
2022-11-16,14.815227508544922,92.86000061035156,5.331699848175049
2022-11-17,14.820687294006348,89.77999877929688,5.39900016784668
2022-11-18,14.569673538208008,87.62000274658203,5.422100067138672
2022-11-21,14.613325119018556,87.44999694824219,5.38129997253418
2022-11-22,13.620108604431152,88.36000061035156,5.318600177764893
2022-11-23,13.68432903289795,85.41000366210938,5.357699871063232
2022-11-24,14.157208442687988,,5.35830020904541
2022-11-25,13.929523468017578,83.62999725341797,5.320000171661377
2022-11-28,14.221426010131836,83.19000244140625,5.4085001945495605
2022-11-29,14.816901206970217,83.02999877929688,5.364699840545654
2022-11-30,15.564168930053713,85.43000030517578,5.268199920654297
2022-12-01,14.93950080871582,86.87999725341797,5.181589126586914
2022-12-02,15.126320838928224,85.56999969482422,5.183599948883057
2022-12-05,14.957019805908203,82.68000030517578,5.2179999351501465
2022-12-06,14.968692779541016,79.3499984741211,5.28000020980835
2022-12-07,14.79939079284668,77.16999816894531,5.234000205993652
2022-12-08,14.46662425994873,76.1500015258789,5.203999996185303
2022-12-09,14.425755500793455,76.0999984741211,5.224299907684326
2022-12-12,13.958714485168455,77.98999786376953,5.235000133514404
2022-12-13,13.61427116394043,80.68000030517578,5.321300029754639
2022-12-14,12.534236907958984,82.69999694824219,5.292799949645996
2022-12-15,12.867003440856934,81.20999908447266,5.277200222015381
2022-12-16,12.872843742370604,79.04000091552734,5.311800003051758
2022-12-19,13.065494537353516,79.80000305175781,5.306509017944336
2022-12-20,13.468320846557615,79.98999786376953,5.291600227355957
2022-12-21,13.760221481323242,82.19999694824219,5.198400020599365
2022-12-22,14.00542163848877,80.9800033569336,5.199900150299072
2022-12-23,14.665115356445312,83.91999816894531,5.165599822998047
2022-12-26,14.560030937194824,,5.164299964904785
2022-12-27,14.65927791595459,84.33000183105469,5.21750020980835
2022-12-28,14.478300094604492,83.26000213623047,5.292300224304199
2022-12-29,14.303157806396484,82.26000213623047,5.2667999267578125
2022-12-30,,85.91000366210938,5.284599781036377
2023-01-02,13.38075065612793,,5.2855000495910645
2023-01-03,13.04214572906494,82.0999984741211,5.360130786895752
2023-01-04,13.456643104553224,77.83999633789062,5.478499889373779
2023-01-05,13.941198348999023,78.69000244140625,5.430099964141846
2023-01-06,13.859468460083008,78.56999969482422,5.349800109863281
2023-01-09,13.93536376953125,79.6500015258789,5.224400043487549
2023-01-10,14.063798904418944,80.0999984741211,5.253699779510498
2023-01-11,14.174721717834473,82.66999816894531,5.198299884796143
2023-01-12,14.379051208496094,84.02999877929688,5.1585001945495605
2023-01-13,14.344026565551758,85.27999877929688,5.107699871063232
2023-01-16,14.034607887268066,,5.080699920654297
2023-01-17,14.898636817932127,85.91999816894531,5.145999908447266
2023-01-18,14.63592529296875,84.9800033569336,5.099599838256836
2023-01-19,15.11464500427246,86.16000366210938,5.185299873352051
2023-01-20,15.39487075805664,87.62999725341797,5.172999858856201
2023-01-23,15.64006519317627,88.19000244140625,5.206299781799316
2023-01-24,15.529144287109377,86.12999725341797,5.205900192260742
2023-01-25,15.727635383605955,86.12000274658203,5.138400077819824
2023-01-26,15.324814796447754,87.47000122070312,5.072199821472168
2023-01-27,14.957019805908203,86.66000366210938,5.062745094299316
2023-01-30,15.032910346984863,84.9000015258789,5.107200145721436
2023-01-31,15.2197265625,84.48999786376953,5.1149001121521
2023-02-01,15.009556770324709,82.83999633789062,5.072199821472168
2023-02-02,14.31483554840088,82.16999816894531,5.053500175476074
2023-02-03,14.472460746765137,79.94000244140625,5.049200057983398
2023-02-06,15.050424575805664,80.98999786376953,5.149799823760986
2023-02-07,14.957019805908203,83.69000244140625,5.145699977874756
2023-02-08,15.208051681518556,85.08999633789062,5.2093000411987305
2023-02-09,15.137994766235352,84.5,5.19950008392334
2023-02-10,15.599200248718262,86.38999938964844,5.289500236511231
2023-02-13,15.645903587341309,86.61000061035156,5.213482856750488
2023-02-14,15.587525367736816,85.58000183105469,5.158400058746338
2023-02-15,15.61087703704834,85.37999725341797,5.191500186920166
2023-02-16,15.675094604492188,85.13999938964844,5.2179999351501465
2023-02-17,15.435735702514648,83.0,5.216800212860107
2023-02-20,,,5.165168762207031
2023-02-21,,83.05000305175781,5.1666998863220215
2023-02-22,15.038747787475586,80.5999984741211,5.166500091552734
2023-02-23,15.49994945526123,82.20999908447266,5.151199817657471
2023-02-24,15.120481491088867,83.16000366210938,5.136199951171875
2023-02-27,15.266430854797363,82.44999694824219,5.207799911499023
2023-02-28,14.735169410705566,83.88999938964844,5.199699878692627
2023-03-01,14.770200729370115,84.30999755859375,5.235899925231934
2023-03-02,14.384889602661133,84.75,5.178299903869629
2023-03-03,15.003719329833984,85.83000183105469,5.1996002197265625
2023-03-06,15.15550708770752,86.18000030517578,5.194399833679199
2023-03-07,14.653440475463867,83.29000091552734,5.152200222015381
2023-03-08,14.840253829956056,82.66000366210938,5.190000057220459
2023-03-09,14.77603816986084,81.58999633789062,5.144400119781494
2023-03-10,14.58338451385498,82.77999877929688,5.163700103759766
2023-03-13,14.12217903137207,80.7699966430664,5.21560001373291
2023-03-14,13.87114429473877,77.44999694824219,5.245699882507324
2023-03-15,13.625947952270508,73.69000244140625,5.251699924468994
2023-03-16,13.579243659973145,74.69999694824219,5.287099838256836
2023-03-17,13.725194931030272,72.97000122070312,5.229599952697754
2023-03-20,13.386588096618652,73.79000091552734,5.2778000831604
2023-03-21,13.660974502563477,75.31999969482422,5.235700130462647
2023-03-22,13.620108604431152,76.69000244140625,5.240900039672852
2023-03-23,13.310693740844728,75.91000366210938,5.236100196838379
2023-03-24,13.30485725402832,74.98999786376953,5.29670000076294
2023-03-26,,,5.245100021362305
2023-03-27,13.532538414001465,78.12000274658203,5.197100162506104
2023-03-28,13.771899223327637,78.6500015258789,5.164400100708008
2023-03-29,13.952876091003418,78.27999877929688,5.134200096130371
2023-03-30,13.993741989135742,79.2699966430664,5.092700004577637
2023-03-31,13.690165519714355,79.7699966430664,
2023-04-02,,,5.062300205230713
2023-04-03,14.297318458557127,84.93000030517578,5.06309986114502
2023-04-04,14.16888427734375,84.94000244140625,5.070700168609619
2023-04-05,14.21558952331543,84.98999786376953,5.033199787139893
2023-04-06,14.01125717163086,85.12000274658203,5.058300018310547
2023-04-09,,,5.054399967193604
2023-04-10,14.30899715423584,84.18000030517578,5.065299987792969
2023-04-11,14.98037052154541,85.61000061035156,5.004000186920166
2023-04-12,15.091289520263672,87.33000183105469,4.916900157928467
2023-04-13,15.196378707885742,86.08999633789062,4.926700115203857
2023-04-14,15.354001998901367,86.30999755859375,
2023-04-16,,,4.908699989318848
2023-04-17,15.59335994720459,84.76000213623047,4.939799785614014
2023-04-18,15.990347862243652,84.7699966430664,4.984300136566162
2023-04-19,15.476601600646973,83.12000274658203,5.074299812316895
2023-04-20,15.58168601989746,81.0999984741211,5.047699928283691
2023-04-21,,81.66000366210938,
2023-04-23,,,5.047900199890137
2023-04-24,15.87942600250244,82.7300033569336,5.033400058746338
2023-04-25,15.81520652770996,80.7699966430664,5.053100109100342
2023-04-26,15.616711616516112,77.69000244140625,5.043000221252441
2023-04-27,15.237241744995115,78.37000274658203,4.976200103759766
2023-04-28,15.585895538330078,79.54000091552734,
2023-04-30,,,4.986000061035156
2023-05-01,,79.30999755859375,4.9878997802734375
2023-05-02,14.95456600189209,75.31999969482422,5.038400173187256
2023-05-03,14.901954650878906,72.33000183105469,4.994400024414063
2023-05-04,15.138704299926758,72.5,4.982600212097168
2023-05-05,15.783184051513672,75.30000305175781,
2023-05-07,,,4.951700210571289
2023-05-08,16.11857795715332,77.01000213623047,5.007999897003174
2023-05-09,16.171188354492188,77.44000244140625,4.985899925231934
2023-05-10,16.131731033325195,76.41000366210938,4.94290018081665
2023-05-11,16.723600387573242,74.9800033569336,4.929500102996826
2023-05-12,17.26285743713379,74.16999816894531,
2023-05-14,,,4.920199871063232
2023-05-15,16.874855041503906,75.2300033569336,4.887899875640869
2023-05-16,17.295738220214844,74.91000366210938,4.93940019607544
2023-05-17,16.874855041503906,76.95999908447266,4.937699794769287
2023-05-18,16.973495483398438,75.86000061035156,4.964399814605713
2023-05-19,16.947195053100586,75.58000183105469,
2023-05-21,,,4.996799945831299
2023-05-22,16.848548889160156,75.98999786376953,4.966100215911865
2023-05-23,17.26285743713379,76.83999633789062,4.971199989318848
2023-05-24,17.525911331176758,78.36000061035156,4.958600044250488
2023-05-25,17.394384384155273,76.26000213623047,5.035200119018555
2023-05-26,17.624555587768555,76.94999694824219,
2023-05-28,,,4.992800235748291
2023-05-29,17.552217483520508,,5.018099784851074
2023-05-30,17.35492515563965,73.54000091552734,5.034800052642822
2023-05-31,17.177366256713867,72.66000366210938,5.054800033569336
2023-06-01,17.72977638244629,74.27999877929688,5.0131001472473145
2023-06-02,17.87445640563965,76.12999725341797,
2023-06-04,,,4.956600189208984
2023-06-05,18.065168380737305,76.70999908447266,4.925600051879883
2023-06-06,18.446596145629883,76.29000091552734,4.912000179290772
2023-06-07,18.985855102539062,76.94999694824219,4.922399997711182
2023-06-08,,75.95999908447266,4.922100067138672
2023-06-09,19.91311836242676,74.79000091552734,
2023-06-11,,,4.877900123596191
2023-06-12,20.261661529541016,71.83999633789062,4.860599994659424
2023-06-13,20.222124099731445,74.29000091552734,4.861000061035156
2023-06-14,21.09099006652832,73.19999694824219,4.815000057220459
2023-06-15,20.59349250793457,75.66999816894531,4.809199810028076
2023-06-16,20.76866912841797,76.61000061035156,
2023-06-18,,,4.807000160217285
2023-06-19,21.31521415710449,,4.776899814605713
2023-06-20,21.420318603515625,75.9000015258789,4.789299964904785
2023-06-21,22.317214965820312,77.12000274658203,4.76230001449585
2023-06-22,22.03693199157715,74.13999938964844,4.7697367668151855
2023-06-23,21.133031845092773,73.8499984741211,
2023-06-25,,,4.7855000495910645
2023-06-26,21.609506607055664,74.18000030517578,4.767300128936768
2023-06-27,21.44133949279785,72.26000213623047,4.810500144958496
2023-06-28,21.6445369720459,74.02999877929688,4.850500106811523
2023-06-29,21.742639541625977,74.33999633789062,4.855599880218506
2023-06-30,20.691593170166016,74.9000015258789,
2023-07-02,,,4.784200191497803
2023-07-03,21.076976776123047,74.6500015258789,4.80649995803833
2023-07-04,21.12602806091309,,4.839900016784668
2023-07-05,21.09799766540528,76.6500015258789,4.8471999168396
2023-07-06,20.775680541992188,76.5199966430664,4.918700218200684
2023-07-07,20.67057228088379,78.47000122070312,
2023-07-09,,,4.8709001541137695
2023-07-10,20.70560836791992,77.69000244140625,4.898200035095215
2023-07-11,20.425329208374023,79.4000015258789,4.851500034332275
2023-07-12,20.439342498779297,80.11000061035156,4.81689977645874
2023-07-13,20.761661529541016,81.36000061035156,4.7947998046875
2023-07-14,20.355260848999023,79.87000274658203,
2023-07-16,,,4.788099765777588
2023-07-17,20.313215255737305,78.5,4.805799961090088
2023-07-18,20.20110511779785,79.62999725341797,4.809299945831299
2023-07-19,20.39029312133789,79.45999908447266,4.789899826049805
2023-07-20,20.41131401062012,79.63999938964844,4.796899795532227
2023-07-21,20.79669761657715,81.06999969482422,
2023-07-23,,,4.777400016784668
2023-07-24,21.23112869262696,82.73999786376953,4.725500106811523
2023-07-25,21.721620559692383,83.63999938964844,4.748899936676025
2023-07-26,21.721620559692383,82.91999816894531,4.736199855804443
2023-07-27,20.59349250793457,84.23999786376953,4.741600036621094
2023-07-28,20.852754592895508,84.98999786376953,
2023-07-30,,,4.723299980163574
2023-07-31,21.798694610595703,85.55999755859375,4.724699974060059
2023-08-01,21.44133949279785,84.91000366210938,4.791999816894531
2023-08-02,21.39229202270508,83.19999694824219,4.810400009155273
2023-08-03,21.665563583374023,85.13999938964844,4.916399955749512
2023-08-04,21.02092170715332,86.23999786376953,
2023-08-06,,,4.88539981842041
2023-08-07,21.154056549072266,85.33999633789062,4.89900016784668
2023-08-08,21.175073623657227,86.16999816894531,4.898600101470947
2023-08-09,21.343238830566406,87.55000305175781,4.901700019836426
2023-08-10,21.462358474731445,86.4000015258789,4.891499996185303
2023-08-11,21.41330909729004,86.80999755859375,
2023-08-13,,,4.910999774932861
2023-08-14,21.4693660736084,86.20999908447266,4.962100028991699
2023-08-15,21.62352180480957,84.88999938964844,4.983200073242188
2023-08-16,22.09999656677246,83.44999694824219,4.9868998527526855
2023-08-17,22.02992248535156,84.12000274658203,4.975500106811523
2023-08-18,22.085981369018555,84.80000305175781,
2023-08-20,,,4.966899871826172
2023-08-21,21.931825637817383,84.45999908447266,4.978700160980225
2023-08-22,22.26593017578125,84.02999877929688,4.937099933624268
2023-08-23,23.451601028442383,83.20999908447266,4.855100154876709
2023-08-24,23.415233612060547,83.36000061035156,4.880300045013428
2023-08-25,23.255203247070312,84.4800033569336,
2023-08-27,,,4.870399951934815
2023-08-28,23.51706886291504,84.41999816894531,4.872600078582764
2023-08-29,23.5679874420166,85.48999786376953,4.85129976272583
2023-08-30,23.72801399230957,85.86000061035156,4.888400077819824
2023-08-31,23.233381271362305,86.86000061035156,4.953800201416016
2023-09-01,23.735292434692383,88.55000305175781,
2023-09-03,,,4.97629976272583
2023-09-04,23.487972259521484,,4.936200141906738
2023-09-05,24.273569107055664,90.04000091552734,4.966700077056885
2023-09-06,24.382680892944336,90.5999984741211,4.977000236511231
2023-09-07,,89.91999816894531,4.976099967956543
2023-09-08,24.295392990112305,90.6500015258789,
2023-09-10,,,4.982999801635742
2023-09-11,24.273569107055664,90.63999938964844,4.929399967193604
2023-09-12,24.38995361328125,92.05999755859376,4.946599960327148
2023-09-13,24.02625274658203,91.87999725341795,4.91540002822876
2023-09-14,24.63727188110352,93.6999969482422,4.868199825286865
2023-09-15,24.65182304382324,93.93000030517578,
2023-09-17,,,4.867000102996826
2023-09-18,24.826400756835938,94.43000030517578,4.853700160980225
2023-09-19,24.88459205627441,94.33999633789062,4.865799903869629
2023-09-20,24.942785263061523,93.52999877929688,4.878799915313721
2023-09-21,24.557260513305664,93.3000030517578,4.934899806976318
2023-09-22,24.753662109375,93.2699966430664,
2023-09-24,,,4.933899879455566
2023-09-25,24.9136905670166,93.29000091552734,4.968299865722656
2023-09-26,24.33903884887696,93.95999908447266,4.986199855804443
2023-09-27,25.110092163085938,96.5500030517578,5.042200088500977
2023-09-28,25.05917358398437,95.37999725341795,5.032800197601318
2023-09-29,25.197376251220703,95.30999755859376,
2023-10-01,,,5.042799949645996
2023-10-02,24.81912612915039,90.70999908447266,5.061500072479248
2023-10-03,24.71001625061035,90.91999816894533,5.166299819946289
2023-10-04,23.72801399230957,85.80999755859375,5.154600143432617
2023-10-05,23.80803108215332,84.06999969482422,5.164999961853027
2023-10-06,24.37540626525879,84.58000183105469,
2023-10-08,,,5.145699977874756
2023-10-09,25.422876358032227,88.1500015258789,5.135200023651123
2023-10-10,25.612001419067383,87.6500015258789,5.051000118255615
2023-10-11,25.546531677246094,85.81999969482422,5.049600124359131
2023-10-12,,86.0,5.045899868011475
2023-10-13,26.39032554626465,90.88999938964844,
2023-10-15,,,5.048200130462647
2023-10-16,26.68128967285156,89.6500015258789,5.037600040435791
2023-10-17,27.401424407958984,89.9000015258789,5.037399768829346
2023-10-18,28.019718170166016,91.5,5.056099891662598
2023-10-19,27.888784408569336,92.37999725341795,5.062900066375732
2023-10-20,27.5323543548584,92.16000366210938,
2023-10-22,,,5.031300067901611
2023-10-23,25.713836669921875,89.83000183105469,5.01230001449585
2023-10-24,26.099363327026367,88.06999969482422,4.991000175476074
2023-10-25,26.237567901611328,90.12999725341795,4.994699954986572
2023-10-26,25.96843147277832,87.93000030517578,4.985300064086914
2023-10-27,25.779300689697266,90.4800033569336,
2023-10-30,25.51744270324707,87.44999694824219,4.952030181884766
2023-10-31,25.27012252807617,87.41000366210938,5.04610013961792
2023-11-01,25.546531677246094,84.62999725341797,5.03410005569458
2023-11-02,,86.8499984741211,4.953700065612793
2023-11-03,25.85204315185547,84.88999938964844,4.952899932861328
2023-11-06,25.83022117614746,85.18000030517578,4.899199962615967
2023-11-07,25.401052474975582,81.61000061035156,4.884099960327148
2023-11-08,24.85549545288086,79.54000091552734,4.871500015258789
2023-11-09,25.37195587158203,80.01000213623047,4.909299850463867
2023-11-10,25.25557518005371,81.43000030517578,4.933899879455566
2023-11-13,25.961153030395508,82.5199966430664,4.893379211425781
2023-11-14,26.31758689880371,82.47000122070312,4.906199932098389
2023-11-15,,81.18000030517578,4.864500045776367
2023-11-16,25.859317779541016,77.41999816894531,4.860899925231934
2023-11-17,26.703109741210938,80.61000061035156,4.862199783325195
2023-11-20,26.72493362426757,82.31999969482422,4.819177150726318
2023-11-21,26.44851875305176,82.44999694824219,4.851799964904785
2023-11-22,26.57796859741211,81.95999908447266,4.8993000984191895
2023-11-23,26.585525512695312,81.37000274658203,4.9054999351501465
2023-11-24,26.66112327575684,80.58000183105469,4.902500152587891
2023-11-27,26.50993156433105,79.9800033569336,4.900899887084961
2023-11-28,26.910568237304688,81.68000030517578,4.895500183105469
2023-11-29,26.63087654113769,83.0999984741211,4.869800090789795
2023-11-30,27.1449031829834,82.83000183105469,4.904099941253662
2023-12-01,26.96348190307617,78.87999725341797,4.923099994659424
2023-12-04,26.38899040222168,78.02999877929688,4.902159214019775
2023-12-05,26.26804542541504,77.19999694824219,4.9430999755859375
2023-12-06,25.323148727416992,74.30000305175781,4.927700042724609
2023-12-07,25.26267433166504,74.05000305175781,4.901199817657471
2023-12-08,26.07150650024414,75.83999633789062,4.910099983215332
2023-12-11,25.97323608398437,76.02999877929688,4.893286228179932
2023-12-12,25.76158332824707,73.23999786376953,4.936699867248535
2023-12-13,26.13197898864746,74.26000213623047,4.964499950408936
2023-12-14,26.698915481567383,76.61000061035156,4.918399810791016
2023-12-15,26.759389877319336,76.55000305175781,4.914599895477295
2023-12-18,27.091991424560547,77.94999694824219,4.919657230377197
2023-12-19,27.401914596557617,79.2300033569336,4.895899772644043
2023-12-20,27.500185012817383,79.69999694824219,4.866499900817871
2023-12-21,27.507741928100582,79.38999938964844,4.914599895477295
2023-12-22,27.77231407165528,79.06999969482422,4.881800174713135
2023-12-25,,,4.86984395980835
2023-12-26,28.218305587768555,81.06999969482422,4.869743824005127
2023-12-27,28.240982055664062,79.6500015258789,4.813499927520752
2023-12-28,28.150270462036133,78.38999938964844,4.826099872589111
2023-12-29,,77.04000091552734,4.850200176239014
2024-01-01,,,4.850500106811523
2024-01-02,28.558467864990234,75.88999938964844,4.852399826049805
2024-01-03,29.450443267822266,78.25,4.922500133514404
2024-01-04,29.20099449157715,77.58999633789062,4.9191999435424805
2024-01-05,29.269023895263672,78.76000213623047,4.895599842071533
2024-01-08,29.049808502197266,76.12000274658203,4.8606672286987305
2024-01-09,28.80035781860352,77.58999633789062,4.86899995803833
2024-01-10,28.535789489746094,76.80000305175781,4.905099868774414
2024-01-11,28.77768325805664,77.41000366210938,4.89139986038208
2024-01-12,28.85326766967773,78.29000091552734,4.869699954986572
2024-01-15,29.16320037841797,,4.85290002822876
2024-01-16,28.80035781860352,78.29000091552734,4.862199783325195
2024-01-17,28.634057998657227,77.87999725341797,4.924900054931641
2024-01-18,28.520671844482425,79.0999984741211,4.934000015258789
2024-01-19,28.36948585510254,78.55999755859375,4.92609977722168
2024-01-22,28.49799537658692,80.05999755859375,4.904642105102539
2024-01-23,28.85326766967773,79.55000305175781,4.98829984664917
2024-01-24,28.634057998657227,80.04000091552734,4.952199935913086
2024-01-25,29.69234085083008,82.43000030517578,4.932499885559082
2024-01-26,30.206357955932617,83.55000305175781,4.915800094604492
2024-01-29,30.667465209960938,82.4000015258789,4.913599967956543
2024-01-30,30.478487014770508,82.87000274658203,4.950200080871582
2024-01-31,30.81109046936035,81.70999908447266,4.950300216674805
2024-02-01,31.423376083374023,78.69999694824219,4.951900005340576
2024-02-02,31.015186309814453,77.33000183105469,4.914999961853027
2024-02-05,31.151256561279297,77.98999786376953,4.932938098907471
2024-02-06,31.4384994506836,78.58999633789062,4.949943065643311
2024-02-07,31.899608612060547,79.20999908447266,4.962299823760986
2024-02-08,31.642593383789062,81.62999725341797,4.969299793243408
2024-02-09,31.21928596496582,82.19000244140625,4.991899967193604
2024-02-12,,82.0,4.953100204467773
2024-02-13,,82.7699966430664,4.952199935913086
2024-02-14,30.98495483398437,81.5999984741211,4.952000141143799
2024-02-15,31.97520065307617,82.86000061035156,4.968299865722656
2024-02-16,32.27000427246094,83.47000122070312,4.972400188446045
2024-02-19,32.428749084472656,,4.965099811553955
2024-02-20,32.08858871459961,82.33999633789062,4.956399917602539
2024-02-21,32.133941650390625,83.02999877929688,4.926400184631348
2024-02-22,31.89204406738281,83.66999816894531,4.934899806976318
2024-02-23,31.672834396362305,81.62000274658203,4.962399959564209
2024-02-26,32.27000427246094,82.52999877929688,4.993500232696533
2024-02-27,32.22465515136719,83.6500015258789,4.978899955749512
2024-02-28,30.561635971069336,83.68000030517578,4.932400226593018
2024-02-29,30.342424392700195,83.62000274658203,4.967299938201904
2024-03-01,30.372657775878903,83.55000305175781,4.969799995422363
2024-03-04,30.29707336425781,82.80000305175781,4.952700138092041
2024-03-05,30.206357955932617,82.04000091552734,4.944900035858154
2024-03-06,30.871566772460938,82.95999908447266,4.957099914550781
2024-03-07,30.531400680541992,82.95999908447266,4.943600177764893
2024-03-08,27.742076873779297,82.08000183105469,4.933800220489502
2024-03-11,26.94836807250977,82.20999908447266,4.977540016174316
2024-03-12,27.832782745361328,81.91999816894531,4.977399826049805
2024-03-13,27.500185012817383,84.02999877929688,4.968699932098389
2024-03-14,27.379240036010746,85.41999816894531,4.969200134277344
2024-03-15,27.4548282623291,85.33999633789062,4.992700099945068
2024-03-18,27.46994972229004,86.88999938964844,4.968047142028809
2024-03-19,27.26584815979004,87.37999725341797,5.029399871826172
2024-03-20,27.742076873779297,85.94999694824219,5.03000020980835
2024-03-21,26.98616409301757,85.77999877929688,4.96619987487793
2024-03-22,27.250730514526367,85.43000030517578,4.974500179290772
2024-03-25,27.666488647460938,86.75,5.000899791717529
2024-03-26,27.40947532653809,86.25,4.9721999168396
2024-03-27,27.62868881225586,86.08999633789062,4.9756999015808105
2024-03-28,28.240982055664062,87.4800033569336,4.990300178527832
2024-03-29,,,5.014100074768066
2024-03-31,,,5.013199806213379
2024-04-01,28.46019744873047,87.41999816894531,5.053599834442139
2024-04-02,29.193435668945312,88.91999816894531,5.06440019607544
2024-04-03,29.0422477722168,89.3499984741211,5.038599967956543
2024-04-04,28.70964813232422,90.6500015258789,5.057400226593018
2024-04-05,28.80035781860352,91.16999816894533,
2024-04-07,,,5.054900169372559
2024-04-08,29.20099449157715,90.37999725341795,5.023900032043457
2024-04-09,29.27658462524414,89.41999816894531,5.007599830627441
2024-04-10,29.92667007446289,90.4800033569336,5.066199779510498
2024-04-11,29.707454681396484,89.73999786376953,5.090400218963623
2024-04-12,29.4353256225586,90.4499969482422,
2024-04-14,,,5.117099761962891
2024-04-15,29.71501922607422,90.0999984741211,5.183700084686279
2024-04-16,29.851078033447266,90.0199966430664,5.2855000495910645
2024-04-17,30.070293426513672,87.29000091552734,5.232600212097168
2024-04-18,30.12320899963379,87.11000061035156,5.241700172424316
2024-04-19,30.63723373413086,87.29000091552734,
2024-04-21,,,5.206200122833252
2024-04-22,31.37047004699707,87.0,5.1656999588012695
2024-04-23,31.309999465942383,88.41999816894531,5.130499839782715
2024-04-24,31.166372299194336,88.0199966430664,5.145500183105469
2024-04-25,31.91472244262696,89.01000213623047,5.158599853515625
2024-04-26,32.36545181274414,89.5,
2024-04-28,,,5.115499973297119
2024-04-29,32.75399398803711,88.4000015258789,5.117000102996826
2024-04-30,32.65297317504883,87.86000061035156,5.193900108337402
2024-05-01,,83.44000244140625,5.194399833679199
2024-05-02,32.777305603027344,83.66999816894531,5.110300064086914
2024-05-03,32.36034393310547,82.95999908447266,
2024-05-05,,,5.070899963378906
2024-05-06,32.579383850097656,83.33000183105469,5.074900150299072
2024-05-07,32.97689437866211,83.16000366210938,5.073299884796143
2024-05-08,33.479854583740234,83.58000183105469,5.087900161743164
2024-05-09,33.80435562133789,83.87999725341797,5.1407999992370605
2024-05-10,33.731346130371094,82.79000091552734,
2024-05-12,,,5.123260021209717
2024-05-13,33.76378631591797,83.36000061035156,5.154200077056885
2024-05-14,33.15536117553711,82.37999725341797,5.127799987792969
2024-05-15,31.15160179138184,82.75,5.133600234985352
2024-05-16,30.24301719665528,83.2699966430664,5.128600120544434
2024-05-17,29.76437759399414,83.9800033569336,
2024-05-19,,,5.102000236511231
2024-05-20,29.81304931640625,83.70999908447266,5.103099822998047
2024-05-21,29.756267547607425,82.87999725341797,5.1219000816345215
2024-05-22,30.16188621520996,81.9000015258789,5.151100158691406
2024-05-23,29.86173439025879,81.36000061035156,5.143099784851074
2024-05-24,29.699481964111328,82.12000274658203,
2024-05-26,,,5.1697998046875
2024-05-27,30.023975372314453,,5.17170000076294
2024-05-28,30.664854049682617,84.22000122070312,5.161300182342529
2024-05-29,30.62429428100586,83.5999984741211,5.202099800109863
2024-05-30,,81.86000061035156,5.202099800109863
2024-05-31,31.46798515319824,81.62000274658203,
2024-06-02,,,5.244400024414063
2024-06-03,31.29762458801269,78.36000061035156,5.249000072479248
2024-06-04,30.948793411254883,77.5199966430664,5.287700176239014
2024-06-05,30.989356994628903,78.41000366210938,5.3003997802734375
2024-06-06,31.13537979125977,79.87000274658203,5.2571001052856445
2024-06-07,29.967191696166992,79.62000274658203,
2024-06-09,,,5.270441055297852
2024-06-10,30.42148399353028,81.62999725341797,5.352799892425537
2024-06-11,30.55128288269043,81.91999816894531,5.3649001121521
2024-06-12,29.88650703430176,82.5999984741211,5.401000022888184
2024-06-13,29.58613967895508,82.75,5.361599922180176
2024-06-14,28.935346603393555,82.62000274658203,
2024-06-16,,,5.357200145721436
2024-06-17,29.043811798095703,84.25,5.423999786376953
2024-06-18,29.953256607055664,85.33000183105469,5.439899921417236
2024-06-19,29.97828483581543,,5.422399997711182
2024-06-20,30.45386505126953,85.70999908447266,5.452400207519531
2024-06-21,30.61239051818848,85.23999786376953,
2024-06-23,,,5.426126003265381
2024-06-24,30.921104431152344,86.01000213623047,5.3892998695373535
2024-06-25,30.89607048034668,85.01000213623047,5.450699806213379
2024-06-26,30.94613647460937,85.25,5.522500038146973
2024-06-27,31.46343231201172,86.38999938964844,5.500500202178955
2024-06-28,31.74711227416992,86.41000366210938,
2024-06-30,,,5.591899871826172
2024-07-01,32.231040954589844,86.5999984741211,5.65500020980835
2024-07-02,32.13091278076172,86.23999786376953,5.67549991607666
2024-07-03,31.571897506713867,87.33999633789062,5.555399894714356
2024-07-04,31.13804054260254,,5.486400127410889
2024-07-05,31.304906845092773,86.54000091552734,
2024-07-07,,,5.471290111541748
2024-07-08,32.072505950927734,85.75,5.470399856567383
2024-07-09,32.064170837402344,84.66000366210938,5.417099952697754
2024-07-10,31.76379776000977,85.08000183105469,5.414700031280518
2024-07-11,31.98073387145996,85.4000015258789,5.438000202178955
2024-07-12,31.830551147460938,85.02999877929688,
2024-07-14,,,5.422800064086914
2024-07-15,32.1225700378418,84.8499984741211,5.446800231933594
2024-07-16,32.03913497924805,83.7300033569336,5.424300193786621
2024-07-17,32.20600891113281,85.08000183105469,5.48769998550415
2024-07-18,32.14759826660156,85.11000061035156,5.5432000160217285
2024-07-19,32.281097412109375,82.62999725341797,
2024-07-21,,,5.520872116088867
2024-07-22,31.638648986816406,82.4000015258789,5.570700168609619
2024-07-23,31.229812622070312,81.01000213623047,5.585299968719482
2024-07-24,31.480121612548828,81.70999908447266,5.653600215911865
2024-07-25,31.438400268554688,82.37000274658203,5.643099784851074
2024-07-26,31.40503120422364,81.12999725341797,
2024-07-28,,,5.622840881347656
2024-07-29,30.77092361450196,79.77999877929688,5.614500045776367
2024-07-30,30.57901954650879,78.62999725341797,5.611100196838379
2024-07-31,31.21312713623047,80.72000122070312,5.656599998474121
2024-08-01,30.737546920776367,79.5199966430664,5.75059986114502
2024-08-02,29.81141471862793,76.80999755859375,
2024-08-04,,,5.7266998291015625
2024-08-05,29.786386489868164,76.30000305175781,5.720900058746338
2024-08-06,30.303680419921875,76.4800033569336,5.6554999351501465
2024-08-07,30.261960983276367,78.33000183105469,5.635799884796143
2024-08-08,30.745887756347656,79.16000366210938,5.54610013961792
2024-08-09,30.462207794189453,79.66000366210938,
2024-08-11,,,5.50629997253418
2024-08-12,31.15472412109375,82.30000305175781,5.491899967193604
2024-08-13,30.96282196044922,80.69000244140625,5.455699920654297
2024-08-14,31.505151748657227,79.76000213623047,5.468900203704834
2024-08-15,31.98907470703125,81.04000091552734,5.484899997711182
2024-08-16,32.1225700378418,79.68000030517578,
2024-08-18,,,5.47130012512207
2024-08-19,32.072505950927734,77.66000366210938,5.405600070953369
2024-08-20,31.947364807128903,77.19999694824219,5.478099822998047
2024-08-21,31.755460739135746,76.05000305175781,5.482500076293945
2024-08-22,31.85259437561035,77.22000122070312,5.59089994430542
2024-08-23,31.655229568481445,79.0199966430664,
2024-08-25,,,5.485400199890137
2024-08-26,33.954933166503906,81.43000030517578,5.495699882507324
2024-08-27,33.50014114379883,79.55000305175781,5.507900238037109
2024-08-28,33.98067092895508,78.6500015258789,5.56220006942749
2024-08-29,33.74899673461914,79.94000244140625,5.627699851989746
2024-08-30,33.7833137512207,78.80000305175781,
2024-09-01,,,5.60920000076294
2024-09-02,33.4658203125,,5.615099906921387
2024-09-03,33.062503814697266,73.75,5.647500038146973
2024-09-04,33.07109069824219,72.69999694824219,5.642000198364258
2024-09-05,32.86515045166016,72.69000244140625,5.567500114440918
2024-09-06,32.22157669067383,71.05999755859375,
2024-09-08,,,5.59660005569458
2024-09-09,32.57339859008789,71.83999633789062,5.5843000411987305
2024-09-10,32.03279495239258,69.19000244140625,5.662899971008301
2024-09-11,31.998470306396484,70.61000061035156,5.667399883270264
2024-09-12,31.6380672454834,71.97000122070312,5.625699996948242
2024-09-13,31.492191314697266,71.61000061035156,
2024-09-15,,,5.612370014190674
2024-09-16,31.92982292175293,72.75,5.503900051116943
2024-09-17,31.7839469909668,73.69999694824219,5.4816999435424805
2024-09-18,31.02024269104004,73.6500015258789,5.460999965667725
2024-09-19,31.12320709228516,74.87999725341797,5.423900127410889
2024-09-20,31.11462783813477,74.48999786376953,
2024-09-22,,,5.513599872589111
2024-09-23,31.43212890625,73.9000015258789,5.536099910736084
2024-09-24,31.56083869934082,75.16999816894531,5.449699878692627
2024-09-25,31.792526245117188,73.45999908447266,5.473800182342529
2024-09-26,31.10604858398437,71.5999984741211,5.436699867248535
2024-09-27,30.985918045043945,71.9800033569336,
2024-09-29,,,5.433199882507324
2024-09-30,30.90010070800781,71.7699966430664,5.448500156402588
2024-10-01,31.723880767822266,73.55999755859375,5.423999786376953
2024-10-02,32.161502838134766,73.9000015258789,5.440299987792969
2024-10-03,32.55623245239258,77.62000274658203,5.47629976272583
2024-10-04,32.470420837402344,78.05000305175781,
2024-10-06,,,5.4542999267578125
2024-10-07,32.92521667480469,80.93000030517578,5.494200229644775
2024-10-08,32.26448440551758,77.18000030517578,5.5346999168396
2024-10-09,31.938405990600582,76.58000183105469,5.596099853515625
2024-10-10,32.30738830566406,79.4000015258789,5.581699848175049
2024-10-11,32.28164291381836,79.04000091552734,
2024-10-13,,,5.610599994659424
2024-10-14,32.35887145996094,77.45999908447266,5.594699859619141
2024-10-15,32.09286117553711,74.25,5.651999950408936
2024-10-16,31.92982292175293,74.22000122070312,5.668000221252441
2024-10-17,31.68955421447754,74.44999694824219,5.651800155639648
2024-10-18,31.60374641418457,73.05999755859375,
2024-10-20,,,5.635900020599365
2024-10-21,31.10604858398437,74.29000091552734,5.68809986114502
2024-10-22,30.985918045043945,76.04000091552734,5.689300060272217
2024-10-23,30.59976959228516,74.95999908447266,5.686500072479248
2024-10-24,30.80571556091309,74.37999725341797,5.664000034332275
2024-10-25,31.02024269104004,76.05000305175781,
2024-10-28,30.9687557220459,71.41999816894531,5.685812950134277
2024-10-29,30.90010070800781,71.12000274658203,5.71019983291626
2024-10-30,30.76280975341797,72.55000305175781,5.760000228881836
2024-10-31,30.81429481506348,73.16000366210938,5.76230001449585
2024-11-01,30.39382553100586,73.0999984741211,5.789400100708008
2024-11-04,30.46247673034668,75.08000183105469,5.677525997161865
2024-11-05,30.368083953857425,75.52999877929688,5.790599822998047
2024-11-06,30.37666702270508,74.91999816894531,5.739799976348877
2024-11-07,30.47105598449707,75.62999725341797,5.674799919128418
2024-11-08,31.04598045349121,73.87000274658203,5.690999984741211
2024-11-11,31.10604858398437,71.83000183105469,5.736400127410889
2024-11-12,31.68955421447754,71.88999938964844,5.75540018081665
2024-11-13,31.64665031433105,72.27999877929688,5.748199939727783
2024-11-14,31.98130989074707,72.55999755859375,5.805900096893311
2024-11-15,,71.04000091552734,5.788300037384033
2024-11-18,32.77933883666992,73.30000305175781,5.794600009918213
2024-11-19,32.43609619140625,73.30999755859375,5.746399879455566
2024-11-20,,72.80999755859375,5.7718000411987305
2024-11-21,32.530494689941406,74.2300033569336,5.770699977874756
2024-11-22,33.82621765136719,75.16999816894531,5.814099788665772
2024-11-25,33.62027359008789,73.01000213623047,5.799300193786621
2024-11-26,33.577369689941406,72.80999755859375,5.797200202941895
2024-11-27,33.45724105834961,72.83000183105469,5.809599876403809
2024-11-28,33.11399459838867,,5.937399864196777
2024-11-29,33.3800048828125,72.94000244140625,6.013899803161621
2024-12-02,33.59453201293945,71.83000183105469,5.973199844360352
2024-12-03,33.89486312866211,73.62000274658203,6.05679988861084
2024-12-04,33.68034362792969,72.30999755859375,6.043099880218506
2024-12-05,34.01499557495117,72.08999633789062,6.03879976272583
2024-12-06,33.49156188964844,71.12000274658203,6.010300159454346
2024-12-09,34.358245849609375,72.13999938964844,6.0883002281188965
2024-12-10,34.4869499206543,72.19000244140625,6.076600074768066
2024-12-11,34.83019256591797,73.5199966430664,6.045300006866455
2024-12-12,34.20720672607422,73.41000366210938,5.952700138092041
2024-12-13,33.993072509765625,74.48999786376953,5.996099948883057
2024-12-16,33.850318908691406,73.91000366210938,6.040900230407715
2024-12-17,34.17151641845703,73.19000244140625,6.147299766540527
2024-12-18,33.28823471069336,73.38999938964844,6.1031999588012695
2024-12-19,33.15440368652344,72.87999725341797,6.288899898529053
2024-12-20,32.8778190612793,72.94000244140625,6.151599884033203
2024-12-23,32.886741638183594,72.62999725341797,6.084199905395508
2024-12-24,,73.58000183105469,6.193900108337402
2024-12-25,,,6.175600051879883
2024-12-26,33.13396072387695,73.26000213623047,6.182799816131592
2024-12-27,33.032066345214844,74.16999816894531,6.148499965667725
2024-12-30,33.523006439208984,74.38999938964844,6.193699836730957
2024-12-31,,74.63999938964844,6.1778998374938965
2025-01-02,34.060264587402344,75.93000030517578,6.300000190734863
2025-01-03,33.69900894165039,76.51000213623047,6.151000022888184
2025-01-06,33.541534423828125,76.30000305175781,6.180699825286865
2025-01-07,34.25479507446289,77.05000305175781,6.115499973297119
2025-01-08,33.97690200805664,76.16000366210938,6.100900173187256
2025-01-09,34.12510681152344,76.91999816894531,6.105800151824951
2025-01-10,34.21773910522461,79.76000213623047,6.034599781036377
2025-01-13,34.338157653808594,81.01000213623047,6.105899810791016
2025-01-14,34.10658264160156,79.91999816894531,6.093400001525879
2025-01-15,34.54194641113281,82.02999877929688,6.054800033569336
2025-01-16,34.31963348388672,81.29000091552734,6.012199878692627
2025-01-17,34.458580017089844,80.79000091552734,6.049900054931641
2025-01-20,34.54194641113281,,6.066163063049316
2025-01-21,34.55120849609375,79.29000091552734,6.029799938201904
2025-01-22,34.356685638427734,79.0,6.020500183105469
2025-01-23,34.115848541259766,78.29000091552734,5.940299987792969
2025-01-24,33.939849853515625,78.5,5.923999786376953
2025-01-27,34.4400520324707,77.08000183105469,5.90910005569458
2025-01-28,34.39373779296875,77.48999786376953,5.892600059509277
2025-01-29,34.180686950683594,76.58000183105469,5.856100082397461
2025-01-30,34.634578704833984,76.87000274658203,5.8566999435424805
2025-01-31,34.91246795654297,76.76000213623047,5.874499797821045
2025-02-03,34.73646926879883,75.95999908447266,5.84060001373291
2025-02-04,34.39373779296875,76.19999694824219,5.80620002746582
2025-02-05,34.143638610839844,74.61000061035156,5.7571001052856445
2025-02-06,34.078792572021484,74.29000091552734,5.8028998374938965
2025-02-07,33.88426971435547,74.66000366210938,5.760499954223633
2025-02-10,34.115848541259766,75.87000274658203,5.803199768066406
2025-02-11,34.115848541259766,77.0,5.786900043487549
2025-02-12,33.60637664794922,75.18000030517578,5.764500141143799
2025-02-13,33.643428802490234,75.0199966430664,5.764400005340576
2025-02-14,34.68089294433594,74.73999786376953,5.766900062561035
2025-02-17,34.89393997192383,,5.701200008392334
2025-02-18,35.5330924987793,75.83999633789062,5.712100028991699
2025-02-19,35.60719680786133,76.04000091552734,5.688600063323975
2025-02-20,35.662776947021484,76.4800033569336,5.720300197601318
2025-02-21,35.56087875366211,74.43000030517578,5.701300144195557
2025-02-24,35.31078338623047,74.77999877929688,5.730999946594238
2025-02-25,35.1533088684082,73.0199966430664,5.7778000831604
2025-02-26,35.1533088684082,72.52999877929688,5.740300178527832
2025-02-27,33.91205596923828,74.04000091552734,5.801700115203857
2025-02-28,33.282169342041016,73.18000030517578,5.839000225067139
2025-03-03,,71.62000274658203,5.88040018081665
2025-03-04,,71.04000091552734,6.020500183105469
2025-03-05,32.06870651245117,69.30000305175781,5.885700225830078
2025-03-06,31.7352352142334,69.45999908447266,5.740099906921387
2025-03-07,32.077972412109375,70.36000061035156,5.763000011444092
2025-03-10,32.06870651245117,69.27999877929688,5.782899856567383
2025-03-11,31.587032318115234,69.55999755859375,5.85290002822876
2025-03-12,31.587032318115234,70.94999694824219,5.808599948883057
2025-03-13,31.901973724365234,69.87999725341797,5.797800064086914
2025-03-14,32.88386154174805,70.58000183105469,5.798500061035156
2025-03-17,33.49522018432617,71.06999969482422,5.740600109100342
2025-03-18,33.523006439208984,70.55999755859375,5.678069114685059
2025-03-19,33.49522018432617,70.77999877929688,5.672100067138672
2025-03-20,33.5693244934082,72.0,5.648099899291992
2025-03-21,34.08805465698242,72.16000366210938,5.673900127410889
2025-03-24,34.041744232177734,73.0,5.729599952697754
2025-03-25,34.31037139892578,73.0199966430664,5.760799884796143
2025-03-26,34.634578704833984,73.79000091552734,5.698400020599365
2025-03-27,34.89393997192383,74.02999877929688,5.733500003814697
2025-03-28,34.671630859375,73.62999725341797,5.739299774169922
2025-03-30,,,5.7581000328063965
2025-03-31,34.42152786254883,74.73999786376953,5.698400020599365
2025-04-01,34.55120849609375,74.48999786376953,5.681300163269043
2025-04-02,34.458580017089844,74.94999694824219,5.663700103759766
2025-04-03,33.347007751464844,70.13999938964844,5.6305999755859375
2025-04-04,32.003868103027344,65.58000183105469,
2025-04-06,,,5.840030193328857
2025-04-07,30.73482894897461,64.20999908447266,5.913599967956543
2025-04-08,29.641788482666016,62.81999969482422,6.013299942016602
2025-04-09,30.845985412597656,65.4800033569336,5.8180999755859375
2025-04-10,28.92853164672852,63.33000183105469,5.884300231933594
2025-04-11,29.50284194946289,64.76000213623047,
2025-04-13,,,5.864200115203857
2025-04-14,29.391685485839844,64.87999725341797,5.8541998863220215
2025-04-15,28.715482711791992,64.66999816894531,5.884600162506104
2025-04-16,28.715482711791992,65.8499984741211,5.8653998374938965
2025-04-17,29.283233642578125,67.95999908447266,
2025-04-21,,66.26000213623047,5.80709981918335
2025-04-22,29.34967994689941,67.44000244140625,5.719900131225586
2025-04-23,29.0174560546875,66.12000274658203,5.703400135040283
2025-04-24,28.884565353393555,66.55000305175781,5.678699970245361
2025-04-25,28.9699935913086,66.87000274658203,
2025-04-27,,,5.684700012207031
2025-04-28,28.856088638305664,65.86000061035156,5.652900218963623
2025-04-29,29.007963180541992,64.25,5.619999885559082
2025-04-30,28.46691131591797,63.119998931884766,5.672900199890137
2025-05-01,,62.130001068115234,5.67710018157959
2025-05-02,29.24526596069336,61.290000915527344,
2025-05-04,,,5.666900157928467
2025-05-05,28.15367126464844,60.22999954223633,5.686299800872803
2025-05-06,28.618783950805664,62.150001525878906,5.712800025939941
2025-05-07,28.75167655944824,61.119998931884766,5.74459981918335
2025-05-08,29.15034294128418,62.84000015258789,5.661600112915039
2025-05-09,29.340187072753903,63.90999984741211,
2025-05-11,,,5.648200035095215
2025-05-12,30.042604446411133,64.95999908447266,5.6697998046875
2025-05-13,30.49822807312012,66.62999725341797,5.60046911239624
2025-05-14,30.289400100708008,66.08999633789062,5.636499881744385
2025-05-15,30.251434326171875,64.52999877929688,5.681300163269043
2025-05-16,30.393814086914062,65.41000366210938,
2025-05-18,,,5.6586737632751465
2025-05-19,30.355846405029297,65.54000091552734,5.644499778747559
2025-05-20,30.47924423217773,65.37999725341797,5.667300224304199
2025-05-21,30.13752555847168,64.91000366210938,5.644700050354004
2025-05-22,29.73885726928711,64.44000244140625,5.71619987487793
2025-05-23,29.80530166625977,64.77999877929688,
2025-05-25,,,5.645199775695801
2025-05-26,29.71038055419922,,5.666600227355957
2025-05-27,29.928699493408203,64.08999633789062,5.637400150299072
2025-05-28,29.833778381347656,64.9000015258789,5.688700199127197
2025-05-29,29.65342712402344,64.1500015258789,5.66510009765625
2025-05-30,29.3306941986084,63.900001525878906,
2025-06-01,,,5.720799922943115
2025-06-02,29.501554489135746,64.62999725341797,5.672399997711182
2025-06-03,29.510517120361328,65.62999725341797,5.637800216674805
2025-06-04,28.69892883300781,64.86000061035156,5.6321001052856445
2025-06-05,28.70870780944824,65.33999633789062,5.58459997177124
2025-06-06,29.011831283569336,66.47000122070312,
2025-06-08,,,5.562699794769287
2025-06-09,28.52292251586914,67.04000091552734,5.557000160217285
2025-06-10,29.383399963378903,66.87000274658203,5.572100162506104
2025-06-11,30.361217498779297,69.7699966430664,5.535799980163574
2025-06-12,31.045690536499023,69.36000061035156,5.537300109863281
2025-06-13,31.808385848999023,74.2300033569336,
2025-06-15,,,5.538899898529053
2025-06-16,31.495485305786133,73.2300033569336,5.490799903869629
2025-06-17,32.20928955078125,76.44999694824219,5.493000030517578
2025-06-18,32.17995834350586,76.69999694824219,5.485199928283691
2025-06-19,,,5.489999771118164
2025-06-20,32.09195327758789,77.01000213623047,
2025-06-22,,,5.518400192260742
2025-06-23,31.290143966674805,71.4800033569336,5.493800163269043
2025-06-24,30.67411994934082,67.13999938964844,5.510300159454346
2025-06-25,30.517667770385746,67.68000030517578,5.557899951934815
2025-06-26,30.762121200561523,67.7300033569336,5.477099895477295
2025-06-27,30.517667770385746,67.7699966430664,
2025-06-29,,,5.478400230407715
2025-06-30,30.683897018432617,67.61000061035156,5.430200099945068
2025-07-01,30.79145622253418,67.11000061035156,5.458799839019775
2025-07-02,31.33903312683105,69.11000061035156,5.426400184631348
2025-07-03,31.44659423828125,68.80000305175781,5.409299850463867
2025-07-04,31.407480239868164,68.29000091552734,
2025-07-06,,,5.419400215148926
2025-07-07,31.34881401062012,69.58000183105469,5.48769998550415
2025-07-08,31.798608779907227,70.1500015258789,5.446100234985352
2025-07-09,31.60304450988769,70.19000244140625,5.581799983978272
2025-07-10,31.524822235107425,68.63999938964844,5.531099796295166
2025-07-11,31.906169891357425,70.36000061035156,
2025-07-13,,,5.571899890899658
2025-07-14,31.485708236694336,69.20999908447266,5.586999893188477
2025-07-15,31.241254806518555,68.70999908447266,5.5510029792785645
2025-07-16,31.08480262756348,68.5199966430664,5.566599845886231
2025-07-17,30.77190017700196,69.5199966430664,5.546599864959717
2025-07-18,30.302549362182617,69.27999877929688,
2025-07-20,,,5.578100204467773
2025-07-21,30.361217498779297,69.20999908447266,5.565499782562256
2025-07-22,30.6545639038086,68.58999633789062,5.563899993896484
2025-07-23,31.28036499023437,68.51000213623047,5.51639986038208
2025-07-24,31.231475830078125,69.18000030517578,5.519999980926514
2025-07-25,31.27058792114257,68.44000244140625,
2025-07-27,,,5.565199851989746
2025-07-28,31.30970001220703,70.04000091552734,5.5868000984191895
2025-07-29,31.720382690429688,72.51000213623047,5.573200225830078
2025-07-30,32.04306411743164,73.23999786376953,5.575399875640869
2025-07-31,31.91594696044922,72.52999877929688,5.598800182342529
2025-08-01,31.495485305786133,69.66999816894531,
2025-08-03,,,5.537899971008301
2025-08-04,31.44659423828125,68.76000213623047,5.496099948883057
2025-08-05,31.59326934814453,67.63999938964844,5.502999782562256
2025-08-06,31.63237762451172,66.88999938964844,5.458899974822998
2025-08-07,31.808385848999023,66.43000030517578,5.414299964904785
2025-08-08,29.852754592895508,66.58999633789062,
2025-08-10,,,5.432300090789795
2025-08-11,30.038537979125977,66.62999725341797,5.442299842834473
2025-08-12,30.116762161254883,66.12000274658203,5.401199817657471
2025-08-13,29.891864776611328,65.62999725341797,5.391200065612793
2025-08-14,29.510517120361328,66.83999633789062,5.40910005569458
2025-08-15,29.5007381439209,65.8499984741211,
2025-08-17,,,5.400400161743164
2025-08-18,29.68652534484864,66.5999984741211,5.435699939727783
2025-08-19,29.37362289428711,65.79000091552734,5.497600078582764
2025-08-20,29.54962921142578,66.83999633789062,5.469161033630371
2025-08-21,29.618078231811523,67.66999816894531,5.464799880981445
2025-08-22,30.46999931335449,67.7300033569336,
2025-08-24,,,5.421299934387207
2025-08-25,30.64999961853028,68.80000305175781,5.4096999168396
2025-08-26,30.43000030517578,67.22000122070312,5.43120002746582
2025-08-27,30.65999984741211,68.05000305175781,5.417699813842773
2025-08-28,30.93000030517578,68.62000274658203,5.413000106811523
2025-08-29,31.100000381469727,68.12000274658203,
2025-08-31,,,5.432400226593018
2025-09-01,31.170000076293945,,5.438399791717529
2025-09-02,31.32999992370605,69.13999938964844,5.4670000076293945
2025-09-03,31.059999465942383,67.5999984741211,5.448100090026856
2025-09-04,31.059999465942383,66.98999786376953,5.443999767303467
2025-09-05,30.59000015258789,65.5,
2025-09-07,,,5.412199974060059
2025-09-08,30.709999084472656,66.0199966430664,5.420300006866455
2025-09-09,30.950000762939453,66.38999938964844,5.433599948883057
2025-09-10,31.51000022888184,67.48999786376953,5.401999950408936
2025-09-11,31.38999938964844,66.37000274658203,5.388199806213379
2025-09-12,31.18000030517578,66.98999786376953,
2025-09-14,,,5.35099983215332
2025-09-15,31.450000762939453,67.44000244140625,5.315199851989746
2025-09-16,31.530000686645508,68.47000122070312,5.29580020904541
2025-09-17,31.71999931335449,67.94999694824219,5.310100078582764
2025-09-18,31.40999984741211,67.44000244140625,5.304299831390381
2025-09-19,31.059999465942383,66.68000030517578,
2025-09-21,,,5.320499897003174
2025-09-22,31.3700008392334,66.56999969482422,5.3343000411987305
2025-09-23,31.89999961853028,67.62999725341797,5.281599998474121
2025-09-24,32.619998931884766,69.30999755859375,5.329899787902832
2025-09-25,32.36000061035156,69.41999816894531,5.363699913024902
2025-09-26,32.25,70.12999725341797,
2025-09-28,,,5.3422532081604
2025-09-29,31.809999465942383,67.97000122070312,5.321700096130371
2025-09-30,31.459999084472656,67.0199966430664,5.319499969482422
2025-10-01,31.3799991607666,65.3499984741211,5.328800201416016
2025-10-02,31.07999992370605,64.11000061035156,5.336599826812744
2025-10-03,31.0,64.52999877929688,
2025-10-05,,,5.33459997177124
2025-10-06,30.71999931335449,65.47000122070312,5.311200141906738
2025-10-07,30.82999992370605,65.44999694824219,5.353799819946289
2025-10-08,30.64999961853028,66.25,5.33519983291626
2025-10-09,30.209999084472656,65.22000122070312,5.377200126647949
2025-10-10,29.940000534057617,62.72999954223633,
2025-10-12,,,5.5229997634887695
2025-10-13,30.229999542236328,63.31999969482422,5.464099884033203
2025-10-14,30.020000457763672,62.38999938964844,5.481500148773193
2025-10-15,29.75,61.90999984741211,5.449299812316895
2025-10-16,29.450000762939453,61.060001373291016,5.440814971923828
2025-10-17,29.729999542236328,61.290000915527344,
2025-10-19,,,5.406099796295166
2025-10-20,29.75,61.0099983215332,5.36870002746582
2025-10-21,29.51000022888184,61.31999969482422,5.38670015335083
2025-10-22,29.850000381469727,62.59000015258789,5.399400234222412
2025-10-23,30.190000534057617,65.98999786376953,5.382900238037109
2025-10-24,29.84000015258789,65.94000244140625,
2025-10-27,30.0,65.62000274658203,5.388299942016602
2025-10-28,29.989999771118164,64.4000015258789,5.373300075531006
2025-10-29,30.020000457763672,64.91999816894531,5.357399940490723
2025-10-30,29.88999938964844,65.0,5.357800006866455
2025-10-31,29.75,65.06999969482422,5.381999969482422
2025-11-03,30.100000381469727,64.88999938964844,5.374599933624268
2025-11-04,30.25,64.44000244140625,5.354899883270264
2025-11-05,30.850000381469727,63.52000045776367,5.395899772644043
2025-11-06,31.01000022888184,63.380001068115234,5.35860013961792
2025-11-07,32.18000030517578,63.630001068115234,5.349500179290772
2025-11-10,32.36000061035156,64.05999755859375,5.330900192260742
2025-11-11,33.20000076293945,65.16000366210938,5.289700031280518
2025-11-12,32.84000015258789,63.630001068115234,5.296599864959717
