,Pred,Real,Pred_Impact,Impact_Metadata
2020-12-24,8.137762743355424,8.28000545501709,8.137762743355424,
2020-12-25,8.113465954467046,8.28000545501709,8.113465954467046,
2020-12-28,8.094581186279243,8.348143577575684,8.094581186279243,
2020-12-29,8.152181504259843,8.374802589416504,8.152181504259843,
2020-12-30,8.20479163981369,8.395541191101074,8.20479163981369,
2020-12-31,8.254037149468173,8.395541191101074,8.254037149468173,
2021-01-01,8.297094455998247,8.395541191101074,8.297094455998247,
2021-01-04,8.329329912494826,8.564398765563965,8.329329912494826,
2021-01-05,8.349029212040447,8.89915657043457,8.349029212040447,
2021-01-06,8.34237183710084,8.91693115234375,8.34237183710084,
2021-01-07,8.395410823305012,9.183548927307127,8.395410823305012,
2021-01-08,8.533415269370407,9.219099044799805,8.533415269370407,
2021-01-11,8.659779608719473,9.142075538635254,8.659779608719473,
2021-01-12,8.781579986650923,9.073938369750977,8.781579986650923,
2021-01-13,8.853869480304722,8.635498046875,8.853869480304722,
2021-01-14,8.858317956646856,8.724371910095215,8.858317956646856,
2021-01-15,8.857838047130143,8.330368995666504,8.857838047130143,
2021-01-18,8.808998597902358,8.31555461883545,8.808998597902358,
2021-01-19,8.713893022485491,8.499226570129395,8.713893022485491,
2021-01-20,8.626952482955714,8.357030868530273,8.626952482955714,
2021-01-21,8.548466458980412,8.16150951385498,8.548466458980412,
2021-01-22,8.511052581575411,8.025237083435059,8.511052581575411,
2021-01-25,8.419711994928702,8.025237083435059,8.419711994928702,
2021-01-26,8.28043348770798,7.998576641082763,8.28043348770798,
2021-01-27,8.16269984987295,8.117071151733398,8.16269984987295,
2021-01-28,8.094825742909677,8.22371768951416,8.094825742909677,
2021-01-29,8.063575525311336,7.906738758087158,8.063575525311336,
2021-02-01,8.019873737553567,8.155585289001465,8.019873737553567,
2021-02-02,8.011437848624169,8.490340232849121,8.011437848624169,
2021-02-03,8.033713977396744,8.573287963867188,8.033713977396744,
2021-02-04,8.150637028335737,8.537737846374512,8.150637028335737,
2021-02-05,8.287641553339595,8.543663024902344,8.287641553339595,
2021-02-08,8.314862722365204,8.327404022216797,8.314862722365204,
2021-02-09,8.316282290332905,8.158547401428223,8.316282290332905,
2021-02-10,8.316717276812666,8.23556900024414,8.316717276812666,
2021-02-11,8.311003285649063,8.31851863861084,8.311003285649063,
2021-02-12,8.304654674412218,8.425166130065918,8.304654674412218,
2021-02-15,8.319120111447715,8.425166130065918,8.319120111447715,
2021-02-16,8.329793386754117,8.425166130065918,8.329793386754117,
2021-02-17,8.33464485560823,8.76584529876709,8.33464485560823,
2021-02-18,8.387995892566648,8.67104721069336,8.387995892566648,
2021-02-19,8.426981199717927,8.096336364746094,8.426981199717927,
2021-02-22,8.245427704220402,6.419596195220947,8.245427704220402,
2021-02-23,7.524575341474786,7.12761926651001,7.524575341474786,
2021-02-24,6.957744240562285,7.228341102600098,6.957744240562285,
2021-02-25,6.7182640228717645,6.869888305664063,6.7182640228717645,
2021-02-26,6.6170323696035425,6.588456153869629,6.6170323696035425,
2021-03-01,6.489858977315798,6.517357349395752,6.489858977315798,
2021-03-02,6.418591030783092,6.514394283294678,6.418591030783092,
2021-03-03,6.289888769217768,6.277400016784668,6.289888769217768,
2021-03-04,6.1137387686310305,6.582531452178955,6.1137387686310305,
2021-03-05,6.040510931346837,6.632892608642578,6.040510931346837,
2021-03-08,6.062190186354048,6.250738143920898,6.062190186354048,
2021-03-09,6.0566883195795675,6.395896911621094,6.0566883195795675,
2021-03-10,6.015313736880612,6.618079662322998,6.015313736880612,
2021-03-11,6.031966323189595,6.899513244628906,6.031966323189595,
2021-03-12,6.1223970539854395,6.863961696624756,6.1223970539854395,
2021-03-15,6.3179420142384926,7.00615930557251,6.3179420142384926,
2021-03-16,6.542562273387132,6.896549224853516,6.542562273387132,
2021-03-17,6.714431101704264,7.133545398712158,6.714431101704264,
2021-03-18,6.8060091230365245,6.884700775146484,6.8060091230365245,
2021-03-19,6.847932122883545,7.10984468460083,6.847932122883545,
2021-03-22,6.868611182908264,6.967647552490234,6.868611182908264,
2021-03-23,6.945473403450304,6.754351615905762,6.945473403450304,
2021-03-24,6.969538509993228,6.760276794433594,6.969538509993228,
2021-03-25,6.964880977176691,6.8728508949279785,6.964880977176691,
2021-03-26,6.8980107905209245,6.949873924255371,6.8980107905209245,
2021-03-28,6.870670465879009,6.949873924255371,6.870670465879009,
2021-03-29,6.843857603431946,7.059484481811523,6.843857603431946,
2021-03-30,6.840024189206723,7.059484481811523,6.840024189206723,
2021-03-31,6.87555770881011,7.13947057723999,6.87555770881011,
2021-04-01,6.926597839006657,7.077258586883545,6.926597839006657,
2021-04-04,6.976259434594866,7.077258586883545,6.976259434594866,
2021-04-05,7.035237574989317,7.121695041656494,7.035237574989317,
2021-04-06,7.107976299012641,7.115771293640137,7.107976299012641,
2021-04-07,7.17718670197268,7.10984468460083,7.17718670197268,
2021-04-08,7.208984651916694,7.02097225189209,7.208984651916694,
2021-04-09,7.224350521922133,7.00615930557251,7.224350521922133,
2021-04-11,7.232804160929547,7.00615930557251,7.232804160929547,
2021-04-12,7.195576988048856,7.077258586883545,7.195576988048856,
2021-04-13,7.155495942285274,7.100956916809082,7.155495942285274,
2021-04-14,7.12495068766194,7.213530540466309,7.12495068766194,
2021-04-15,7.094469420974168,7.070477485656738,7.094469420974168,
2021-04-16,7.1527753593400725,7.027606964111328,7.1527753593400725,
2021-04-18,7.180106589806215,7.027606964111328,7.180106589806215,
2021-04-19,7.187801358194278,7.4348721504211435,7.187801358194278,
2021-04-20,7.07638855601105,7.294013023376465,7.07638855601105,
2021-04-21,7.052653085947814,7.294013023376465,7.052653085947814,
2021-04-22,7.066570571500872,7.260330200195312,7.066570571500872,
2021-04-23,7.168023772039138,7.254206657409668,7.168023772039138,
2021-04-25,7.2519955014524555,7.254206657409668,7.2519955014524555,
2021-04-26,7.290372704079132,7.281764984130859,7.290372704079132,
2021-04-27,7.341192053984315,7.0735392570495605,7.341192053984315,
2021-04-28,7.319174287458409,7.330759048461914,7.319174287458409,
2021-04-29,7.319309494842798,7.2327704429626465,7.319309494842798,
2021-04-30,7.359832265541683,7.2327704429626465,7.359832265541683,
2021-05-02,7.368761431330497,7.2327704429626465,7.368761431330497,
2021-05-03,7.330294382629916,7.17458963394165,7.330294382629916,
2021-05-04,7.3009399171909735,7.009234428405762,7.3009399171909735,
2021-05-05,7.266058384249504,7.297077178955078,7.266058384249504,
2021-05-06,7.239502076170794,7.196025848388672,7.239502076170794,
2021-05-07,7.259547173532567,7.4654927253723145,7.259547173532567,
2021-05-09,7.278969703343208,7.4654927253723145,7.278969703343208,
2021-05-10,7.295501819215289,7.563483238220215,7.295501819215289,
2021-05-11,7.34713920666654,7.701277732849121,7.34713920666654,
2021-05-12,7.397394936810541,7.587978363037109,7.397394936810541,
2021-05-13,7.41678700661076,7.652282714843749,7.41678700661076,
2021-05-14,7.42386074140505,8.053423881530762,7.42386074140505,
2021-05-16,7.357428773496337,8.053423881530762,7.357428773496337,
2021-05-17,7.3020128107954605,8.163661003112793,7.3020128107954605,
2021-05-18,7.397965349811456,8.068731307983398,7.397965349811456,
2021-05-19,7.553820019394151,8.007492065429688,7.553820019394151,
2021-05-20,7.643223656169524,7.940124988555908,7.643223656169524,
2021-05-21,7.719901801828441,7.946249008178712,7.719901801828441,
2021-05-23,7.7704016503293465,7.946249008178712,7.7704016503293465,
2021-05-24,7.784761463443814,8.08098316192627,7.784761463443814,
2021-05-25,7.828525486043019,7.912564277648927,7.828525486043019,
2021-05-26,7.868901215972172,7.989118576049805,7.868901215972172,
2021-05-27,7.912355160048022,7.934000015258789,7.912355160048022,
2021-05-28,7.961946905792188,8.264711380004883,7.961946905792188,
2021-05-30,7.932344158397796,8.264711380004883,7.932344158397796,
2021-05-31,7.887370062578824,8.227967262268066,7.887370062578824,
2021-06-01,7.956230284987398,8.356576919555664,7.956230284987398,
2021-06-02,8.038095617025363,8.534180641174316,8.038095617025363,
2021-06-03,8.116405235904338,8.534180641174316,8.116405235904338,
2021-06-04,8.176225847594223,8.727094650268555,8.176225847594223,
2021-06-06,8.244080451385356,8.727094650268555,8.244080451385356,
2021-06-07,8.30505350332565,8.662789344787598,8.30505350332565,
2021-06-08,8.382014773685752,8.77608871459961,8.382014773685752,
2021-06-09,8.437046589636493,8.77608871459961,8.437046589636493,
2021-06-10,8.5142372961902,8.782214164733887,8.5142372961902,
2021-06-11,8.62788973090228,8.748528480529785,8.62788973090228,
2021-06-13,8.707928119725251,8.748528480529785,8.707928119725251,
2021-06-14,8.741335081370847,8.803647994995117,8.741335081370847,
2021-06-15,8.773777841247705,8.889388084411621,8.773777841247705,
2021-06-16,8.824851828074541,8.923070907592773,8.824851828074541,
2021-06-17,8.838269572233598,8.613795280456543,8.838269572233598,
2021-06-18,8.80606106955919,8.671976089477539,8.80606106955919,
2021-06-20,8.72007180272898,8.671976089477539,8.72007180272898,
2021-06-21,8.60170288741041,8.864891052246094,8.60170288741041,
2021-06-22,8.609798018669265,8.9108247756958,8.609798018669265,
2021-06-23,8.691425806453294,8.972064971923828,8.691425806453294,
2021-06-24,8.776975923205198,9.07923984527588,8.776975923205198,
2021-06-25,8.877932669400947,8.9108247756958,8.877932669400947,
2021-06-27,8.917165601097379,8.9108247756958,8.917165601097379,
2021-06-28,8.930140250716347,8.895513534545898,8.930140250716347,
2021-06-29,8.955448355778072,8.935317993164062,8.955448355778072,
2021-06-30,8.972378424016524,9.011874198913574,8.972378424016524,
2021-07-01,8.956544039606184,8.89857292175293,8.956544039606184,
2021-07-02,8.931451345985066,8.935317993164062,8.931451345985066,
2021-07-04,8.94110979892987,8.935317993164062,8.94110979892987,
2021-07-05,8.960547668314105,8.834270477294922,8.960547668314105,
2021-07-06,8.955186268206388,8.472935676574707,8.955186268206388,
2021-07-07,8.840416016852869,8.5892972946167,8.840416016852869,
2021-07-08,8.723908887495027,8.417819023132324,8.723908887495027,
2021-07-09,8.588026123594387,8.417819023132324,8.588026123594387,
2021-07-11,8.477580974583956,8.417819023132324,8.477580974583956,
2021-07-12,8.424665581515596,8.491310119628906,8.424665581515596,
2021-07-13,8.437683181940626,8.543364524841309,8.437683181940626,
2021-07-14,8.485406129347565,8.472935676574707,8.485406129347565,
2021-07-15,8.546173850138471,8.29227066040039,8.546173850138471,
2021-07-16,8.53690611804677,8.169785499572754,8.53690611804677,
2021-07-18,8.486965068298202,8.169785499572754,8.486965068298202,
2021-07-19,8.438678939403614,8.035051345825195,8.438678939403614,
2021-07-20,8.303923853298867,8.14222526550293,8.303923853298867,
2021-07-21,8.20756634954,8.255524635314941,8.20756634954,
2021-07-22,8.191141172409543,8.237151145935059,8.191141172409543,
2021-07-23,8.221504981790941,8.18815803527832,8.221504981790941,
2021-07-25,8.265618965804846,8.18815803527832,8.265618965804846,
2021-07-26,8.309073567290993,8.411694526672363,8.309073567290993,
2021-07-27,8.340346794249724,8.313703536987305,8.340346794249724,
2021-07-28,8.35755297481286,8.485184669494629,8.35755297481286,
2021-07-29,8.402032259815057,8.515806198120117,8.402032259815057,
2021-07-30,8.473327529963226,8.240211486816406,8.473327529963226,
2021-08-01,8.477039487636103,8.240211486816406,8.477039487636103,
2021-08-02,8.4263993916052,8.087106704711914,8.4263993916052,
2021-08-03,8.365256508671548,8.221842765808105,8.365256508671548,
2021-08-04,8.281122015425565,8.047300338745117,8.281122015425565,
2021-08-05,8.183674306257727,8.68116283416748,8.183674306257727,
2021-08-06,8.040491439283912,8.69340991973877,8.040491439283912,
2021-08-08,8.10396221207877,8.69340991973877,8.10396221207877,
2021-08-09,8.233545232241296,8.632166862487793,8.233545232241296,
2021-08-10,8.320419592467855,8.65972900390625,8.320419592467855,
2021-08-11,8.404315007502545,8.779150009155273,8.404315007502545,
2021-08-12,8.449032932442504,8.9108247756958,8.449032932442504,
2021-08-13,8.488990987696381,8.987378120422363,8.488990987696381,
2021-08-15,8.549716853365053,8.987378120422363,8.549716853365053,
2021-08-16,8.613658551069234,8.769963264465332,8.613658551069234,
2021-08-17,8.6250319683418,8.769936561584473,8.6250319683418,
2021-08-18,8.696211972551252,8.692068099975586,8.696211972551252,
2021-08-19,8.692433835575157,8.643400192260742,8.692433835575157,
2021-08-20,8.64719918614186,8.630420684814453,8.64719918614186,
2021-08-22,8.590210917147642,8.630420684814453,8.590210917147642,
2021-08-23,8.536349072388559,8.766692161560059,8.536349072388559,
2021-08-24,8.550658264910167,8.948383331298828,8.550658264910167,
2021-08-25,8.654682268414332,8.997051239013672,8.654682268414332,
2021-08-26,8.79270008182243,8.919183731079102,8.79270008182243,
2021-08-27,8.904920676907933,9.243634223937988,8.904920676907933,
2021-08-29,8.970773466345106,9.243634223937988,8.970773466345106,
2021-08-30,9.014447204596875,9.181989669799805,9.014447204596875,
2021-08-31,9.07646444322536,8.821847915649414,9.07646444322536,
2021-09-01,9.036491267534656,8.77318000793457,9.036491267534656,
2021-09-02,8.970779383037778,8.630420684814453,8.970779383037778,
2021-09-03,8.913457149612752,8.542819023132324,8.913457149612752,
2021-09-05,8.843545289865956,8.542819023132324,8.843545289865956,
2021-09-06,8.775707997879307,8.584997177124023,8.775707997879307,
2021-09-07,8.747896474407112,8.584997177124023,8.747896474407112,
2021-09-08,8.759160980707163,8.101563453674316,8.759160980707163,
2021-09-09,8.63766257323874,8.273523330688477,8.63766257323874,
2021-09-10,8.419443990664346,8.221611022949219,8.419443990664346,
2021-09-12,8.321434414829453,8.221611022949219,8.321434414829453,
2021-09-13,8.265764691753985,8.51037311553955,8.265764691753985,
2021-09-14,8.27655542436676,8.39681625366211,8.27655542436676,
2021-09-15,8.298582832910354,8.542819023132324,8.298582832910354,
2021-09-16,8.337148493155466,8.468194007873535,8.337148493155466,
2021-09-17,8.369077158180174,8.088586807250977,8.369077158180174,
2021-09-19,8.293227130358543,8.088586807250977,8.293227130358543,
2021-09-20,8.182964084000345,7.997738838195802,8.182964084000345,
2021-09-21,8.068757233271242,8.17943286895752,8.068757233271242,
2021-09-22,8.032485496688665,8.387084007263184,8.032485496688665,
2021-09-23,8.059303234928763,8.708290100097656,8.059303234928763,
2021-09-24,8.129787260770598,8.727755546569824,8.129787260770598,
2021-09-26,8.27161871131082,8.727755546569824,8.27161871131082,
2021-09-27,8.4023589927326,8.805624961853027,8.4023589927326,
2021-09-28,8.468519669325472,8.747222900390625,8.468519669325472,
2021-09-29,8.471341712593157,8.886738777160645,8.471341712593157,
2021-09-30,8.53744278398578,8.834824562072754,8.53744278398578,
2021-10-01,8.599371710497719,9.0846529006958,8.599371710497719,
2021-10-03,8.680167874256211,9.0846529006958,8.680167874256211,
2021-10-04,8.77898212029447,9.340970993041992,8.77898212029447,
2021-10-05,8.826619385226051,9.545373916625977,8.826619385226051,
2021-10-06,8.912390610974468,9.292302131652832,8.912390610974468,
2021-10-07,8.996825759862885,9.279325485229492,8.996825759862885,
2021-10-08,9.081453529968284,9.448039054870604,9.081453529968284,
2021-10-10,9.151696067094404,9.448039054870604,9.151696067094404,
2021-10-11,9.212640412118402,9.51292896270752,9.212640412118402,
2021-10-12,9.282428897866152,9.51292896270752,9.282428897866152,
2021-10-13,9.353270335772718,9.61350917816162,9.353270335772718,
2021-10-14,9.438998172441542,9.629731178283691,9.438998172441542,
2021-10-15,9.51257115013159,9.603776931762695,9.51257115013159,
2021-10-17,9.570141884648832,9.603776931762695,9.570141884648832,
2021-10-18,9.628384930763003,9.555109024047852,9.628384930763003,
2021-10-19,9.644374244866638,9.087897300720217,9.644374244866638,
2021-10-20,9.53568547703267,9.246880531311035,9.53568547703267,
2021-10-21,9.469790832473263,8.906207084655762,9.469790832473263,
2021-10-22,9.328387136899535,8.818602561950684,9.328387136899535,
2021-10-24,9.120558924067124,8.818602561950684,9.120558924067124,
2021-10-25,8.918881661108967,9.422083854675291,8.918881661108967,
2021-10-26,8.850938526064523,9.33123779296875,8.850938526064523,
2021-10-27,8.947839927275664,9.308526039123535,8.947839927275664,
2021-10-28,9.093002037516582,9.396126747131348,9.093002037516582,
2021-10-29,9.155489543644093,8.808867454528809,9.155489543644093,
2021-11-01,9.065773636977708,9.0846529006958,9.065773636977708,
2021-11-02,9.008566450354634,9.0846529006958,9.008566450354634,
2021-11-03,8.952164810481987,8.711535453796387,8.952164810481987,
2021-11-04,8.906650980809287,8.435748100280762,8.906650980809287,
2021-11-05,8.850600617171933,8.387084007263184,8.850600617171933,
2021-11-08,8.778522809633726,8.47468376159668,8.778522809633726,
2021-11-09,8.750648832183328,8.643400192260742,8.750648832183328,
2021-11-10,8.731440398992701,8.575263977050781,8.731440398992701,
2021-11-11,8.730395554894214,8.58175277709961,8.730395554894214,
2021-11-12,8.739592724947384,8.756957054138184,8.739592724947384,
2021-11-15,8.734281945432526,8.756957054138184,8.734281945432526,
2021-11-16,8.69626960552061,8.847804069519043,8.69626960552061,
2021-11-17,8.718220973606533,8.623933792114258,8.718220973606533,
2021-11-18,8.703333260023681,8.610953330993652,8.703333260023681,
2021-11-19,8.68452453229355,8.468194007873535,8.68452453229355,
2021-11-22,8.609157262766585,8.552552223205566,8.609157262766585,
2021-11-23,8.573619196075311,9.019762992858888,8.573619196075311,
2021-11-24,8.565407922330676,9.204699516296388,8.565407922330676,
2021-11-25,8.663830132695237,9.61026382446289,8.663830132695237,
2021-11-26,8.788638162734854,9.23714542388916,8.788638162734854,
2021-11-29,8.874908362898593,9.561596870422363,8.874908362898593,
2021-11-30,8.996029635993379,9.54862117767334,8.996029635993379,
2021-12-01,9.039941356772614,9.603776931762695,9.039941356772614,
2021-12-02,9.08102424104443,10.336551666259766,9.08102424104443,
2021-12-03,9.27879232324065,10.482342720031738,9.27879232324065,
2021-12-06,9.525892474113773,10.529725074768066,9.525892474113773,
2021-12-07,9.816216475458843,10.701027870178224,9.816216475458843,
2021-12-08,10.04067563484463,10.697383880615234,10.04067563484463,
2021-12-09,10.272446511552173,10.675515174865724,10.272446511552173,
2021-12-10,10.459626562643818,10.80672836303711,10.459626562643818,
2021-12-13,10.644541177852458,10.741121292114258,10.644541177852458,
2021-12-14,10.770633787612153,10.61355209350586,10.770633787612153,
2021-12-15,10.804713937401742,10.679159164428713,10.804713937401742,
2021-12-16,10.79450567031199,10.821306228637695,10.79450567031199,
2021-12-17,10.80707228727337,10.566171646118164,10.80707228727337,
2021-12-20,10.7518086246246,10.263654708862305,10.7518086246246,
2021-12-21,10.610220854167748,10.278236389160156,10.610220854167748,
2021-12-22,10.541061729210865,10.263654708862305,10.541061729210865,
2021-12-23,10.507045129083307,10.325618743896484,10.507045129083307,
2021-12-24,10.533111447354086,10.325618743896484,10.533111447354086,
2021-12-27,10.556350463074805,10.47869873046875,10.556350463074805,
2021-12-28,10.585643789356139,10.489632606506348,10.585643789356139,
2021-12-29,10.645934011134754,10.402158737182615,10.645934011134754,
2021-12-30,10.683259138149678,10.369356155395508,10.683259138149678,
2021-12-31,10.673110476260176,10.369356155395508,10.673110476260176,
2022-01-03,10.666741485304128,10.602621078491213,10.666741485304128,
2022-01-04,10.716578883362557,10.642709732055664,10.716578883362557,
2022-01-05,10.726122727778941,10.230853080749512,10.726122727778941,
2022-01-06,10.66245034915971,10.223563194274902,10.66245034915971,
2022-01-07,10.583915676822441,10.270947456359863,10.583915676822441,
2022-01-10,10.536903828219947,10.208984375,10.536903828219947,
2022-01-11,10.521273241001635,10.511500358581545,10.521273241001635,
2022-01-12,10.496406915659405,10.832239151000977,10.496406915659405,
2022-01-13,10.537875918912247,11.050926208496094,10.537875918912247,
2022-01-14,10.638968529902682,11.462783813476562,10.638968529902682,
2022-01-17,10.76776265770897,11.481008529663086,10.76776265770897,
2022-01-18,10.988225639036868,11.532033920288086,10.988225639036868,
2022-01-19,11.159803590689732,11.477361679077148,11.159803590689732,
2022-01-20,11.296692192344578,11.561193466186523,11.296692192344578,
2022-01-21,11.403534513791412,11.579416275024414,11.403534513791412,
2022-01-24,11.515296893899999,11.64502239227295,11.515296893899999,
2022-01-25,11.570780569861453,12.024080276489258,11.570780569861453,
2022-01-26,11.60097279515537,12.344818115234377,11.60097279515537,
2022-01-27,11.703570437452099,12.348462104797363,11.703570437452099,
2022-01-28,11.845406709001166,11.860061645507812,11.845406709001166,
2022-01-31,11.903917540242928,11.790813446044922,11.903917540242928,
2022-02-01,11.957517078293561,12.027722358703612,11.957517078293561,
2022-02-02,12.007845780980515,11.852774620056152,12.007845780980515,
2022-02-03,12.092292763254276,11.688758850097656,12.092292763254276,
2022-02-04,12.115071153493657,11.892864227294922,12.115071153493657,
2022-02-07,12.111990090569007,11.717917442321776,12.111990090569007,
2022-02-08,12.086678917592563,11.601282119750977,12.086678917592563,
2022-02-09,12.008699976092911,11.64502239227295,12.008699976092911,
2022-02-10,11.954644195296252,11.823616027832031,11.954644195296252,
2022-02-11,11.943043971471267,12.304722785949709,11.943043971471267,
2022-02-14,11.95156576201279,12.027722358703612,11.95156576201279,
2022-02-15,12.017446600955962,11.838191986083984,12.017446600955962,
2022-02-16,12.025567371216395,12.002208709716797,12.025567371216395,
2022-02-17,12.055464200150253,11.954824447631836,12.055464200150253,
2022-02-18,12.106101885676734,12.027722358703612,12.106101885676734,
2022-02-21,12.109694413812347,12.33752727508545,12.109694413812347,
2022-02-22,12.156299544577847,12.297432899475098,12.156299544577847,
2022-02-23,12.207110786422701,12.472386360168455,12.207110786422701,
2022-02-24,12.265413437737122,12.169867515563965,12.265413437737122,
2022-02-25,12.268016782512715,12.392197608947754,12.268016782512715,
2022-02-28,12.242442207143993,12.392197608947754,12.242442207143993,
2022-03-01,12.18263496279681,12.392197608947754,12.18263496279681,
2022-03-02,12.133178424437032,12.636397361755373,12.133178424437032,
2022-03-03,12.221593096989151,12.479676246643066,12.221593096989151,
2022-03-04,12.314421184000905,12.476027488708496,12.314421184000905,
2022-03-07,12.408813907519201,11.590351104736328,12.408813907519201,
2022-03-08,12.326680571216881,11.830904006958008,12.326680571216881,
2022-03-09,12.1182587168864,11.867352485656738,12.1182587168864,
2022-03-10,11.923311144000506,12.282856941223145,11.923311144000506,
2022-03-11,11.76640133089134,11.841838836669922,11.76640133089134,
2022-03-14,11.709297795958404,11.615863800048828,11.709297795958404,
2022-03-15,11.665305651986186,11.33521842956543,11.665305651986186,
2022-03-16,11.541975480293926,11.236808776855469,11.541975480293926,
2022-03-17,11.40187564847565,10.93793773651123,11.40187564847565,
2022-03-18,11.165402535051383,11.156622886657717,11.165402535051383,
2022-03-21,11.034163279214281,11.57577133178711,11.034163279214281,
2022-03-22,11.048355452703047,11.524744987487791,11.048355452703047,
2022-03-23,11.141594202013577,11.681468963623049,11.141594202013577,
2022-03-24,11.266293978490976,11.816326141357422,11.266293978490976,
2022-03-25,11.391130058036593,11.772588729858398,11.391130058036593,
2022-03-27,11.482024482228494,11.772588729858398,11.482024482228494,
2022-03-28,11.56262824390677,11.517455101013184,11.56262824390677,
2022-03-29,11.5348114611522,11.772588729858398,11.5348114611522,
2022-03-30,11.480236326221016,12.024080276489258,11.480236326221016,
2022-03-31,11.477833710722733,12.19173526763916,11.477833710722733,
2022-04-01,11.486929639590185,12.031367301940918,11.486929639590185,
2022-04-03,11.545476409261509,12.031367301940918,11.545476409261509,
2022-04-04,11.630411628249076,11.918380737304688,11.630411628249076,
2022-04-05,11.716257141361039,11.80539321899414,11.716257141361039,
2022-04-06,11.765141732762542,11.794458389282228,11.765141732762542,
2022-04-07,11.748567542631461,12.406777381896973,11.748567542631461,
2022-04-08,11.685178726986946,12.468738555908203,11.685178726986946,
2022-04-10,11.74996870311085,12.468738555908203,11.74996870311085,
2022-04-11,11.86369674000707,12.37397575378418,11.86369674000707,
2022-04-12,11.975856634208496,12.33752727508545,11.975856634208496,
2022-04-13,12.06876229563528,12.599949836730955,12.06876229563528,
2022-04-14,12.116895686204229,12.468467712402344,12.116895686204229,
2022-04-17,12.264766546005005,12.468467712402344,12.264766546005005,
2022-04-18,12.435730476440595,12.249162673950195,12.435730476440595,
2022-04-19,12.459116752067812,12.61998462677002,12.459116752067812,
2022-04-20,12.421801267070576,12.67979621887207,12.421801267070576,
2022-04-21,12.440980555071375,12.67979621887207,12.440980555071375,
2022-04-22,12.499319144815358,12.185364723205566,12.499319144815358,
2022-04-24,12.456270165482378,12.185364723205566,12.456270165482378,
2022-04-25,12.349857790369695,12.005934715270996,12.349857790369695,
2022-04-26,12.18947641261954,11.985998153686523,12.18947641261954,
2022-04-27,12.045281791198844,11.985998153686523,12.045281791198844,
2022-04-28,11.972327217461382,12.065744400024414,11.972327217461382,
2022-04-29,11.96060120913293,12.073719024658203,11.96060120913293,
2022-05-01,11.958425619323831,12.073719024658203,11.958425619323831,
2022-05-02,11.966787001752918,11.95409870147705,11.966787001752918,
2022-05-03,11.916459613886557,12.06175708770752,11.916459613886557,
2022-05-04,11.921465574160434,12.787456512451172,11.921465574160434,
2022-05-05,11.971645263846765,12.763530731201172,11.971645263846765,
2022-05-06,12.045944022504555,13.182204246520996,12.045944022504555,
2022-05-08,12.141108983984905,13.182204246520996,12.141108983984905,
2022-05-09,12.224771018364207,12.823339462280272,12.224771018364207,
2022-05-10,12.298527632663847,12.934988021850586,12.298527632663847,
2022-05-11,12.408770518439608,13.385558128356934,12.408770518439608,
2022-05-12,12.525803576034944,13.489229202270508,12.525803576034944,
2022-05-13,12.644293454848137,13.664674758911131,12.644293454848137,
2022-05-15,12.84519102919421,13.664674758911131,12.84519102919421,
2022-05-16,13.058745066575566,13.800245285034178,13.058745066575566,
2022-05-17,13.222214081353341,13.620809555053713,13.222214081353341,
2022-05-18,13.361886596478653,13.397520065307615,13.361886596478653,
2022-05-19,13.414410611283612,13.624799728393555,13.414410611283612,
2022-05-20,13.444946004752493,13.887967109680176,13.444946004752493,
2022-05-22,13.481530011226083,13.887967109680176,13.481530011226083,
2022-05-23,13.52266943278343,14.434232711791992,13.52266943278343,
2022-05-24,13.616513876114139,14.041207313537596,13.616513876114139,
2022-05-25,13.792185302548829,14.241160392761229,13.792185302548829,
2022-05-26,13.896143784160072,14.27670860290527,13.896143784160072,
2022-05-27,13.97467451203556,13.596868515014648,13.97467451203556,
2022-05-29,13.908506603929423,13.596868515014648,13.908506603929423,
2022-05-30,13.799564075720864,13.32581615447998,13.799564075720864,
2022-05-31,13.625099654591223,13.356924057006836,13.625099654591223,
2022-06-01,13.479421038993733,13.339149475097656,13.479421038993733,
2022-06-02,13.36416693366172,13.22361946105957,13.36416693366172,
2022-06-03,13.272555493972702,13.45467758178711,13.272555493972702,
2022-06-05,13.20214334498999,13.45467758178711,13.20214334498999,
2022-06-06,13.153533989366109,13.463563919067385,13.153533989366109,
2022-06-07,13.175610265408435,13.623528480529783,13.175610265408435,
2022-06-08,13.162185070599348,13.556875228881836,13.162185070599348,
2022-06-09,13.163635317714236,13.361364364624023,13.163635317714236,
2022-06-10,13.180305928022191,13.174742698669434,13.180305928022191,
2022-06-12,13.148934746929227,13.174742698669434,13.148934746929227,
2022-06-13,13.099673678564384,13.00589084625244,13.099673678564384,
2022-06-14,12.977660518833515,13.1525239944458,12.977660518833515,
2022-06-15,12.89329286406891,12.921466827392578,12.89329286406891,
2022-06-16,12.830543051232949,12.921466827392578,12.830543051232949,
2022-06-17,12.812376613362856,12.134980201721191,12.812376613362856,
2022-06-19,12.540128108130146,12.134980201721191,12.540128108130146,
2022-06-20,12.194156735659702,12.272727012634276,12.194156735659702,
2022-06-21,11.948729255718574,12.028339385986328,11.948729255718574,
2022-06-22,11.840249106085478,11.992793083190918,11.840249106085478,
2022-06-23,11.782991298869545,11.770621299743652,11.782991298869545,
2022-06-24,11.73206347626538,11.681753158569336,11.73206347626538,
2022-06-26,11.715225445468489,11.681753158569336,11.715225445468489,
2022-06-27,11.717618857222616,12.432690620422363,11.717618857222616,
2022-06-28,11.742157792237007,12.588210105895996,11.742157792237007,
2022-06-29,11.886318228322265,12.477124214172363,11.886318228322265,
2022-06-30,12.064920389860388,12.410473823547363,12.064920389860388,
2022-07-01,12.171965631952189,12.677078247070312,12.171965631952189,
2022-07-03,12.260290896703934,12.677078247070312,12.260290896703934,
2022-07-04,12.308200329498417,12.948126792907717,12.308200329498417,
2022-07-05,12.434192574619457,12.454907417297363,12.434192574619457,
2022-07-06,12.461937042241372,12.294944763183594,12.461937042241372,
2022-07-07,12.430983535823684,12.654861450195312,12.430983535823684,
2022-07-08,12.468475645054012,12.79705047607422,12.468475645054012,
2022-07-10,12.558986141632543,12.79705047607422,12.558986141632543,
2022-07-11,12.681271469226315,12.734843254089355,12.681271469226315,
2022-07-12,12.747085252319208,12.54377555847168,12.747085252319208,
2022-07-13,12.738245713467533,12.55266284942627,12.738245713467533,
2022-07-14,12.737235054704483,12.214964866638184,12.737235054704483,
2022-07-15,12.676310212852625,12.42380428314209,12.676310212852625,
2022-07-17,12.631035242254454,12.42380428314209,12.631035242254454,
2022-07-18,12.599563258249303,12.70818328857422,12.599563258249303,
2022-07-19,12.619830779428183,12.965901374816896,12.619830779428183,
2022-07-20,12.686281812235505,12.96145725250244,12.686281812235505,
2022-07-21,12.769478400124624,12.89480686187744,12.769478400124624,
2022-07-22,12.802327001291415,13.032552719116213,12.802327001291415,
2022-07-24,12.84487415743112,13.032552719116213,12.84487415743112,
2022-07-25,12.891227719189684,13.641302108764647,12.891227719189684,
2022-07-26,13.002378269448654,13.779047012329102,13.002378269448654,
2022-07-27,13.177039913667356,13.930122375488278,13.177039913667356,
2022-07-28,13.404848797652447,14.34780502319336,13.404848797652447,
2022-07-29,13.593699547445196,15.174283981323242,13.593699547445196,
2022-07-31,13.777729288394253,15.174283981323242,13.777729288394253,
2022-08-01,13.93702681570164,14.96544075012207,13.93702681570164,
2022-08-02,14.176110286278002,15.032090187072752,14.176110286278002,
2022-08-03,14.397659309416325,15.040977478027344,14.397659309416325,
2022-08-04,14.579811048283998,15.20094108581543,14.579811048283998,
2022-08-05,14.76133167326668,15.494206428527832,14.76133167326668,
2022-08-07,14.92120070925881,15.494206428527832,14.92120070925881,
2022-08-08,15.053897662860832,16.276248931884766,15.053897662860832,
2022-08-09,15.223364889187222,16.542856216430664,15.223364889187222,
2022-08-10,15.499668301131008,16.489534378051758,15.499668301131008,
2022-08-11,15.787806851512526,16.107397079467773,15.787806851512526,
2022-08-12,15.928745100596073,17.30353355407715,15.928745100596073,
2022-08-14,16.425664889603695,17.30353355407715,16.425664889603695,
2022-08-15,17.001144332539866,17.308990478515625,17.001144332539866,
2022-08-16,17.227240881838384,17.46723747253418,17.227240881838384,
2022-08-17,17.37300276940681,17.87649917602539,17.37300276940681,
2022-08-18,17.468783066925027,18.23664665222168,17.468783066925027,
2022-08-19,17.612735761356475,17.31444549560547,17.612735761356475,
2022-08-21,17.60952233982539,17.31444549560547,17.60952233982539,
2022-08-22,17.55328746303138,17.685508728027344,17.55328746303138,
2022-08-23,17.492355170529493,18.24755859375,17.492355170529493,
2022-08-24,17.58068481801655,18.356698989868164,17.58068481801655,
2022-08-25,17.768882978521276,18.16025161743164,17.768882978521276,
2022-08-26,17.896040154688365,18.356698989868164,17.896040154688365,
2022-08-28,18.004469026318304,18.356698989868164,18.004469026318304,
2022-08-29,18.090894813585635,18.815065383911133,18.090894813585635,
2022-08-30,18.228687135261907,17.69642448425293,18.228687135261907,
2022-08-31,18.216127092403497,18.13296699523925,18.216127092403497,
2022-09-01,18.069401003066332,18.47128677368164,18.069401003066332,
2022-09-02,18.01841489008251,18.23664665222168,18.01841489008251,
2022-09-04,18.0441713489667,18.23664665222168,18.0441713489667,
2022-09-05,18.120390622238403,18.1929931640625,18.120390622238403,
2022-09-06,18.204527745125574,17.516347885131836,18.204527745125574,
2022-09-07,18.063415063176592,17.516347885131836,18.063415063176592,
2022-09-08,17.865952676768416,17.352642059326172,17.865952676768416,
2022-09-09,17.74898711329689,17.34718894958496,17.74898711329689,
2022-09-11,17.711936345512527,17.34718894958496,17.711936345512527,
2022-09-12,17.719006574118566,17.178024291992188,17.719006574118566,
2022-09-13,17.7203985308538,16.725112915039062,17.7203985308538,
2022-09-14,17.559428551751182,16.98158073425293,17.559428551751182,
2022-09-15,17.43843174833927,16.94883918762207,17.43843174833927,
2022-09-16,17.32754942148142,16.79604721069336,17.32754942148142,
2022-09-18,17.14051882166393,16.79604721069336,17.14051882166393,
2022-09-19,16.97538875020274,17.063434600830078,16.97538875020274,
2022-09-20,16.91504462077978,16.965211868286133,16.91504462077978,
2022-09-21,16.934842312733167,17.008865356445312,16.934842312733167,
2022-09-22,16.98001165941031,17.42904281616211,16.98001165941031,
2022-09-23,17.07531774496772,16.337678909301758,17.07531774496772,
2022-09-25,16.98644814449017,16.337678909301758,16.98644814449017,
2022-09-26,16.820260957271614,15.982985496520998,16.820260957271614,
2022-09-27,16.65270460354145,16.19034767150879,16.65270460354145,
2022-09-28,16.49540209734829,15.97207260131836,16.49540209734829,
2022-09-29,16.307921828887743,15.993903160095218,16.307921828887743,
2022-09-30,16.13928469262953,16.261281967163086,16.13928469262953,
2022-10-02,16.011418389888888,16.261281967163086,16.011418389888888,
2022-10-03,15.951554608256172,17.560001373291016,15.951554608256172,
2022-10-04,16.10936551174558,17.11800193786621,16.10936551174558,
2022-10-05,16.403350631033902,17.761903762817383,16.403350631033902,
2022-10-06,16.705148414290193,18.367610931396484,16.705148414290193,
2022-10-07,17.06461773497591,18.35124015808105,17.06461773497591,
2022-10-09,17.440588054112993,18.35124015808105,17.440588054112993,
2022-10-10,17.761020351370746,18.14388084411621,17.761020351370746,
2022-10-11,18.00964065398699,18.00745964050293,18.00964065398699,
2022-10-12,18.09948848098628,18.00745964050293,18.09948848098628,
2022-10-13,18.138103008730127,18.52040100097656,18.138103008730127,
2022-10-14,18.147152480603268,18.23664665222168,18.147152480603268,
2022-10-16,18.214514245808516,18.23664665222168,18.214514245808516,
2022-10-17,18.27183954714826,18.220277786254883,18.27183954714826,
2022-10-18,18.254315618274973,18.66773223876953,18.254315618274973,
2022-10-19,18.292748700776883,19.3280086517334,18.292748700776883,
2022-10-20,18.379136796520527,19.90097618103028,18.379136796520527,
2022-10-21,18.62220855623121,20.58307456970215,18.62220855623121,
2022-10-23,18.94145663840754,20.58307456970215,18.94145663840754,
2022-10-24,19.263927784132644,18.689565658569336,19.263927784132644,
2022-10-25,19.320497501904523,18.296669006347656,19.320497501904523,
2022-10-26,19.16562040143327,17.849210739135742,19.16562040143327,
2022-10-27,18.834969318521015,17.985633850097656,18.834969318521015,
2022-10-28,18.540731753678696,17.772815704345703,18.540731753678696,
2022-10-31,18.23703624603212,16.266740798950195,18.23703624603212,
2022-11-01,17.646066463407635,16.294025421142578,17.646066463407635,
2022-11-02,17.24329922402319,16.294025421142578,17.24329922402319,
2022-11-03,16.941979158915956,16.3431339263916,16.941979158915956,
2022-11-04,16.682589599089965,15.442760467529295,16.682589599089965,
2022-11-07,16.37023030027774,14.815227508544924,16.37023030027774,
2022-11-08,16.040872124282657,14.924365997314453,16.040872124282657,
2022-11-09,15.711873332583194,14.678807258605955,15.711873332583194,
2022-11-10,15.407086523843814,14.253177642822264,15.407086523843814,
2022-11-11,15.040216516309497,14.727921485900879,15.040216516309497,
2022-11-14,14.70603996111191,15.115351676940918,14.70603996111191,
2022-11-15,14.643230981349232,15.115351676940918,14.643230981349232,
2022-11-16,14.66531821422984,14.815227508544924,14.66531821422984,
2022-11-17,14.704487596264242,14.820687294006348,14.704487596264242,
2022-11-18,14.686859358290517,14.569673538208008,14.686859358290517,
2022-11-21,14.60345590529465,14.613325119018556,14.60345590529465,
2022-11-22,14.475154835211013,13.620108604431152,14.475154835211013,
2022-11-23,14.297036965924915,13.684329032897947,14.297036965924915,
2022-11-24,14.12646178411154,14.157208442687988,14.12646178411154,
2022-11-25,14.009405059745516,13.929523468017576,14.009405059745516,
2022-11-28,13.997049252352666,14.221426010131834,13.997049252352666,
2022-11-29,13.99976917788757,14.816901206970217,13.99976917788757,
2022-11-30,14.07117357814502,15.564168930053714,14.07117357814502,
2022-12-01,14.252478572550329,14.93950080871582,14.252478572550329,
2022-12-02,14.524379965146293,15.126320838928226,14.524379965146293,
2022-12-05,14.755202856205754,14.957019805908203,14.755202856205754,
2022-12-06,14.932791291066108,14.968692779541016,14.932791291066108,
2022-12-07,15.000405501825353,14.799390792846681,15.000405501825353,
2022-12-08,15.025851663049421,14.466624259948729,15.025851663049421,
2022-12-09,15.00523878232792,14.425755500793455,15.00523878232792,
2022-12-12,14.92743646506136,13.958714485168453,14.92743646506136,
2022-12-13,14.720980705792043,13.614271163940428,14.720980705792043,
2022-12-14,14.460595388503064,12.534236907958984,14.460595388503064,
2022-12-15,13.807477542601019,12.867003440856934,13.807477542601019,
2022-12-16,13.337284988349294,12.872843742370604,13.337284988349294,
2022-12-19,13.051086674890596,13.065494537353516,13.051086674890596,
2022-12-20,12.931616378188009,13.468320846557615,12.931616378188009,
2022-12-21,12.94789823987375,13.76022148132324,12.94789823987375,
2022-12-22,13.085317152501402,14.00542163848877,13.085317152501402,
2022-12-23,13.287870524248516,14.66511535644531,13.287870524248516,
2022-12-26,13.562391916014262,14.560030937194822,13.562391916014262,
2022-12-27,13.899682404651342,14.65927791595459,13.899682404651342,
2022-12-28,14.176658128192058,14.478300094604492,14.176658128192058,
2022-12-29,14.339723054774025,14.303157806396483,14.339723054774025,
2022-12-30,14.423789177349134,14.303157806396483,14.423789177349134,
2023-01-02,14.461391293235804,13.38075065612793,14.461391293235804,
2023-01-03,14.332099724971554,13.04214572906494,14.332099724971554,
2023-01-04,14.059885405074281,13.456643104553224,14.059885405074281,
2023-01-05,13.704515694999825,13.941198348999023,13.704515694999825,
2023-01-06,13.56069755054247,13.859468460083008,13.56069755054247,
2023-01-09,13.601951799765002,13.93536376953125,13.601951799765002,
2023-01-10,13.722829392776417,14.063798904418942,13.722829392776417,
2023-01-11,13.841667260773418,14.174721717834473,13.841667260773418,
2023-01-12,13.987819211784652,14.379051208496094,13.987819211784652,
2023-01-13,14.131323990667168,14.344026565551756,14.131323990667168,
2023-01-16,14.284740763732314,14.034607887268065,14.284740763732314,
2023-01-17,14.388778134579182,14.898636817932125,14.388778134579182,
2023-01-18,14.419100527111878,14.63592529296875,14.419100527111878,
2023-01-19,14.518091616519994,15.11464500427246,14.518091616519994,
2023-01-20,14.599007428952516,15.394870758056639,14.599007428952516,
2023-01-23,14.68233549890101,15.640065193176268,14.68233549890101,
2023-01-24,14.83945831294636,15.529144287109375,14.83945831294636,
2023-01-25,15.052554792761098,15.727635383605953,15.052554792761098,
2023-01-26,15.25265996856268,15.324814796447754,15.25265996856268,
2023-01-27,15.391775876303312,14.957019805908203,15.391775876303312,
2023-01-30,15.445448606033663,15.032910346984862,15.445448606033663,
2023-01-31,15.432598426097568,15.2197265625,15.432598426097568,
2023-02-01,15.382106685656991,15.00955677032471,15.382106685656991,
2023-02-02,15.336180002317858,14.314835548400879,15.336180002317858,
2023-02-03,15.193947969770077,14.472460746765137,15.193947969770077,
2023-02-06,15.037867370182026,15.050424575805666,15.037867370182026,
2023-02-07,14.905431627604626,14.957019805908203,14.905431627604626,
2023-02-08,14.896916849439604,15.208051681518556,14.896916849439604,
2023-02-09,14.9448867639814,15.137994766235352,14.9448867639814,
2023-02-10,15.046605667847983,15.599200248718262,15.046605667847983,
2023-02-13,15.144143442226492,15.645903587341309,15.144143442226492,
2023-02-14,15.298868900055934,15.587525367736815,15.298868900055934,
2023-02-15,15.469932318583117,15.61087703704834,15.469932318583117,
2023-02-16,15.550892834915826,15.67509460449219,15.550892834915826,
2023-02-17,15.62526697662099,15.435735702514648,15.62526697662099,
2023-02-20,15.641905592961164,15.435735702514648,15.641905592961164,
2023-02-21,15.636778669192664,15.435735702514648,15.636778669192664,
2023-02-22,15.623272832053827,15.038747787475588,15.623272832053827,
2023-02-23,15.580592002487093,15.49994945526123,15.580592002487093,
2023-02-24,15.52079922116644,15.120481491088867,15.52079922116644,
2023-02-27,15.489374132429132,15.266430854797362,15.489374132429132,
2023-02-28,15.420992942990209,14.735169410705568,15.420992942990209,
2023-03-01,15.270249638465655,14.770200729370115,15.270249638465655,
2023-03-02,15.062016241753609,14.384889602661131,15.062016241753609,
2023-03-03,14.860611146658355,15.003719329833984,14.860611146658355,
2023-03-06,14.749654313300196,15.15550708770752,14.749654313300196,
2023-03-07,14.789661674326338,14.653440475463867,14.789661674326338,
2023-03-08,14.833540743727495,14.840253829956056,14.833540743727495,
2023-03-09,14.855166036306171,14.776038169860842,14.855166036306171,
2023-03-10,14.882276760401906,14.58338451385498,14.882276760401906,
2023-03-13,14.89599296883574,14.12217903137207,14.89599296883574,
2023-03-14,14.80911663637829,13.871144294738768,14.80911663637829,
2023-03-15,14.649630651452467,13.625947952270508,14.649630651452467,
2023-03-16,14.37615410378521,13.579243659973145,14.37615410378521,
2023-03-17,14.135495478137555,13.725194931030272,14.135495478137555,
2023-03-20,13.92774856504519,13.386588096618652,13.92774856504519,
2023-03-21,13.797902142490384,13.660974502563477,13.797902142490384,
2023-03-22,13.754290419943286,13.620108604431152,13.754290419943286,
2023-03-23,13.747078190713124,13.310693740844728,13.747078190713124,
2023-03-24,13.700388034882563,13.30485725402832,13.700388034882563,
2023-03-26,13.634777610708168,13.30485725402832,13.634777610708168,
2023-03-27,13.571334449145779,13.532538414001465,13.571334449145779,
2023-03-28,13.580480779469324,13.771899223327637,13.580480779469324,
2023-03-29,13.655933950608413,13.952876091003416,13.655933950608413,
2023-03-30,13.756380984687324,13.99374198913574,13.756380984687324,
2023-03-31,13.86721685455086,13.690165519714354,13.86721685455086,
2023-04-02,13.92447378521973,13.690165519714354,13.92447378521973,
2023-04-03,13.957886882694764,14.297318458557127,13.957886882694764,
2023-04-04,14.012969100101598,14.16888427734375,14.012969100101598,
2023-04-05,14.098179116593256,14.21558952331543,14.098179116593256,
2023-04-06,14.110941641823102,14.01125717163086,14.110941641823102,
2023-04-09,14.172242960638298,14.01125717163086,14.172242960638298,
2023-04-10,14.23152120883327,14.308997154235838,14.23152120883327,
2023-04-11,14.270860640997794,14.980370521545408,14.270860640997794,
2023-04-12,14.344861373654338,15.091289520263672,14.344861373654338,
2023-04-13,14.506531713859884,15.196378707885742,14.506531713859884,
2023-04-14,14.72600770319542,15.354001998901367,14.72600770319542,
2023-04-16,14.935069436881518,15.354001998901367,14.935069436881518,
2023-04-17,15.107779887339118,15.593359947204592,15.107779887339118,
2023-04-18,15.256599171061508,15.990347862243652,15.256599171061508,
2023-04-19,15.35812435802728,15.476601600646973,15.35812435802728,
2023-04-20,15.421015733213833,15.58168601989746,15.421015733213833,
2023-04-21,15.466199981191037,15.58168601989746,15.466199981191037,
2023-04-23,15.500160044033064,15.58168601989746,15.500160044033064,
2023-04-24,15.534284021175777,15.879426002502438,15.534284021175777,
2023-04-25,15.609743328144303,15.81520652770996,15.609743328144303,
2023-04-26,15.68298847723298,15.616711616516113,15.68298847723298,
2023-04-27,15.745728209777722,15.237241744995115,15.745728209777722,
2023-04-28,15.672956396102789,15.585895538330078,15.672956396102789,
2023-04-30,15.812382601503542,15.585895538330078,15.812382601503542,
2023-05-01,15.99622607620182,15.585895538330078,15.99622607620182,
2023-05-02,16.188074178674754,14.954566001892088,16.188074178674754,
2023-05-03,16.109063979556083,14.901954650878906,16.109063979556083,
2023-05-04,15.924535045054936,15.138704299926758,15.924535045054936,
2023-05-05,15.744894613521295,15.783184051513674,15.744894613521295,
2023-05-07,15.638547541164767,15.783184051513674,15.638547541164767,
2023-05-08,15.589772079872544,16.11857795715332,15.589772079872544,
2023-05-09,15.667465705303355,16.171188354492188,15.667465705303355,
2023-05-10,15.820386352731132,16.131731033325195,15.820386352731132,
2023-05-11,15.979098346600777,16.723600387573242,15.979098346600777,
2023-05-12,16.010991511469456,17.26285743713379,16.010991511469456,
2023-05-14,16.15496787267159,17.26285743713379,16.15496787267159,
2023-05-15,16.318517529779115,16.874855041503906,16.318517529779115,
2023-05-16,16.498477024443503,17.295738220214844,16.498477024443503,
2023-05-17,16.65035195122573,16.874855041503906,16.65035195122573,
2023-05-18,16.762737556295747,16.973495483398438,16.762737556295747,
2023-05-19,16.844677175697257,16.947195053100586,16.844677175697257,
2023-05-21,16.91401555452842,16.947195053100586,16.91401555452842,
2023-05-22,16.957210917220834,16.848548889160156,16.957210917220834,
2023-05-23,17.0160219658315,17.26285743713379,17.0160219658315,
2023-05-24,17.06300839456918,17.525911331176758,17.06300839456918,
2023-05-25,17.170821930161253,17.394384384155273,17.170821930161253,
2023-05-26,17.274107223628505,17.624555587768555,17.274107223628505,
2023-05-28,17.396751935517898,17.624555587768555,17.396751935517898,
2023-05-29,17.51937561027779,17.552217483520508,17.51937561027779,
2023-05-30,17.642875832100174,17.35492515563965,17.642875832100174,
2023-05-31,17.68686008714883,17.177366256713867,17.68686008714883,
2023-06-01,17.63419450999328,17.72977638244629,17.63419450999328,
2023-06-02,17.606774364784485,17.87445640563965,17.606774364784485,
2023-06-04,17.704464658351867,17.87445640563965,17.704464658351867,
2023-06-05,17.844065296618055,18.065168380737305,17.844065296618055,
2023-06-06,17.99349202745475,18.446596145629883,17.99349202745475,
2023-06-07,18.097534657583992,18.985855102539062,18.097534657583992,
2023-06-08,18.265687063316648,18.985855102539062,18.265687063316648,
2023-06-09,18.435826601239967,19.91311836242676,18.435826601239967,
2023-06-11,18.67906753453371,19.91311836242676,18.67906753453371,
2023-06-12,18.917344581812582,20.261661529541016,18.917344581812582,
2023-06-13,19.144992619411706,20.222124099731445,19.144992619411706,
2023-06-14,19.56709385735348,21.09099006652832,19.56709385735348,
2023-06-15,19.89203861888893,20.59349250793457,19.89203861888893,
2023-06-16,20.155781987974304,20.76866912841797,20.155781987974304,
2023-06-18,20.33973766069658,20.76866912841797,20.33973766069658,
2023-06-19,20.454991327755064,21.31521415710449,20.454991327755064,
2023-06-20,20.665090016616087,21.420318603515625,20.665090016616087,
2023-06-21,20.87594516559204,22.317214965820312,20.87594516559204,
2023-06-22,21.130520728950838,22.03693199157715,21.130520728950838,
2023-06-23,21.421271389578575,21.133031845092773,21.421271389578575,
2023-06-25,21.530436560741006,21.133031845092773,21.530436560741006,
2023-06-26,21.552034680360745,21.609506607055664,21.552034680360745,
2023-06-27,21.570542095038146,21.44133949279785,21.570542095038146,
2023-06-28,21.600421831304285,21.6445369720459,21.600421831304285,
2023-06-29,21.64379688614451,21.742639541625977,21.64379688614451,
2023-06-30,21.71185200007619,20.691593170166016,21.71185200007619,
2023-07-02,21.59674383983008,20.691593170166016,21.59674383983008,
2023-07-03,21.458123181179754,21.076976776123047,21.458123181179754,
2023-07-04,21.39729432123124,21.12602806091309,21.39729432123124,
2023-07-05,21.392567979470297,21.09799766540528,21.392567979470297,
2023-07-06,21.37209359318467,20.775680541992188,21.37209359318467,
2023-07-07,21.290916569727525,20.67057228088379,21.290916569727525,
2023-07-09,21.203793050998453,20.67057228088379,21.203793050998453,
2023-07-10,21.139219581998983,20.70560836791992,21.139219581998983,
2023-07-11,21.084090031050774,20.425329208374023,21.084090031050774,
2023-07-12,21.025256192216485,20.439342498779297,21.025256192216485,
2023-07-13,20.98230012687213,20.761661529541016,20.98230012687213,
2023-07-14,20.963224709698235,20.355260848999023,20.963224709698235,
2023-07-16,20.931721608272365,20.355260848999023,20.931721608272365,
2023-07-17,20.90483615677169,20.313215255737305,20.90483615677169,
2023-07-18,20.778298699377782,20.20110511779785,20.778298699377782,
2023-07-19,20.69315793010406,20.39029312133789,20.69315793010406,
2023-07-20,20.624420862557766,20.41131401062012,20.624420862557766,
2023-07-21,20.61369367960702,20.79669761657715,20.61369367960702,
2023-07-23,20.642815202664107,20.79669761657715,20.642815202664107,
2023-07-24,20.68874626873855,21.23112869262696,20.68874626873855,
2023-07-25,20.823380391348675,21.721620559692383,20.823380391348675,
2023-07-26,21.008130215709567,21.721620559692383,21.008130215709567,
2023-07-27,21.226008259750184,20.59349250793457,21.226008259750184,
2023-07-28,21.27031946685315,20.852754592895508,21.27031946685315,
2023-07-30,21.251426371468252,20.852754592895508,21.251426371468252,
2023-07-31,21.205533873464557,21.798694610595703,21.205533873464557,
2023-08-01,21.218015903634406,21.44133949279785,21.218015903634406,
2023-08-02,21.250800516865635,21.39229202270508,21.250800516865635,
2023-08-03,21.277941920108557,21.665563583374023,21.277941920108557,
2023-08-04,21.344683966540625,21.02092170715332,21.344683966540625,
2023-08-06,21.283455401131615,21.02092170715332,21.283455401131615,
2023-08-07,21.20693985495279,21.154056549072266,21.20693985495279,
2023-08-08,21.206093110490425,21.175073623657227,21.206093110490425,
2023-08-09,21.229114742539647,21.343238830566406,21.229114742539647,
2023-08-10,21.27922518500804,21.462358474731445,21.27922518500804,
2023-08-11,21.335155899971365,21.41330909729004,21.335155899971365,
2023-08-13,21.416623937053256,21.41330909729004,21.416623937053256,
2023-08-14,21.496891104659536,21.4693660736084,21.496891104659536,
2023-08-15,21.557506087124803,21.62352180480957,21.557506087124803,
2023-08-16,21.617959784930573,22.09999656677246,21.617959784930573,
2023-08-17,21.68862700910847,22.02992248535156,21.68862700910847,
2023-08-18,21.81859088896965,22.085981369018555,21.81859088896965,
2023-08-20,21.943433980891765,22.085981369018555,21.943433980891765,
2023-08-21,22.048000786164376,21.931825637817383,22.048000786164376,
2023-08-22,22.131221917371246,22.26593017578125,22.131221917371246,
2023-08-23,22.32503173217003,23.451601028442383,22.32503173217003,
2023-08-24,22.498649408837306,23.415233612060547,22.498649408837306,
2023-08-25,22.769267536533786,23.255203247070312,22.769267536533786,
2023-08-27,23.03505588991595,23.255203247070312,23.03505588991595,
2023-08-28,23.251941682681828,23.51706886291504,23.251941682681828,
2023-08-29,23.423650239847003,23.5679874420166,23.423650239847003,
2023-08-30,23.548642344769743,23.72801399230957,23.548642344769743,
2023-08-31,23.664293964194595,23.233381271362305,23.664293964194595,
2023-09-01,23.69606353592746,23.735292434692383,23.69606353592746,
2023-09-03,23.708529788250186,23.735292434692383,23.708529788250186,
2023-09-04,23.71236906438389,23.487972259521484,23.71236906438389,
2023-09-05,23.774982574151633,24.273569107055664,23.774982574151633,
2023-09-06,23.81530549212027,24.382680892944336,23.81530549212027,
2023-09-07,23.93316776323672,24.382680892944336,23.93316776323672,
2023-09-08,24.062390084283034,24.295392990112305,24.062390084283034,
2023-09-10,24.19978883632825,24.295392990112305,24.19978883632825,
2023-09-11,24.315536875929975,24.273569107055664,24.315536875929975,
2023-09-12,24.42842912520211,24.38995361328125,24.42842912520211,
2023-09-13,24.528588651844526,24.02625274658203,24.528588651844526,
2023-09-14,24.55754801369505,24.63727188110352,24.55754801369505,
2023-09-15,24.586002484437582,24.65182304382324,24.586002484437582,
2023-09-17,24.626093993981723,24.65182304382324,24.626093993981723,
2023-09-18,24.662118325155912,24.826400756835938,24.662118325155912,
2023-09-19,24.733414910124676,24.88459205627441,24.733414910124676,
2023-09-20,24.828178413050406,24.942785263061523,24.828178413050406,
2023-09-21,24.919865235786798,24.557260513305664,24.919865235786798,
2023-09-22,24.908170344879064,24.753662109375,24.908170344879064,
2023-09-24,24.918638069899313,24.753662109375,24.918638069899313,
2023-09-25,24.935110142297614,24.9136905670166,24.935110142297614,
2023-09-26,24.9611611209948,24.33903884887696,24.9611611209948,
2023-09-27,24.902416689960884,25.110092163085938,24.902416689960884,
2023-09-28,24.880241802374027,25.05917358398437,24.880241802374027,
2023-09-29,24.931942301213777,25.197376251220703,24.931942301213777,
2023-10-01,25.00790386964911,25.197376251220703,25.00790386964911,
2023-10-02,25.0872454035574,24.81912612915039,25.0872454035574,
2023-10-03,25.140588551592256,24.71001625061035,25.140588551592256,
2023-10-04,25.105493360304305,23.72801399230957,25.105493360304305,
2023-10-05,24.87335214246286,23.80803108215332,24.87335214246286,
2023-10-06,24.64418767844563,24.37540626525879,24.64418767844563,
2023-10-08,24.489147540220753,24.37540626525879,24.489147540220753,
2023-10-09,24.391929705520052,25.422876358032227,24.391929705520052,
2023-10-10,24.484936608132553,25.612001419067383,24.484936608132553,
2023-10-11,24.743253274354057,25.546531677246094,24.743253274354057,
2023-10-12,25.01029158384733,25.546531677246094,25.01029158384733,
2023-10-13,25.234415902255247,26.39032554626465,25.234415902255247,
2023-10-15,25.50437311346661,26.39032554626465,25.50437311346661,
2023-10-16,25.751207013169502,26.68128967285156,25.751207013169502,
2023-10-17,26.01335594314821,27.401424407958984,26.01335594314821,
2023-10-18,26.29050960574261,28.019718170166016,26.29050960574261,
2023-10-19,26.630888607954372,27.888784408569336,26.630888607954372,
2023-10-20,26.986251305652328,27.5323543548584,26.986251305652328,
2023-10-22,27.25290919372048,27.5323543548584,27.25290919372048,
2023-10-23,27.44532003940753,25.713836669921875,27.44532003940753,
2023-10-24,27.26133456408513,26.099363327026367,27.26133456408513,
2023-10-25,26.979300287446787,26.237567901611328,26.979300287446787,
2023-10-26,26.803296649675413,25.96843147277832,26.803296649675413,
2023-10-27,26.614548017615444,25.779300689697266,26.614548017615444,
2023-10-30,26.47803282500922,25.51744270324707,26.47803282500922,
2023-10-31,26.355028728824205,25.27012252807617,26.355028728824205,
2023-11-01,26.164663743981006,25.546531677246094,26.164663743981006,
2023-11-02,26.006811642779663,25.546531677246094,26.006811642779663,
2023-11-03,25.910431787070703,25.85204315185547,25.910431787070703,
2023-11-06,25.9251279751204,25.83022117614746,25.9251279751204,
2023-11-07,25.992315307460213,25.401052474975582,25.992315307460213,
2023-11-08,25.962221693710827,24.85549545288086,25.962221693710827,
2023-11-09,25.80488149599398,25.37195587158203,25.80488149599398,
2023-11-10,25.664711102137172,25.25557518005371,25.664711102137172,
2023-11-13,25.58182305881405,25.961153030395508,25.58182305881405,
2023-11-14,25.593868568546778,26.31758689880371,25.593868568546778,
2023-11-15,25.706913337007787,26.31758689880371,25.706913337007787,
2023-11-16,25.841147754157415,25.859317779541016,25.841147754157415,
2023-11-17,25.926428770961135,26.703109741210938,25.926428770961135,
2023-11-20,26.022787589540595,26.72493362426757,26.022787589540595,
2023-11-21,26.204588709583273,26.44851875305176,26.204588709583273,
2023-11-22,26.343761592882966,26.57796859741211,26.343761592882966,
2023-11-23,26.52051906112808,26.585525512695312,26.52051906112808,
2023-11-24,26.631009571448995,26.66112327575684,26.631009571448995,
2023-11-27,26.674142699299974,26.50993156433105,26.674142699299974,
2023-11-28,26.698484411225305,26.910568237304688,26.698484411225305,
2023-11-29,26.75402418619876,26.63087654113769,26.75402418619876,
2023-11-30,26.827687448236244,27.1449031829834,26.827687448236244,
2023-12-01,26.88471735321593,26.96348190307617,26.88471735321593,
2023-12-04,26.956017444372943,26.38899040222168,26.956017444372943,
2023-12-05,26.962735301059862,26.26804542541504,26.962735301059862,
2023-12-06,26.884719106310055,25.323148727416992,26.884719106310055,
2023-12-07,26.65866638436466,25.26267433166504,26.65866638436466,
2023-12-08,26.361832487123248,26.07150650024414,26.361832487123248,
2023-12-11,26.17101695708993,25.97323608398437,26.17101695708993,
2023-12-12,26.134000374641,25.76158332824707,26.134000374641,
2023-12-13,26.11726007884158,26.13197898864746,26.11726007884158,
2023-12-14,26.109017030265928,26.698915481567383,26.109017030265928,
2023-12-15,26.20486920464327,26.759389877319336,26.20486920464327,
2023-12-18,26.350549573334884,27.091991424560547,26.350549573334884,
2023-12-19,26.567442378477264,27.401914596557617,26.567442378477264,
2023-12-20,26.818438123632856,27.500185012817383,26.818438123632856,
2023-12-21,27.08032584258694,27.507741928100582,27.08032584258694,
2023-12-22,27.298442307428555,27.77231407165528,27.298442307428555,
2023-12-25,27.48420717328781,27.77231407165528,27.48420717328781,
2023-12-26,27.62216340926477,28.218305587768555,27.62216340926477,
2023-12-27,27.79840196164889,28.240982055664062,27.79840196164889,
2023-12-28,27.988491710714467,28.150270462036133,27.988491710714467,
2023-12-29,28.137811502809537,28.150270462036133,28.137811502809537,
2024-01-01,28.228435950506192,28.150270462036133,28.228435950506192,
2024-01-02,28.280813143678184,28.558467864990234,28.280813143678184,
2024-01-03,28.36900780291762,29.450443267822262,28.36900780291762,
2024-01-04,28.493635264262362,29.20099449157715,28.493635264262362,
2024-01-05,28.694758987750557,29.269023895263672,28.694758987750557,
2024-01-08,28.907463651028362,29.049808502197266,28.907463651028362,
2024-01-09,29.017975198478776,28.80035781860352,29.017975198478776,
2024-01-10,29.102344606337507,28.535789489746094,29.102344606337507,
2024-01-11,29.090449862699526,28.77768325805664,29.090449862699526,
2024-01-12,29.060475459350638,28.85326766967773,29.060475459350638,
2024-01-15,29.08838121163205,29.16320037841797,29.08838121163205,
2024-01-16,29.135076626744986,28.80035781860352,29.135076626744986,
2024-01-17,29.171255230202174,28.634057998657227,29.171255230202174,
2024-01-18,29.13142317858853,28.520671844482425,29.13142317858853,
2024-01-19,29.074133815678348,28.36948585510254,29.074133815678348,
2024-01-22,28.97187057608596,28.49799537658692,28.97187057608596,
2024-01-23,28.898489562202595,28.85326766967773,28.898489562202595,
2024-01-24,28.84931527199694,28.634057998657227,28.84931527199694,
2024-01-25,28.86055786462043,29.692340850830085,28.86055786462043,
2024-01-26,28.943933268110296,30.20635795593262,28.943933268110296,
2024-01-29,29.15084220221092,30.66746520996094,29.15084220221092,
2024-01-30,29.471619859011298,30.47848701477051,29.471619859011298,
2024-01-31,29.768620300194584,30.811090469360348,29.768620300194584,
2024-02-01,30.014558368799612,31.423376083374023,30.014558368799612,
2024-02-02,30.276491668200947,31.01518630981445,30.276491668200947,
2024-02-05,30.558052609425545,31.151256561279297,30.558052609425545,
2024-02-06,30.7936053484342,31.438499450683597,30.7936053484342,
2024-02-07,31.0064853211245,31.89960861206055,31.0064853211245,
2024-02-08,31.19881903067005,31.642593383789062,31.19881903067005,
2024-02-09,31.404733960401813,31.21928596496582,31.404733960401813,
2024-02-12,31.515648719500973,31.21928596496582,31.515648719500973,
2024-02-13,31.57768195511335,31.21928596496582,31.57768195511335,
2024-02-14,31.611134497206194,30.984954833984375,31.611134497206194,
2024-02-15,31.563250484276523,31.97520065307617,31.563250484276523,
2024-02-16,31.532930721385014,32.27000427246094,31.532930721385014,
2024-02-19,31.615454121130142,32.428749084472656,31.615454121130142,
2024-02-20,31.802070990734137,32.08858871459961,31.802070990734137,
2024-02-21,31.917336929451494,32.133941650390625,31.917336929451494,
2024-02-22,32.01561889228606,31.89204406738281,32.01561889228606,
2024-02-23,32.05777729980355,31.672834396362305,32.05777729980355,
2024-02-26,32.0034944933177,32.27000427246094,32.0034944933177,
2024-02-27,31.978262209576883,32.22465515136719,31.978262209576883,
2024-02-28,32.01104331661986,30.561635971069336,32.01104331661986,
2024-02-29,31.787965595404557,30.34242439270019,31.787965595404557,
2024-03-01,31.4866507895797,30.372657775878906,31.4866507895797,
2024-03-04,31.23331466376726,30.29707336425781,31.23331466376726,
2024-03-05,31.03375645333267,30.20635795593262,31.03375645333267,
2024-03-06,30.84323544311235,30.87156677246094,30.84323544311235,
2024-03-07,30.729657734037346,30.531400680541992,30.729657734037346,
2024-03-08,30.66670237091523,27.742076873779297,30.66670237091523,
2024-03-11,29.850349548301097,26.94836807250977,29.850349548301097,
2024-03-12,29.048133676710787,27.832782745361328,29.048133676710787,
2024-03-13,28.509048467809176,27.500185012817383,28.509048467809176,
2024-03-14,28.208443665104934,27.379240036010746,28.208443665104934,
2024-03-15,28.024452930500157,27.4548282623291,28.024452930500157,
2024-03-18,27.847132719040925,27.46994972229004,27.847132719040925,
2024-03-19,27.755068981067662,27.26584815979004,27.755068981067662,
2024-03-20,27.667705288443468,27.742076873779297,27.667705288443468,
2024-03-21,27.630303025287045,26.98616409301757,27.630303025287045,
2024-03-22,27.606226030574586,27.250730514526367,27.606226030574586,
2024-03-25,27.55996362971052,27.666488647460938,27.55996362971052,
2024-03-26,27.58313953404274,27.40947532653809,27.58313953404274,
2024-03-27,27.628683166315565,27.62868881225586,27.628683166315565,
2024-03-28,27.67424082334139,28.240982055664062,27.67424082334139,
2024-03-29,27.770405048472977,28.240982055664062,27.770405048472977,
2024-03-31,27.865249193728456,28.240982055664062,27.865249193728456,
2024-04-01,27.954450128995628,28.46019744873047,27.954450128995628,
2024-04-02,28.094215558109564,29.193435668945312,28.094215558109564,
2024-04-03,28.29483964977214,29.0422477722168,28.29483964977214,
2024-04-04,28.554793705906373,28.70964813232422,28.554793705906373,
2024-04-05,28.566418473049108,28.80035781860352,28.566418473049108,
2024-04-07,28.606366228875,28.80035781860352,28.606366228875,
2024-04-08,28.63247856586656,29.20099449157715,28.63247856586656,
2024-04-09,28.74533049397382,29.27658462524414,28.74533049397382,
2024-04-10,28.912102338083056,29.926670074462894,28.912102338083056,
2024-04-11,29.088780917092546,29.707454681396484,29.088780917092546,
2024-04-12,29.310882164880237,29.435325622558597,29.310882164880237,
2024-04-14,29.487765855902353,29.435325622558597,29.487765855902353,
2024-04-15,29.62606745142193,29.715019226074215,29.62606745142193,
2024-04-16,29.699706170141667,29.851078033447266,29.699706170141667,
2024-04-17,29.720909843583286,30.070293426513672,29.720909843583286,
2024-04-18,29.77929489032158,30.12320899963379,29.77929489032158,
2024-04-19,29.879619207811743,30.63723373413086,29.879619207811743,
2024-04-21,29.987267952556067,30.63723373413086,29.987267952556067,
2024-04-22,30.087667653093604,31.37047004699707,30.087667653093604,
2024-04-23,30.30281262339338,31.309999465942383,30.30281262339338,
2024-04-24,30.585516581987463,31.16637229919434,30.585516581987463,
2024-04-25,30.838603768434155,31.91472244262696,30.838603768434155,
2024-04-26,31.03375294714442,32.36545181274414,31.03375294714442,
2024-04-28,31.435530564895316,32.36545181274414,31.435530564895316,
2024-04-29,31.836333462312723,32.75399398803711,31.836333462312723,
2024-04-30,32.10415715797399,32.65297317504883,32.10415715797399,
2024-05-01,32.270247048468605,32.65297317504883,32.270247048468605,
2024-05-02,32.37912821838279,32.777305603027344,32.37912821838279,
2024-05-03,32.49503754264401,32.36034393310547,32.49503754264401,
2024-05-05,32.71812578242407,32.36034393310547,32.71812578242407,
2024-05-06,32.93282020753372,32.579383850097656,32.93282020753372,
2024-05-07,32.94467463000683,32.97689437866211,32.94467463000683,
2024-05-08,32.93751674669454,33.479854583740234,32.93751674669454,
2024-05-09,32.98704516191344,33.80435562133789,32.98704516191344,
2024-05-10,33.09294431872104,33.731346130371094,33.09294431872104,
2024-05-12,33.250075898237014,33.731346130371094,33.250075898237014,
2024-05-13,33.40429909459965,33.76378631591797,33.40429909459965,
2024-05-14,33.53226269406423,33.15536117553711,33.53226269406423,
2024-05-15,33.45969336276073,31.15160179138184,33.45969336276073,
2024-05-16,32.866772386375146,30.24301719665528,32.866772386375146,
2024-05-17,32.23784811594487,29.76437759399414,32.23784811594487,
2024-05-19,31.60265828711192,29.76437759399414,31.60265828711192,
2024-05-20,31.076740568183027,29.81304931640625,31.076740568183027,
2024-05-21,30.695823017425255,29.756267547607425,30.695823017425255,
2024-05-22,30.44009041194397,30.16188621520996,30.44009041194397,
2024-05-23,30.261988320504997,29.86173439025879,30.261988320504997,
2024-05-24,30.15821917305925,29.699481964111325,30.15821917305925,
2024-05-26,30.104847975518396,29.699481964111325,30.104847975518396,
2024-05-27,30.077007087719608,30.023975372314453,30.077007087719608,
2024-05-28,30.07932818434108,30.664854049682614,30.07932818434108,
2024-05-29,30.169093615916495,30.624294281005863,30.169093615916495,
2024-05-30,30.287885026919184,30.624294281005863,30.287885026919184,
2024-05-31,30.39825282065135,31.467985153198235,30.39825282065135,
2024-06-02,30.54766026745267,31.467985153198235,30.54766026745267,
2024-06-03,30.67883553535421,31.297624588012695,30.67883553535421,
2024-06-04,30.83978184768614,30.94879341125488,30.83978184768614,
2024-06-05,30.913292590534752,30.9893569946289,30.913292590534752,
2024-06-06,30.985239573423883,31.13537979125977,30.985239573423883,
2024-06-07,31.072482302553453,29.967191696166992,31.072482302553453,
2024-06-09,31.006618556278,29.967191696166992,31.006618556278,
2024-06-10,30.91051043015841,30.421483993530277,30.91051043015841,
2024-06-11,30.80171516185635,30.55128288269043,30.80171516185635,
2024-06-12,30.748910213717863,29.88650703430176,30.748910213717863,
2024-06-13,30.735742723745147,29.586139678955078,30.735742723745147,
2024-06-14,30.55479360744721,28.935346603393555,30.55479360744721,
2024-06-16,30.253231615350728,28.935346603393555,30.253231615350728,
2024-06-17,29.971067609747138,29.043811798095703,29.971067609747138,
2024-06-18,29.70579817222597,29.953256607055664,29.70579817222597,
2024-06-19,29.605621114642304,29.97828483581543,29.605621114642304,
2024-06-20,29.672861039805866,30.45386505126953,29.672861039805866,
2024-06-21,29.836978699409883,30.612390518188484,29.836978699409883,
2024-06-23,30.028470923775444,30.612390518188484,30.028470923775444,
2024-06-24,30.20719010434641,30.921104431152347,30.20719010434641,
2024-06-25,30.41527010532252,30.896070480346683,30.41527010532252,
2024-06-26,30.604679653867606,30.946136474609375,30.604679653867606,
2024-06-27,30.712822771155174,31.46343231201172,30.712822771155174,
2024-06-28,30.870026227530275,31.74711227416992,30.870026227530275,
2024-06-30,31.096164851087792,31.74711227416992,31.096164851087792,
2024-07-01,31.274731512469884,32.231040954589844,31.274731512469884,
2024-07-02,31.476670424726194,32.13091278076172,31.476670424726194,
2024-07-03,31.684561091536807,31.57189750671387,31.684561091536807,
2024-07-04,31.822301696936393,31.138040542602543,31.822301696936393,
2024-07-05,31.83915243766569,31.30490684509277,31.83915243766569,
2024-07-07,31.78390718250523,31.30490684509277,31.78390718250523,
2024-07-08,31.70122074500648,32.072505950927734,31.70122074500648,
2024-07-09,31.6561995347829,32.064170837402344,31.6561995347829,
2024-07-10,31.737962091677787,31.76379776000977,31.737962091677787,
2024-07-11,31.826668654401715,31.980733871459957,31.826668654401715,
2024-07-12,31.917580609534866,31.830551147460938,31.917580609534866,
2024-07-14,31.99538467989555,31.830551147460938,31.99538467989555,
2024-07-15,32.06123615451213,32.1225700378418,32.06123615451213,
2024-07-16,32.10308075818125,32.03913497924805,32.10308075818125,
2024-07-17,32.13121090651066,32.20600891113281,32.13121090651066,
2024-07-18,32.155142394410746,32.14759826660156,32.155142394410746,
2024-07-19,32.16656730882323,32.281097412109375,32.16656730882323,
2024-07-21,32.16840104527796,32.281097412109375,32.16840104527796,
2024-07-22,32.18686112641399,31.63864898681641,32.18686112641399,
2024-07-23,32.140328749054675,31.229812622070312,32.140328749054675,
2024-07-24,32.017505221564534,31.48012161254883,32.017505221564534,
2024-07-25,31.878435770818214,31.43840026855469,31.878435770818214,
2024-07-26,31.7512417796745,31.40503120422364,31.7512417796745,
2024-07-28,31.648109005396122,31.40503120422364,31.648109005396122,
2024-07-29,31.580543004725314,30.770923614501964,31.580543004725314,
2024-07-30,31.440097375090886,30.57901954650879,31.440097375090886,
2024-07-31,31.265759176738243,31.213127136230465,31.265759176738243,
2024-08-01,31.17086419175314,30.737546920776367,31.17086419175314,
2024-08-02,31.10902379649451,29.811414718627926,31.10902379649451,
2024-08-04,30.925339853361606,29.811414718627926,30.925339853361606,
2024-08-05,30.753554160054932,29.786386489868168,30.753554160054932,
2024-08-06,30.45694641195564,30.30368041992187,30.45694641195564,
2024-08-07,30.298040701185187,30.261960983276367,30.298040701185187,
2024-08-08,30.297188697440447,30.745887756347656,30.297188697440447,
2024-08-09,30.385975902494124,30.462207794189457,30.385975902494124,
2024-08-11,30.391698001718055,30.462207794189457,30.391698001718055,
2024-08-12,30.374799927447384,31.15472412109375,30.374799927447384,
2024-08-13,30.51796635916378,30.96282196044922,30.51796635916378,
2024-08-14,30.718008423576862,31.50515174865723,30.718008423576862,
2024-08-15,30.911800707434395,31.98907470703125,30.911800707434395,
2024-08-16,31.166397307922693,32.1225700378418,31.166397307922693,
2024-08-18,31.409886304035126,32.1225700378418,31.409886304035126,
2024-08-19,31.610456049779827,32.072505950927734,31.610456049779827,
2024-08-20,31.810412212580786,31.947364807128903,31.810412212580786,
2024-08-21,31.90971622929021,31.755460739135746,31.90971622929021,
2024-08-22,31.961386925529837,31.852594375610348,31.961386925529837,
2024-08-23,32.063727301263725,31.65522956848144,32.063727301263725,
2024-08-25,32.059561949622776,31.65522956848144,32.059561949622776,
2024-08-26,32.045421492410696,33.954933166503906,32.045421492410696,
2024-08-27,32.13720473532396,33.50014114379883,32.13720473532396,
2024-08-28,32.42077296932166,33.98067092895508,32.42077296932166,
2024-08-29,32.710382365674036,33.74899673461914,32.710382365674036,
2024-08-30,33.00033712156903,33.7833137512207,33.00033712156903,
2024-09-01,33.13155972301195,33.7833137512207,33.13155972301195,
2024-09-02,33.19286367146833,33.4658203125,33.19286367146833,
2024-09-03,33.3069725680632,33.062503814697266,33.3069725680632,
2024-09-04,33.28701359145032,33.07109069824219,33.28701359145032,
2024-09-05,33.23924002345052,32.86515045166016,33.23924002345052,
2024-09-06,33.19525664494893,32.22157669067383,33.19525664494893,
2024-09-08,33.05956190039319,32.22157669067383,33.05956190039319,
2024-09-09,32.90481277579306,32.57339859008789,32.90481277579306,
2024-09-10,32.774962847050006,32.03279495239258,32.774962847050006,
2024-09-11,32.58706446564065,31.998470306396484,32.58706446564065,
2024-09-12,32.40352953550837,31.638067245483402,32.40352953550837,
2024-09-13,32.24427846519529,31.492191314697266,32.24427846519529,
2024-09-15,32.08929968526479,31.492191314697266,32.08929968526479,
2024-09-16,31.971291907335967,31.929822921752926,31.971291907335967,
2024-09-17,31.97549758014179,31.783946990966797,31.97549758014179,
2024-09-18,31.972469986587953,31.02024269104004,31.972469986587953,
2024-09-19,31.87511365745138,31.123207092285156,31.87511365745138,
2024-09-20,31.78514662005159,31.114627838134766,31.78514662005159,
2024-09-22,31.63811110960137,31.114627838134766,31.63811110960137,
2024-09-23,31.489683642415912,31.432128906250004,31.489683642415912,
2024-09-24,31.41671109946367,31.560838699340817,31.41671109946367,
2024-09-25,31.45296157977998,31.792526245117188,31.45296157977998,
2024-09-26,31.528549739166692,31.10604858398437,31.528549739166692,
2024-09-27,31.48161239706451,30.985918045043945,31.48161239706451,
2024-09-29,31.390132439434865,30.985918045043945,31.390132439434865,
2024-09-30,31.297721588824857,30.900100708007805,31.297721588824857,
2024-10-01,31.226559992103716,31.723880767822266,31.226559992103716,
2024-10-02,31.221146437445782,32.161502838134766,31.221146437445782,
2024-10-03,31.415689045588806,32.55623245239258,31.415689045588806,
2024-10-04,31.660278984811725,32.470420837402344,31.660278984811725,
2024-10-06,31.936927756298132,32.470420837402344,31.936927756298132,
2024-10-07,32.1815492512153,32.92521667480469,32.1815492512153,
2024-10-08,32.374479012763345,32.26448440551758,32.374479012763345,
2024-10-09,32.42723838045458,31.938405990600582,32.42723838045458,
2024-10-10,32.34939749511727,32.30738830566406,32.34939749511727,
2024-10-11,32.317845307055904,32.28164291381836,32.317845307055904,
2024-10-13,32.315795940023804,32.28164291381836,32.315795940023804,
2024-10-14,32.31426198266445,32.35887145996094,32.31426198266445,
2024-10-15,32.31431282239407,32.09286117553711,32.31431282239407,
2024-10-16,32.24056716493271,31.929822921752926,32.24056716493271,
2024-10-17,32.168909442574204,31.689554214477536,32.168909442574204,
2024-10-18,32.07105698780026,31.603746414184567,32.07105698780026,
2024-10-20,31.939396112826103,31.603746414184567,31.939396112826103,
2024-10-21,31.83172282476403,31.10604858398437,31.83172282476403,
2024-10-22,31.70499866284581,30.985918045043945,31.70499866284581,
2024-10-23,31.543114445157016,30.59976959228516,31.543114445157016,
2024-10-24,31.335765484431022,30.805715560913086,31.335765484431022,
2024-10-25,31.17170918312138,31.02024269104004,31.17170918312138,
2024-10-28,31.074223125019557,30.9687557220459,31.074223125019557,
2024-10-29,30.963718589945643,30.900100708007805,30.963718589945643,
2024-10-30,30.909029065622804,30.762809753417965,30.909029065622804,
2024-10-31,30.878099225975802,30.814294815063484,30.878099225975802,
2024-11-01,30.839613550650142,30.393825531005856,30.839613550650142,
2024-11-04,30.788836932414256,30.46247673034668,30.788836932414256,
2024-11-05,30.79637699024579,30.368083953857425,30.79637699024579,
2024-11-06,30.728597112091734,30.37666702270508,30.728597112091734,
2024-11-07,30.640931887278043,30.47105598449707,30.640931887278043,
2024-11-08,30.60715326967795,31.04598045349121,30.60715326967795,
2024-11-11,30.633919510778128,31.10604858398437,30.633919510778128,
2024-11-12,30.723618324776794,31.689554214477536,30.723618324776794,
2024-11-13,30.853990675569094,31.64665031433105,30.853990675569094,
2024-11-14,31.025748319369768,31.981309890747067,31.025748319369768,
2024-11-15,31.21267723972801,31.981309890747067,31.21267723972801,
2024-11-18,31.367836588353384,32.77933883666992,31.367836588353384,
2024-11-19,31.57271719255141,32.43609619140625,31.57271719255141,
2024-11-20,31.821421643685653,32.43609619140625,31.821421643685653,
2024-11-21,32.024100361662704,32.530494689941406,32.024100361662704,
2024-11-22,32.16217230185191,33.82621765136719,32.16217230185191,
2024-11-25,32.336789242170425,33.62027359008789,32.336789242170425,
2024-11-26,32.614858019898065,33.577369689941406,32.614858019898065,
2024-11-27,32.855300138421285,33.45724105834961,32.855300138421285,
2024-11-28,33.02012078876942,33.11399459838867,33.02012078876942,
2024-11-29,33.04773026814371,33.3800048828125,33.04773026814371,
2024-12-02,33.01319782006988,33.59453201293945,33.01319782006988,
2024-12-03,33.034254233605,33.89486312866211,33.034254233605,
2024-12-04,33.10918498269484,33.68034362792969,33.10918498269484,
2024-12-05,33.183794915559815,34.01499557495117,33.183794915559815,
2024-12-06,33.28533763346684,33.49156188964844,33.28533763346684,
2024-12-09,33.34833507084795,34.358245849609375,33.34833507084795,
2024-12-10,33.43715032540763,34.4869499206543,33.43715032540763,
2024-12-11,33.60378367508099,34.83019256591797,33.60378367508099,
2024-12-12,33.763143437229814,34.20720672607422,33.763143437229814,
2024-12-13,34.06322231169656,33.993072509765625,34.06322231169656,
2024-12-16,34.152971965424854,33.850318908691406,34.152971965424854,
2024-12-17,34.11010530788087,34.17151641845703,34.11010530788087,
2024-12-18,33.98348107232778,33.28823471069336,33.98348107232778,
2024-12-19,33.78735191400165,33.15440368652344,33.78735191400165,
2024-12-20,33.54277074024935,32.8778190612793,33.54277074024935,
2024-12-23,33.274110818690474,32.886741638183594,33.274110818690474,
2024-12-24,33.07274867440128,32.886741638183594,33.07274867440128,
2024-12-25,32.87918955206237,32.886741638183594,32.87918955206237,
2024-12-26,32.7628068923874,33.13396072387695,32.7628068923874,
2024-12-27,32.86580292532403,33.032066345214844,32.86580292532403,
2024-12-30,32.886771684152905,33.523006439208984,32.886771684152905,
2024-12-31,32.93239946494373,33.523006439208984,32.93239946494373,
2025-01-02,32.9696088877464,34.060264587402344,32.9696088877464,
2025-01-03,33.08096717965918,33.69900894165039,33.08096717965918,
2025-01-06,33.240177928807384,33.541534423828125,33.240177928807384,
2025-01-07,33.35952682374182,34.25479507446289,33.35952682374182,
2025-01-08,33.48438218732281,33.97690200805664,33.48438218732281,
2025-01-09,33.61348179178037,34.12510681152344,33.61348179178037,
2025-01-10,33.73547259956115,34.21773910522461,33.73547259956115,
2025-01-13,33.879368318433535,34.338157653808594,33.879368318433535,
2025-01-14,34.0291369026246,34.10658264160156,34.0291369026246,
2025-01-15,34.09056707385798,34.54194641113281,34.09056707385798,
2025-01-16,34.15220235710399,34.31963348388672,34.15220235710399,
2025-01-17,34.20349789120087,34.458580017089844,34.20349789120087,
2025-01-20,34.20690941236808,34.54194641113281,34.20690941236808,
2025-01-21,34.25170272035541,34.55120849609375,34.25170272035541,
2025-01-22,34.266612785888356,34.356685638427734,34.266612785888356,
2025-01-23,34.29707980868636,34.115848541259766,34.29707980868636,
2025-01-24,34.295896470152,33.939849853515625,34.295896470152,
2025-01-27,34.24996715717168,34.4400520324707,34.24996715717168,
2025-01-28,34.19957621964329,34.39373779296875,34.19957621964329,
2025-01-29,34.193507007782614,34.180686950683594,34.193507007782614,
2025-01-30,34.19340357522924,34.634578704833984,34.19340357522924,
2025-01-31,34.193535057288614,34.91246795654297,34.193535057288614,
2025-02-03,34.26578006617899,34.73646926879883,34.26578006617899,
2025-02-04,34.37313429111032,34.39373779296875,34.37313429111032,
2025-02-05,34.398538378075386,34.143638610839844,34.398538378075386,
2025-02-06,34.37534318970779,34.078792572021484,34.37534318970779,
2025-02-07,34.31125883396919,33.88426971435547,34.31125883396919,
2025-02-10,34.21661804763221,34.115848541259766,34.21661804763221,
2025-02-11,34.1532209047906,34.115848541259766,34.1532209047906,
2025-02-12,34.122145558331226,33.60637664794922,34.122145558331226,
2025-02-13,34.00417108919078,33.643428802490234,34.00417108919078,
2025-02-14,33.875318671004834,34.68089294433594,33.875318671004834,
2025-02-17,33.84386640930859,34.89393997192383,33.84386640930859,
2025-02-18,33.996406635311246,35.5330924987793,33.996406635311246,
2025-02-19,34.21425312365761,35.60719680786133,34.21425312365761,
2025-02-20,34.470765856024514,35.662776947021484,34.470765856024514,
2025-02-21,34.7243439088262,35.56087875366211,34.7243439088262,
2025-02-24,34.9103507016747,35.31078338623047,34.9103507016747,
2025-02-25,34.99944469820025,35.1533088684082,34.99944469820025,
2025-02-26,35.00591712170967,35.1533088684082,35.00591712170967,
2025-02-27,34.98221353604583,33.91205596923828,34.98221353604583,
2025-02-28,34.52140573291865,33.282169342041016,34.52140573291865,
2025-03-03,34.104779407929186,33.282169342041016,34.104779407929186,
2025-03-04,33.760562882677846,33.282169342041016,33.760562882677846,
2025-03-05,33.48357050474294,32.06870651245117,33.48357050474294,
2025-03-06,33.12044160007133,31.735235214233402,33.12044160007133,
2025-03-07,32.78696102324136,32.077972412109375,32.78696102324136,
2025-03-10,32.53694876388988,32.06870651245117,32.53694876388988,
2025-03-11,32.324824374767445,31.587032318115234,32.324824374767445,
2025-03-12,32.14175226148416,31.587032318115234,32.14175226148416,
2025-03-13,31.986938272401403,31.901973724365234,31.986938272401403,
2025-03-14,31.890256884502946,32.88386154174805,31.890256884502946,
2025-03-17,31.92839544719186,33.49522018432617,31.92839544719186,
2025-03-18,32.175001444658506,33.523006439208984,32.175001444658506,
2025-03-19,32.50945498872784,33.49522018432617,32.50945498872784,
2025-03-20,32.80763000297486,33.5693244934082,32.80763000297486,
2025-03-21,33.00020213332141,34.08805465698242,33.00020213332141,
2025-03-24,33.15473738043829,34.041744232177734,33.15473738043829,
2025-03-25,33.34371742092276,34.31037139892578,33.34371742092276,
2025-03-26,33.53616157539818,34.634578704833984,33.53616157539818,
2025-03-27,33.75846267591612,34.89393997192383,33.75846267591612,
2025-03-28,33.978339247259214,34.671630859375,33.978339247259214,
2025-03-30,34.145416129746195,34.671630859375,34.145416129746195,
2025-03-31,34.26393581115951,34.42152786254883,34.26393581115951,
2025-04-01,34.33653319196901,34.55120849609375,34.33653319196901,
2025-04-02,34.4119723383551,34.458580017089844,34.4119723383551,
2025-04-03,34.45640801514094,33.347007751464844,34.45640801514094,
2025-04-04,34.25244427917028,32.003868103027344,34.25244427917028,
2025-04-06,33.73272374797318,32.003868103027344,33.73272374797318,
2025-04-07,33.13392114079829,30.73482894897461,33.13392114079829,
2025-04-08,32.472922260257405,29.641788482666016,32.472922260257405,
2025-04-09,31.796703016523452,30.845985412597653,31.796703016523452,
2025-04-10,31.1658994291912,28.92853164672852,31.1658994291912,
2025-04-11,30.651790552288162,29.50284194946289,30.651790552288162,
2025-04-13,30.20469019212419,29.50284194946289,30.20469019212419,
2025-04-14,29.858597856159122,29.391685485839844,29.858597856159122,
2025-04-15,29.69371409442249,28.715482711791992,29.69371409442249,
2025-04-16,29.504206372606404,28.715482711791992,29.504206372606404,
2025-04-17,29.28171769101709,29.283233642578125,29.28171769101709,
2025-04-21,29.23484521339753,29.283233642578125,29.23484521339753,
2025-04-22,29.260924241600716,29.34967994689941,29.260924241600716,
2025-04-23,29.30039690891874,29.0174560546875,29.30039690891874,
2025-04-24,29.32806599349328,28.884565353393555,29.32806599349328,
2025-04-25,29.272641922732074,28.9699935913086,29.272641922732074,
2025-04-27,29.216279946614005,28.9699935913086,29.216279946614005,
2025-04-28,29.161925263269037,28.856088638305664,29.161925263269037,
2025-04-29,29.130034728041547,29.007963180541992,29.130034728041547,
2025-04-30,29.09465553550535,28.46691131591797,29.09465553550535,
2025-05-01,28.98384596205369,28.46691131591797,28.98384596205369,
2025-05-02,28.880997189023557,29.24526596069336,28.880997189023557,
2025-05-04,28.869290026456948,29.24526596069336,28.869290026456948,
2025-05-05,28.891528025432304,28.15367126464844,28.891528025432304,
2025-05-06,28.812186491524013,28.618783950805664,28.812186491524013,
2025-05-07,28.736891098856173,28.75167655944824,28.736891098856173,
2025-05-08,28.70293541874946,29.15034294128418,28.70293541874946,
2025-05-09,28.768250446563794,29.340187072753903,28.768250446563794,
2025-05-11,28.93025913393546,29.340187072753903,28.93025913393546,
2025-05-12,29.10956034175592,30.04260444641113,29.10956034175592,
2025-05-13,29.353994255601716,30.49822807312012,29.353994255601716,
2025-05-14,29.59898915956751,30.289400100708008,29.59898915956751,
2025-05-15,29.83735386155263,30.251434326171875,29.83735386155263,
2025-05-16,29.991059895148396,30.393814086914062,29.991059895148396,
2025-05-18,30.07527152453588,30.393814086914062,30.07527152453588,
2025-05-19,30.131431894829575,30.3558464050293,30.131431894829575,
2025-05-20,30.191906629764844,30.47924423217773,30.191906629764844,
2025-05-21,30.262770200484738,30.137525558471676,30.262770200484738,
2025-05-22,30.323691974421877,29.738857269287113,30.323691974421877,
2025-05-23,30.251762522473996,29.805301666259766,30.251762522473996,
2025-05-25,30.13270814735256,29.805301666259766,30.13270814735256,
2025-05-26,30.015901238899346,29.71038055419922,30.015901238899346,
2025-05-27,29.94183651830724,29.928699493408207,29.94183651830724,
2025-05-28,29.914633756769945,29.83377838134766,29.914633756769945,
2025-05-29,29.90085794313586,29.653427124023445,29.90085794313586,
2025-05-30,29.880089037037237,29.3306941986084,29.880089037037237,
2025-06-01,29.789345378940084,29.3306941986084,29.789345378940084,
2025-06-02,29.68755898094969,29.501554489135742,29.68755898094969,
2025-06-03,29.66919707308466,29.510517120361328,29.66919707308466,
2025-06-04,29.668255661539547,28.69892883300781,29.668255661539547,
2025-06-05,29.587452047131023,28.70870780944824,29.587452047131023,
2025-06-06,29.46992987627482,29.011831283569336,29.46992987627482,
2025-06-08,29.369775608914775,29.011831283569336,29.369775608914775,
2025-06-09,29.290933706832103,28.52292251586914,29.290933706832103,
2025-06-10,29.140607638709294,29.383399963378903,29.140607638709294,
2025-06-11,29.07986643346703,30.361217498779293,29.07986643346703,
2025-06-12,29.217782348279112,31.045690536499023,29.217782348279112,
2025-06-13,29.507305843019367,31.808385848999023,29.507305843019367,
2025-06-15,30.029242285190435,31.808385848999023,30.029242285190435,
2025-06-16,30.5576423854003,31.49548530578613,30.5576423854003,
2025-06-17,31.001352261526563,32.20928955078125,31.001352261526563,
2025-06-18,31.35533878033641,32.17995834350586,31.35533878033641,
2025-06-19,31.628346375325236,32.17995834350586,31.628346375325236,
2025-06-20,31.811981231822642,32.09195327758789,31.811981231822642,
2025-06-22,31.883116532131908,32.09195327758789,31.883116532131908,
2025-06-23,31.898499933078597,31.29014396667481,31.898499933078597,
2025-06-24,31.89085644269369,30.674119949340824,31.89085644269369,
2025-06-25,31.668103043891506,30.517667770385746,31.668103043891506,
2025-06-26,31.41451797871332,30.762121200561523,31.41451797871332,
2025-06-27,31.23117764202891,30.517667770385746,31.23117764202891,
2025-06-29,31.0726891676602,30.517667770385746,31.0726891676602,
2025-06-30,30.951029694669046,30.683897018432617,30.951029694669046,
2025-07-01,30.864656500225465,30.79145622253418,30.864656500225465,
2025-07-02,30.828293821885154,31.339033126831055,30.828293821885154,
2025-07-03,30.8802187167729,31.446594238281246,30.8802187167729,
2025-07-04,31.010428029811578,31.407480239868164,31.010428029811578,
2025-07-06,31.14609998414369,31.407480239868164,31.14609998414369,
2025-07-07,31.25645550621698,31.348814010620124,31.25645550621698,
2025-07-08,31.319896476411714,31.79860877990723,31.319896476411714,
2025-07-09,31.384608439847057,31.60304450988769,31.384608439847057,
2025-07-10,31.446196389551687,31.524822235107425,31.446196389551687,
2025-07-11,31.465927463928324,31.90616989135743,31.465927463928324,
2025-07-13,31.521533856478527,31.90616989135743,31.521533856478527,
2025-07-14,31.571209531603927,31.485708236694336,31.571209531603927,
2025-07-15,31.615187650823145,31.241254806518555,31.615187650823145,
2025-07-16,31.607687914156486,31.084802627563477,31.607687914156486,
2025-07-17,31.520238319920168,30.77190017700196,31.520238319920168,
2025-07-18,31.39660661603841,30.302549362182614,31.39660661603841,
2025-07-20,31.16334692414523,30.302549362182614,31.16334692414523,
2025-07-21,30.92951046428493,30.361217498779293,30.92951046428493,
2025-07-22,30.773206345195945,30.654563903808604,30.773206345195945,
2025-07-23,30.69126497270031,31.280364990234368,30.69126497270031,
2025-07-24,30.72154266133282,31.23147583007812,30.72154266133282,
2025-07-25,30.840740790172504,31.270587921142567,30.840740790172504,
2025-07-27,30.99336165850491,31.270587921142567,30.99336165850491,
2025-07-28,31.116830324633042,31.309700012207035,31.116830324633042,
2025-07-29,31.18958899010204,31.720382690429688,31.18958899010204,
2025-07-30,31.280714822718437,32.04306411743164,31.280714822718437,
2025-07-31,31.41247913024597,31.915946960449215,31.41247913024597,
2025-08-01,31.549713091443436,31.49548530578613,31.549713091443436,
2025-08-03,31.64331253987018,31.49548530578613,31.64331253987018,
2025-08-04,31.72890736052227,31.446594238281246,31.72890736052227,
2025-08-05,31.747832011601417,31.593269348144528,31.747832011601417,
2025-08-06,31.734541805039953,31.632377624511722,31.734541805039953,
2025-08-07,31.744921875353953,31.808385848999023,31.744921875353953,
2025-08-08,31.797742601339564,29.852754592895508,31.797742601339564,
2025-08-10,31.492434247098004,29.852754592895508,31.492434247098004,
2025-08-11,31.119731695409882,30.038537979125977,31.119731695409882,
2025-08-12,30.83944700670827,30.11676216125488,30.83944700670827,
2025-08-13,30.633502274376383,29.89186477661133,30.633502274376383,
2025-08-14,30.451901007063952,29.510517120361328,30.451901007063952,
2025-08-15,30.255903330797196,29.5007381439209,30.255903330797196,
2025-08-17,30.01610635091197,29.5007381439209,30.01610635091197,
2025-08-18,29.805827969903135,29.686525344848636,29.805827969903135,
2025-08-19,29.708701296096933,29.37362289428711,29.708701296096933,
2025-08-20,29.60348935218633,29.54962921142578,29.60348935218633,
2025-08-21,29.571590051488215,29.61807823181152,29.571590051488215,
2025-08-22,29.583526869385196,30.46999931335449,29.583526869385196,
2025-08-24,29.73469266959387,30.46999931335449,29.73469266959387,
2025-08-25,29.919221604095014,30.649999618530284,29.919221604095014,
2025-08-26,30.131291647299577,30.43000030517578,30.131291647299577,
2025-08-27,30.278811011728294,30.65999984741211,30.278811011728294,
2025-08-28,30.402730223046547,30.930000305175778,30.402730223046547,
2025-08-29,30.536908541184175,31.100000381469727,30.536908541184175,
2025-08-31,30.67176881293642,31.100000381469727,30.67176881293642,
2025-09-01,30.778772419042753,31.170000076293945,30.778772419042753,
2025-09-02,30.90860131065631,31.329999923706048,30.90860131065631,
2025-09-03,31.01685487287375,31.059999465942386,31.01685487287375,
2025-09-04,31.06617466989178,31.059999465942386,31.06617466989178,
2025-09-05,31.097835549788897,30.590000152587894,31.097835549788897,
2025-09-07,31.0251960947204,30.590000152587894,31.0251960947204,
2025-09-08,30.936060023935852,30.709999084472653,30.936060023935852,
2025-09-09,30.89387707310061,30.950000762939457,30.89387707310061,
2025-09-10,30.885195750993717,31.510000228881836,30.885195750993717,
2025-09-11,30.944117244534254,31.389999389648438,30.944117244534254,
2025-09-12,31.065082492251918,31.180000305175785,31.065082492251918,
2025-09-14,31.186133641581705,31.180000305175785,31.186133641581705,
2025-09-15,31.294322339316523,31.450000762939453,31.294322339316523,
2025-09-16,31.367563105669888,31.530000686645508,31.367563105669888,
2025-09-17,31.45596813620432,31.719999313354492,31.45596813620432,
2025-09-18,31.53340055061051,31.40999984741211,31.53340055061051,
2025-09-19,31.574174013769266,31.059999465942386,31.574174013769266,
2025-09-21,31.50055983836728,31.059999465942386,31.50055983836728,
2025-09-22,31.39798630111477,31.3700008392334,31.39798630111477,
2025-09-23,31.332932484325056,31.89999961853028,31.332932484325056,
2025-09-24,31.368995383569995,32.619998931884766,31.368995383569995,
2025-09-25,31.537629013639958,32.36000061035156,31.537629013639958,
2025-09-26,31.75002337925764,32.25,31.75002337925764,
2025-09-28,31.92896520278248,32.25,31.92896520278248,
2025-09-29,32.072445438347245,31.809999465942386,32.072445438347245,
2025-09-30,32.10557716421522,31.459999084472656,32.10557716421522,
2025-10-01,31.994485342609437,31.379999160766598,31.994485342609437,
2025-10-02,31.865362947928247,31.07999992370605,31.865362947928247,
2025-10-03,31.707863218646025,31.0,31.707863218646025,
2025-10-05,31.559071107882573,31.0,31.559071107882573,
2025-10-06,31.44564767109057,30.719999313354485,31.44564767109057,
2025-10-07,31.341082618912083,30.82999992370605,31.341082618912083,
2025-10-08,31.1908073905189,30.649999618530284,31.1908073905189,
2025-10-09,31.0974919433404,30.209999084472656,31.0974919433404,
2025-10-10,30.979624412941575,29.940000534057617,30.979624412941575,
2025-10-12,30.761276539675464,29.940000534057617,30.761276539675464,
2025-10-13,30.511025859522988,30.229999542236328,30.511025859522988,
2025-10-14,30.383137643105783,30.020000457763675,30.383137643105783,
2025-10-15,30.281338973456513,29.749999999999996,30.281338973456513,
2025-10-16,30.168073315135757,29.450000762939457,30.168073315135757,
2025-10-17,30.044168128570504,29.729999542236328,30.044168128570504,
2025-10-19,29.926044646429432,29.729999542236328,29.926044646429432,
2025-10-20,29.845433872374656,29.749999999999996,29.845433872374656,
2025-10-21,29.813413608181918,29.51000022888184,29.813413608181918,
2025-10-22,29.806597578224,29.850000381469723,29.806597578224,
2025-10-23,29.82344656585917,30.190000534057617,29.82344656585917,
2025-10-24,29.937443264430044,29.84000015258789,29.937443264430044,
2025-10-27,30.03803580532133,30.000000000000004,30.03803580532133,
2025-10-28,30.09779001857123,29.989999771118164,30.09779001857123,
2025-10-29,30.124563272047908,30.020000457763675,30.124563272047908,
2025-10-30,30.132893975329807,29.889999389648445,30.132893975329807,
2025-10-31,30.121761827636192,29.749999999999996,30.121761827636192,
2025-11-03,30.07555026650175,30.10000038146973,30.07555026650175,
2025-11-04,30.023169567141508,30.25,30.023169567141508,
2025-11-05,30.02868830744694,30.85000038146973,30.02868830744694,
2025-11-06,30.104727012023773,31.01000022888184,30.104727012023773,
2025-11-07,30.2763619392357,32.18000030517578,30.2763619392357,
2025-11-10,30.47025590255248,32.36000061035156,30.47025590255248,
2025-11-11,30.850097053517516,33.20000076293945,30.850097053517516,
2025-11-12,31.296355928501498,32.84000015258789,31.296355928501498,
2025-11-13,31.296355928501498,,31.296355928501498,
2025-11-14,31.296355928501498,,31.296355928501498,
2025-11-15,31.296355928501498,,31.296355928501498,
