Date,Close,Variacao_%
2020-11-05 00:00:00-05:00,40.93000030517578,-0.7276236730326069
2020-11-06 00:00:00-05:00,39.45000076293945,-3.615928490597098
2020-11-09 00:00:00-05:00,42.400001525878906,7.4778218146722475
2020-11-10 00:00:00-05:00,43.61000061035156,2.8537713229423556
2020-11-11 00:00:00-05:00,43.79999923706055,0.4356767348081325
2020-11-12 00:00:00-05:00,43.52999877929688,-0.6164394120244832
2020-11-13 00:00:00-05:00,42.77999877929688,-1.7229497381853975
2020-11-16 00:00:00-05:00,43.81999969482422,2.431044752695599
2020-11-17 00:00:00-05:00,43.75,-0.15974371362783568
2020-11-18 00:00:00-05:00,44.34000015258789,1.3485717773437544
2020-11-19 00:00:00-05:00,44.20000076293945,-0.31574061607274606
2020-11-20 00:00:00-05:00,44.959999084472656,1.7194531864588525
2020-11-23 00:00:00-05:00,46.060001373291016,2.4466243576910074
2020-11-24 00:00:00-05:00,47.86000061035156,3.907944384266382
2020-11-25 00:00:00-05:00,48.61000061035156,1.5670706026647663
2020-11-27 00:00:00-05:00,48.18000030517578,-0.8845922645066007
2020-11-30 00:00:00-05:00,47.59000015258789,-1.2245748211929919
2020-12-01 00:00:00-05:00,47.41999816894531,-0.35722206996743333
2020-12-02 00:00:00-05:00,48.25,1.7503202511683025
2020-12-03 00:00:00-05:00,48.709999084472656,0.953365978181675
2020-12-04 00:00:00-05:00,49.25,1.1086038301722834
2020-12-07 00:00:00-05:00,48.790000915527344,-0.9340082933454896
2020-12-08 00:00:00-05:00,48.84000015258789,0.10247845075288531
2020-12-09 00:00:00-05:00,48.86000061035156,0.040950978094156376
2020-12-10 00:00:00-05:00,50.25,2.8448615887940676
2020-12-11 00:00:00-05:00,49.970001220703125,-0.5572115010883061
2020-12-14 00:00:00-05:00,50.290000915527344,0.6403836041765754
2020-12-15 00:00:00-05:00,50.7599983215332,0.9345742641669874
2020-12-16 00:00:00-05:00,51.08000183105469,0.6304245864912295
2020-12-17 00:00:00-05:00,51.5,0.8222360099642056
2020-12-18 00:00:00-05:00,52.2599983215332,1.4757248961809744
2020-12-21 00:00:00-05:00,50.90999984741211,-2.583234821048286
2020-12-22 00:00:00-05:00,50.08000183105469,-1.6303241383718303
2020-12-23 00:00:00-05:00,51.20000076293945,2.2364195106523654
2020-12-24 00:00:00-05:00,51.290000915527344,0.1757815454038747
2020-12-28 00:00:00-05:00,50.86000061035156,-0.8383706326774543
2020-12-29 00:00:00-05:00,51.09000015258789,0.4522208798194871
2020-12-30 00:00:00-05:00,51.34000015258789,0.4893325489397915
2020-12-31 00:00:00-05:00,51.79999923706055,0.8959857481602773
2021-01-04 00:00:00-05:00,51.09000015258789,-1.3706546234168338
2021-01-05 00:00:00-05:00,53.59999847412109,4.912895506041726
2021-01-06 00:00:00-05:00,54.29999923706055,1.3059716098265062
2021-01-07 00:00:00-05:00,54.380001068115234,0.14733302427025752
2021-01-08 00:00:00-05:00,55.9900016784668,2.9606483610305823
2021-01-11 00:00:00-05:00,55.65999984741211,-0.5893942153275655
2021-01-12 00:00:00-05:00,56.58000183105469,1.6528961303713618
2021-01-13 00:00:00-05:00,56.060001373291016,-0.9190534481005708
2021-01-14 00:00:00-05:00,56.41999816894531,0.6421633728782128
2021-01-15 00:00:00-05:00,55.09999847412109,-2.3395954230122307
2021-01-19 00:00:00-05:00,55.900001525878906,1.4519112049223626
2021-01-20 00:00:00-05:00,56.08000183105469,0.32200411495955095
2021-01-21 00:00:00-05:00,56.09999847412109,0.0356573509513014
2021-01-22 00:00:00-05:00,55.40999984741211,-1.2299441095836583
2021-01-25 00:00:00-05:00,55.880001068115234,0.8482245479108697
2021-01-26 00:00:00-05:00,55.90999984741211,0.053684285475052995
2021-01-27 00:00:00-05:00,55.810001373291016,-0.1788561516616105
2021-01-28 00:00:00-05:00,55.52999877929688,-0.5017068394628899
2021-01-29 00:00:00-05:00,55.880001068115234,0.6302940689939973
2021-02-01 00:00:00-05:00,56.34999847412109,0.8410833876558943
2021-02-02 00:00:00-05:00,57.459999084472656,1.969832547309358
2021-02-03 00:00:00-05:00,58.459999084472656,1.7403411345863207
2021-02-04 00:00:00-05:00,58.84000015258789,0.6500189429803793
2021-02-05 00:00:00-05:00,59.34000015258789,0.8497620644176918
2021-02-08 00:00:00-05:00,60.560001373291016,2.0559508216481115
2021-02-09 00:00:00-05:00,61.09000015258789,0.8751630899576313
2021-02-10 00:00:00-05:00,61.470001220703125,0.622034812843486
2021-02-11 00:00:00-05:00,61.13999938964844,-0.5368502106740558
2021-02-12 00:00:00-05:00,62.43000030517578,2.1099131966065388
2021-02-16 00:00:00-05:00,63.34999847412109,1.4736475483711153
2021-02-17 00:00:00-05:00,64.33999633789062,1.5627433111524924
2021-02-18 00:00:00-05:00,63.93000030517578,-0.6372335344280944
2021-02-19 00:00:00-05:00,62.90999984741211,-1.5954957811584625
2021-02-22 00:00:00-05:00,65.23999786376953,3.703700559543499
2021-02-23 00:00:00-05:00,65.37000274658203,0.1992717459678106
2021-02-24 00:00:00-05:00,67.04000091552734,2.554685786719868
2021-02-25 00:00:00-05:00,66.87999725341797,-0.23866894380115689
2021-02-26 00:00:00-05:00,66.12999725341797,-1.1214115293069482
2021-03-01 00:00:00-05:00,63.68999862670898,-3.689700178511468
2021-03-02 00:00:00-05:00,62.70000076293945,-1.554400824487312
2021-03-03 00:00:00-05:00,64.06999969482422,2.1850062443612206
2021-03-04 00:00:00-05:00,66.73999786376953,4.167314158986968
2021-03-05 00:00:00-05:00,69.36000061035156,3.9256859910754116
2021-03-08 00:00:00-05:00,68.23999786376953,-1.614767498163594
2021-03-09 00:00:00-05:00,67.5199966430664,-1.0551014701678296
2021-03-10 00:00:00-05:00,67.9000015258789,0.5628034681656402
2021-03-11 00:00:00-05:00,69.62999725341797,2.5478581570866465
2021-03-12 00:00:00-05:00,69.22000122070312,-0.5888209807371703
2021-03-15 00:00:00-04:00,68.87999725341797,-0.4911932408106723
2021-03-16 00:00:00-04:00,68.38999938964844,-0.7113790408074028
2021-03-17 00:00:00-04:00,68.0,-0.5702579223994975
2021-03-18 00:00:00-04:00,63.27999877929688,-6.941178265739878
2021-03-19 00:00:00-04:00,64.52999877929688,1.9753476992938168
2021-03-22 00:00:00-04:00,64.62000274658203,0.13947616455562972
2021-03-23 00:00:00-04:00,60.790000915527344,-5.926960179922414
2021-03-24 00:00:00-04:00,64.41000366210938,5.9549312256341524
2021-03-25 00:00:00-04:00,61.95000076293945,-3.8192870040420046
2021-03-26 00:00:00-04:00,64.56999969482422,4.229215334331582
2021-03-29 00:00:00-04:00,64.9800033569336,0.6349754747516867
2021-03-30 00:00:00-04:00,64.13999938964844,-1.2927114864415001
2021-03-31 00:00:00-04:00,63.540000915527344,-0.9354513249620111
2021-04-01 00:00:00-04:00,64.86000061035156,2.0774310289656484
2021-04-05 00:00:00-04:00,62.150001525878906,-4.178228583057009
2021-04-06 00:00:00-04:00,62.7400016784668,0.9493163927634329
2021-04-07 00:00:00-04:00,63.15999984741211,0.6694264547485007
2021-04-08 00:00:00-04:00,63.20000076293945,0.06333267198224135
2021-04-09 00:00:00-04:00,62.95000076293945,-0.3955696154779198
2021-04-12 00:00:00-04:00,63.27999877929688,0.5242224183604982
2021-04-13 00:00:00-04:00,63.66999816894531,0.6163075176544242
2021-04-14 00:00:00-04:00,66.58000183105469,4.570447221292229
2021-04-15 00:00:00-04:00,66.94000244140625,0.5407038156368005
2021-04-16 00:00:00-04:00,66.7699966430664,-0.2539674217798993
2021-04-19 00:00:00-04:00,67.05000305175781,0.4193596267321187
2021-04-20 00:00:00-04:00,66.56999969482422,-0.7158886429327493
2021-04-21 00:00:00-04:00,65.31999969482422,-1.8777227065199908
2021-04-22 00:00:00-04:00,65.4000015258789,0.1224767780594771
2021-04-23 00:00:00-04:00,66.11000061035156,1.0856254860968306
2021-04-26 00:00:00-04:00,65.6500015258789,-0.69580862233517
2021-04-27 00:00:00-04:00,66.41999816894531,1.1728813787808878
2021-04-28 00:00:00-04:00,67.2699966430664,1.2797327575334139
2021-04-29 00:00:00-04:00,68.55999755859375,1.9176467666143449
2021-04-30 00:00:00-04:00,67.25,-1.9107316295835397
2021-05-03 00:00:00-04:00,67.55999755859375,0.4609629124070702
2021-05-04 00:00:00-04:00,68.87999725341797,1.9538184466028286
2021-05-05 00:00:00-04:00,68.95999908447266,0.11614668154000807
2021-05-06 00:00:00-04:00,68.08999633789062,-1.2616049276861552
2021-05-07 00:00:00-04:00,68.27999877929688,0.2790460443901077
2021-05-10 00:00:00-04:00,68.31999969482422,0.058583650032928425
2021-05-11 00:00:00-04:00,68.55000305175781,0.3366559689124582
2021-05-12 00:00:00-04:00,69.31999969482422,1.123262740754405
2021-05-13 00:00:00-04:00,67.05000305175781,-3.274663377178144
2021-05-14 00:00:00-04:00,68.70999908447266,2.47575832537017
2021-05-17 00:00:00-04:00,69.45999908447266,1.091544185698412
2021-05-18 00:00:00-04:00,68.70999908447266,-1.0797581484098484
2021-05-19 00:00:00-04:00,66.66000366210938,-2.9835474453186905
2021-05-20 00:00:00-04:00,65.11000061035156,-2.325236973604994
2021-05-21 00:00:00-04:00,66.44000244140625,2.0426997674505287
2021-05-24 00:00:00-04:00,68.45999908447266,3.0403319819981123
2021-05-25 00:00:00-04:00,68.6500015258789,0.2775378965047981
2021-05-26 00:00:00-04:00,68.87000274658203,0.3204679035880176
2021-05-27 00:00:00-04:00,69.45999908447266,0.8566811592292334
2021-05-28 00:00:00-04:00,69.62999725341797,0.24474254417794494
2021-06-01 00:00:00-04:00,70.25,0.8904247752955285
2021-06-02 00:00:00-04:00,71.3499984741211,1.5658341268627751
2021-06-03 00:00:00-04:00,71.30999755859375,-0.056062952183322246
2021-06-04 00:00:00-04:00,71.88999938964844,0.8133527568530807
2021-06-07 00:00:00-04:00,71.48999786376953,-0.5564077469397022
2021-06-08 00:00:00-04:00,72.22000122070312,1.021126561403296
2021-06-09 00:00:00-04:00,72.22000122070312,0.0
2021-06-10 00:00:00-04:00,72.5199966430664,0.41539105136054744
2021-06-11 00:00:00-04:00,72.69000244140625,0.23442609791695102
2021-06-14 00:00:00-04:00,72.86000061035156,0.23386733145640548
2021-06-15 00:00:00-04:00,73.98999786376953,1.5509157891187675
2021-06-16 00:00:00-04:00,74.38999938964844,0.540615674317757
2021-06-17 00:00:00-04:00,73.08000183105469,-1.7609861128403792
2021-06-18 00:00:00-04:00,73.51000213623047,0.5883966809002716
2021-06-21 00:00:00-04:00,74.9000015258789,1.8908983121405099
2021-06-22 00:00:00-04:00,74.80999755859375,-0.12016550794602399
2021-06-23 00:00:00-04:00,75.19000244140625,0.5079600256835626
2021-06-24 00:00:00-04:00,75.55999755859375,0.4920802037156946
2021-06-25 00:00:00-04:00,76.18000030517578,0.8205436297178847
2021-06-28 00:00:00-04:00,74.68000030517578,-1.969020732463933
2021-06-29 00:00:00-04:00,74.76000213623047,0.10712617933552604
2021-06-30 00:00:00-04:00,75.12999725341797,0.4949105224920647
2021-07-01 00:00:00-04:00,75.83999633789062,0.9450274330209174
2021-07-02 00:00:00-04:00,76.16999816894531,0.43512901765505596
2021-07-06 00:00:00-04:00,74.52999877929688,-2.153077890340649
2021-07-07 00:00:00-04:00,73.43000030517578,-1.475913715467081
2021-07-08 00:00:00-04:00,74.12000274658203,0.9396737553296841
2021-07-09 00:00:00-04:00,75.55000305175781,1.9293041718643655
2021-07-12 00:00:00-04:00,75.16000366210938,-0.5162135988019179
2021-07-13 00:00:00-04:00,76.48999786376953,1.7695504747968105
2021-07-14 00:00:00-04:00,74.76000213623047,-2.2617280374621296
2021-07-15 00:00:00-04:00,73.47000122070312,-1.7255228446578341
2021-07-16 00:00:00-04:00,73.58999633789062,0.16332532352494322
2021-07-19 00:00:00-04:00,68.62000274658203,-6.753626632197019
2021-07-20 00:00:00-04:00,69.3499984741211,1.0638235183915379
2021-07-21 00:00:00-04:00,72.2300033569336,4.152855005306466
2021-07-22 00:00:00-04:00,73.79000091552734,2.159763929242575
2021-07-23 00:00:00-04:00,74.0999984741211,0.42010781236963
2021-07-26 00:00:00-04:00,74.5,0.5398131364585668
2021-07-27 00:00:00-04:00,74.4800033569336,-0.026841131632759918
2021-07-28 00:00:00-04:00,74.73999786376953,0.3490796121342177
2021-07-29 00:00:00-04:00,76.05000305175781,1.7527498333302916
2021-07-30 00:00:00-04:00,76.33000183105469,0.3681772098106384
2021-08-02 00:00:00-04:00,72.88999938964844,-4.506750109898061
2021-08-03 00:00:00-04:00,72.41000366210938,-0.6585206908469643
2021-08-04 00:00:00-04:00,70.37999725341797,-2.803488891071093
2021-08-05 00:00:00-04:00,71.29000091552734,1.2929862142970983
2021-08-06 00:00:00-04:00,70.69999694824219,-0.8276111091431448
2021-08-09 00:00:00-04:00,69.04000091552734,-2.347943570535216
2021-08-10 00:00:00-04:00,70.62999725341797,2.3030074113643773
2021-08-11 00:00:00-04:00,71.44000244140625,1.1468288538678761
2021-08-12 00:00:00-04:00,71.30999755859375,-0.18197771328343215
2021-08-13 00:00:00-04:00,70.58999633789062,-1.0096778086572167
2021-08-16 00:00:00-04:00,69.51000213623047,-1.5299536162186267
2021-08-17 00:00:00-04:00,69.02999877929688,-0.6905529307751235
2021-08-18 00:00:00-04:00,68.2300033569336,-1.1589098022745659
2021-08-19 00:00:00-04:00,66.44999694824219,-2.608832362765112
2021-08-20 00:00:00-04:00,65.18000030517578,-1.9112064731253597
2021-08-23 00:00:00-04:00,68.75,5.477139733214664
2021-08-24 00:00:00-04:00,71.05000305175781,3.345458984374994
2021-08-25 00:00:00-04:00,72.25,1.6889470748763014
2021-08-26 00:00:00-04:00,71.06999969482422,-1.6332184154682072
2021-08-27 00:00:00-04:00,72.69999694824219,2.2935095826891905
2021-08-30 00:00:00-04:00,73.41000366210938,0.9766255071133934
2021-08-31 00:00:00-04:00,72.98999786376953,-0.572137007747664
2021-09-01 00:00:00-04:00,71.58999633789062,-1.918073115294383
2021-09-02 00:00:00-04:00,73.02999877929688,2.0114576268585482
2021-09-03 00:00:00-04:00,72.61000061035156,-0.5751036231214868
2021-09-07 00:00:00-04:00,71.69000244140625,-1.2670405745929036
2021-09-08 00:00:00-04:00,72.5999984741211,1.2693485865879373
2021-09-09 00:00:00-04:00,71.44999694824219,-1.5840241736214788
2021-09-10 00:00:00-04:00,72.91999816894531,2.0573845815108793
2021-09-13 00:00:00-04:00,73.51000213623047,0.8091113303626329
2021-09-14 00:00:00-04:00,73.5999984741211,0.12242733679130868
2021-09-15 00:00:00-04:00,75.45999908447266,2.5271747947190004
2021-09-16 00:00:00-04:00,75.66999816894531,0.2782919255506222
2021-09-17 00:00:00-04:00,75.33999633789062,-0.4361065667239816
2021-09-20 00:00:00-04:00,73.91999816894531,-1.88478661795628
2021-09-21 00:00:00-04:00,74.36000061035156,0.5952414127508687
2021-09-22 00:00:00-04:00,76.19000244140625,2.461002980142446
2021-09-23 00:00:00-04:00,77.25,1.3912554464202032
2021-09-24 00:00:00-04:00,78.08999633789062,1.0873739001820315
2021-09-27 00:00:00-04:00,79.52999877929688,1.844029336581654
2021-09-28 00:00:00-04:00,79.08999633789062,-0.5532534240661802
2021-09-29 00:00:00-04:00,78.63999938964844,-0.568968224906341
2021-09-30 00:00:00-04:00,78.5199966430664,-0.15259759348094093
2021-10-01 00:00:00-04:00,79.27999877929688,0.9679090279196778
2021-10-04 00:00:00-04:00,81.26000213623047,2.4974815683910467
2021-10-05 00:00:00-04:00,82.55999755859375,1.5997974257788927
2021-10-06 00:00:00-04:00,81.08000183105469,-1.7926305369482254
2021-10-07 00:00:00-04:00,81.94999694824219,1.0730082604096358
2021-10-08 00:00:00-04:00,82.38999938964844,0.5369157508134492
2021-10-11 00:00:00-04:00,83.6500015258789,1.5293144138422976
2021-10-12 00:00:00-04:00,83.41999816894531,-0.27495917840770767
2021-10-13 00:00:00-04:00,83.18000030517578,-0.2876982366787906
2021-10-14 00:00:00-04:00,84.0,0.9858135270687018
2021-10-15 00:00:00-04:00,84.86000061035156,1.0238102504185331
2021-10-18 00:00:00-04:00,84.33000183105469,-0.6245566527043223
2021-10-19 00:00:00-04:00,85.08000183105469,0.8893631966266691
2021-10-20 00:00:00-04:00,85.81999969482422,0.8697670990169382
2021-10-21 00:00:00-04:00,84.61000061035156,-1.4099266939820665
2021-10-22 00:00:00-04:00,85.52999877929688,1.087339749803462
2021-10-25 00:00:00-04:00,85.98999786376953,0.537821923346038
2021-10-26 00:00:00-04:00,86.4000015258789,0.47680389847075677
2021-10-27 00:00:00-04:00,84.58000183105469,-2.1064810910669807
2021-10-28 00:00:00-04:00,84.31999969482422,-0.30740379593490186
2021-10-29 00:00:00-04:00,84.37999725341797,0.07115460010780339
2021-11-01 00:00:00-04:00,84.70999908447266,0.39109011827007656
2021-11-02 00:00:00-04:00,84.72000122070312,0.011807503646044104
2021-11-03 00:00:00-04:00,81.98999786376953,-3.222383519355354
2021-11-04 00:00:00-04:00,80.54000091552734,-1.7685046786455993
2021-11-05 00:00:00-04:00,82.73999786376953,2.731558136620338
2021-11-08 00:00:00-05:00,83.43000030517578,0.8339406081957268
2021-11-09 00:00:00-05:00,84.77999877929688,1.6181211424942887
2021-11-10 00:00:00-05:00,82.63999938964844,-2.524179547606953
2021-11-11 00:00:00-05:00,82.87000274658203,0.2783196498455043
2021-11-12 00:00:00-05:00,82.16999816894531,-0.8447020084907497
2021-11-15 00:00:00-05:00,82.05000305175781,-0.1460327611797929
2021-11-16 00:00:00-05:00,82.43000030517578,0.46312887176647166
2021-11-17 00:00:00-05:00,80.27999877929688,-2.6082755282288983
2021-11-18 00:00:00-05:00,81.23999786376953,1.19581352649476
2021-11-19 00:00:00-05:00,78.88999938964844,-2.8926619102843665
2021-11-22 00:00:00-05:00,79.69999694824219,1.0267430154144996
2021-11-23 00:00:00-05:00,82.30999755859375,3.2747813178042096
2021-11-24 00:00:00-05:00,82.25,-0.0728921885230771
2021-11-26 00:00:00-05:00,72.72000122070312,-11.586624655680088
2021-11-29 00:00:00-05:00,73.44000244140625,0.9901006719154726
2021-11-30 00:00:00-05:00,70.56999969482422,-3.9079556797017356
2021-12-01 00:00:00-05:00,68.87000274658203,-2.408951332852094
2021-12-02 00:00:00-05:00,69.66999816894531,1.161602135122597
2021-12-03 00:00:00-05:00,69.87999725341797,0.3014196784725254
2021-12-06 00:00:00-05:00,73.08000183105469,4.579285494291008
2021-12-07 00:00:00-05:00,75.44000244140625,3.2293384663664604
2021-12-08 00:00:00-05:00,75.81999969482422,0.5037079018032964
2021-12-09 00:00:00-05:00,74.41999816894531,-1.8464805216485303
2021-12-10 00:00:00-05:00,75.1500015258789,0.9809236426966406
2021-12-13 00:00:00-05:00,74.38999938964844,-1.0113135339974044
2021-12-14 00:00:00-05:00,73.69999694824219,-0.9275473142459356
2021-12-15 00:00:00-05:00,73.87999725341797,0.24423380275333528
2021-12-16 00:00:00-05:00,75.0199966430664,1.5430420032882308
2021-12-17 00:00:00-05:00,73.5199966430664,-1.999466898321478
2021-12-20 00:00:00-05:00,71.5199966430664,-2.7203483287816743
2021-12-21 00:00:00-05:00,73.9800033569336,3.439606864279221
2021-12-22 00:00:00-05:00,75.29000091552734,1.7707454706015202
2021-12-23 00:00:00-05:00,76.8499984741211,2.071985043995439
2021-12-27 00:00:00-05:00,78.5999984741211,2.277163350353617
2021-12-28 00:00:00-05:00,78.94000244140625,0.4325750303889597
2021-12-29 00:00:00-05:00,79.2300033569336,0.3673687693924288
2021-12-30 00:00:00-05:00,79.31999969482422,0.11358870892026474
2021-12-31 00:00:00-05:00,77.77999877929688,-1.9415039352651875
2022-01-03 00:00:00-05:00,78.9800033569336,1.5428189720621655
2022-01-04 00:00:00-05:00,80.0,1.2914618887223117
2022-01-05 00:00:00-05:00,80.80000305175781,1.00000381469727
2022-01-06 00:00:00-05:00,81.98999786376953,1.472765800824849
2022-01-07 00:00:00-05:00,81.75,-0.2927160263722639
2022-01-10 00:00:00-05:00,80.87000274658203,-1.0764492396550085
2022-01-11 00:00:00-05:00,83.72000122070312,3.524172594691244
2022-01-12 00:00:00-05:00,84.66999816894531,1.1347311686460637
2022-01-13 00:00:00-05:00,84.47000122070312,-0.23620757360018896
2022-01-14 00:00:00-05:00,86.05999755859375,1.8823207232308237
2022-01-18 00:00:00-05:00,87.51000213623047,1.6848763871385009
2022-01-19 00:00:00-05:00,88.44000244140625,1.0627360101397532
2022-01-20 00:00:00-05:00,88.37999725341797,-0.06784846939373868
2022-01-21 00:00:00-05:00,87.88999938964844,-0.5544216779782452
2022-01-24 00:00:00-05:00,86.2699966430664,-1.8432162451156309
2022-01-25 00:00:00-05:00,88.19999694824219,2.237162837922635
2022-01-26 00:00:00-05:00,89.95999908447266,1.995467343681745
2022-01-27 00:00:00-05:00,89.33999633789062,-0.6891982579944722
2022-01-28 00:00:00-05:00,90.02999877929688,0.7723331874747386
2022-01-31 00:00:00-05:00,91.20999908447266,1.3106745764470018
2022-02-01 00:00:00-05:00,89.16000366210938,-2.2475555782702217
2022-02-02 00:00:00-05:00,89.47000122070312,0.3476867943708939
2022-02-03 00:00:00-05:00,91.11000061035156,1.8330159464320595
2022-02-04 00:00:00-05:00,93.2699966430664,2.37075624875962
2022-02-07 00:00:00-05:00,92.69000244140624,-0.6218443470945356
2022-02-08 00:00:00-05:00,90.77999877929688,-2.0606361115555694
2022-02-09 00:00:00-05:00,91.5500030517578,0.848209168115277
2022-02-10 00:00:00-05:00,91.41000366210938,-0.15292122881664927
2022-02-11 00:00:00-05:00,94.44000244140624,3.3147343374988036
2022-02-14 00:00:00-05:00,96.4800033569336,2.16010256542829
2022-02-15 00:00:00-05:00,93.27999877929688,-3.3167542146512075
2022-02-16 00:00:00-05:00,94.80999755859376,1.6402216973832928
2022-02-17 00:00:00-05:00,92.97000122070312,-1.9407197397653064
2022-02-18 00:00:00-05:00,93.54000091552734,0.6131006640207382
2022-02-22 00:00:00-05:00,96.83999633789062,3.5278975732995654
2022-02-23 00:00:00-05:00,96.83999633789062,0.0
2022-02-24 00:00:00-05:00,99.08000183105467,2.3130995227925277
2022-02-25 00:00:00-05:00,97.93000030517578,-1.1606797584035267
2022-02-28 00:00:00-05:00,100.98999786376952,3.1246783917675547
2022-03-01 00:00:00-05:00,104.97000122070312,3.940987663255946
2022-03-02 00:00:00-05:00,112.93000030517578,7.583118026012481
2022-03-03 00:00:00-05:00,110.45999908447266,-2.187196682925996
2022-03-04 00:00:00-05:00,118.11000061035156,6.92558536056902
2022-03-07 00:00:00-05:00,123.20999908447266,4.318007321789907
2022-03-08 00:00:00-05:00,127.9800033569336,3.8714425029665156
2022-03-09 00:00:00-05:00,111.13999938964844,-13.158308740091783
2022-03-10 00:00:00-05:00,109.33000183105467,-1.6285743823410082
2022-03-11 00:00:00-05:00,112.66999816894533,3.054967787389118
2022-03-14 00:00:00-04:00,106.9000015258789,-5.121147365614121
2022-03-15 00:00:00-04:00,99.91000366210938,-6.538819236665172
2022-03-16 00:00:00-04:00,98.0199966430664,-1.8917094883059704
2022-03-17 00:00:00-04:00,106.63999938964844,8.794126751474218
2022-03-18 00:00:00-04:00,107.93000030517578,1.20967828479992
2022-03-21 00:00:00-04:00,115.62000274658205,7.1249906603006785
2022-03-22 00:00:00-04:00,115.4800033569336,-0.12108578647529455
2022-03-23 00:00:00-04:00,121.5999984741211,5.29961459930981
2022-03-24 00:00:00-04:00,119.02999877929688,-2.1134866176590994
2022-03-25 00:00:00-04:00,120.6500015258789,1.3610037496394556
2022-03-28 00:00:00-04:00,112.4800033569336,-6.771651940006718
2022-03-29 00:00:00-04:00,110.2300033569336,-2.0003555590766275
2022-03-30 00:00:00-04:00,113.4499969482422,2.921158934271295
2022-03-31 00:00:00-04:00,107.91000366210938,-4.883202675325116
2022-04-01 00:00:00-04:00,104.38999938964844,-3.2619814224850385
2022-04-04 00:00:00-04:00,107.52999877929688,3.007950386059499
2022-04-05 00:00:00-04:00,106.63999938964844,-0.82767543918153
2022-04-06 00:00:00-04:00,101.06999969482422,-5.2231805389197135
2022-04-07 00:00:00-04:00,100.58000183105467,-0.4848103940329196
2022-04-08 00:00:00-04:00,102.77999877929688,2.187310507249296
2022-04-11 00:00:00-04:00,98.4800033569336,-4.1836889214182715
2022-04-12 00:00:00-04:00,104.63999938964844,6.2550729312918385
2022-04-13 00:00:00-04:00,108.77999877929688,3.9564214581388812
2022-04-14 00:00:00-04:00,111.6999969482422,2.684315316889907
2022-04-18 00:00:00-04:00,113.16000366210938,1.3070785620018288
2022-04-19 00:00:00-04:00,107.25,-5.222696598487553
2022-04-20 00:00:00-04:00,106.8000030517578,-0.4195775741186014
2022-04-21 00:00:00-04:00,108.33000183105467,1.4325830857470967
2022-04-22 00:00:00-04:00,106.6500015258789,-1.5508172037103862
2022-04-25 00:00:00-04:00,102.31999969482422,-4.0600110352591035
2022-04-26 00:00:00-04:00,104.98999786376952,2.609458734273584
2022-04-27 00:00:00-04:00,105.31999969482422,0.3143173995325599
2022-04-28 00:00:00-04:00,107.58999633789062,2.155332937375576
2022-04-29 00:00:00-04:00,109.33999633789062,1.626545273320823
2022-05-02 00:00:00-04:00,107.58000183105467,-1.6096529776689295
2022-05-03 00:00:00-04:00,104.97000122070312,-2.4261020319095494
2022-05-04 00:00:00-04:00,110.13999938964844,4.925214926953481
2022-05-05 00:00:00-04:00,110.9000015258789,0.6900328131851152
2022-05-06 00:00:00-04:00,112.38999938964844,1.3435508054721046
2022-05-09 00:00:00-04:00,105.94000244140624,-5.73894206181148
2022-05-10 00:00:00-04:00,102.45999908447266,-3.2848813259734544
2022-05-11 00:00:00-04:00,107.51000213623048,4.928755706501975
2022-05-12 00:00:00-04:00,107.4499969482422,-0.055813586453334896
2022-05-13 00:00:00-04:00,111.5500030517578,3.8157340343997648
2022-05-16 00:00:00-04:00,114.23999786376952,2.411469958242485
2022-05-17 00:00:00-04:00,111.93000030517578,-2.0220567242555387
2022-05-18 00:00:00-04:00,109.11000061035156,-2.5194315082064933
2022-05-19 00:00:00-04:00,112.04000091552734,2.685363659413098
2022-05-20 00:00:00-04:00,112.5500030517578,0.45519647631471205
2022-05-23 00:00:00-04:00,113.41999816894533,0.7729854230101196
2022-05-24 00:00:00-04:00,113.55999755859376,0.12343448413736358
2022-05-25 00:00:00-04:00,114.02999877929688,0.41387920993976035
2022-05-26 00:00:00-04:00,117.4000015258789,2.955365064157034
2022-05-27 00:00:00-04:00,119.43000030517578,1.7291301132133174
2022-05-31 00:00:00-04:00,122.83999633789062,2.855225675292128
2022-06-01 00:00:00-04:00,116.29000091552734,-5.332135800742366
2022-06-02 00:00:00-04:00,117.61000061035156,1.1350930298668294
2022-06-03 00:00:00-04:00,119.72000122070312,1.7940656401678856
2022-06-06 00:00:00-04:00,119.51000213623048,-0.17540852182711397
2022-06-07 00:00:00-04:00,120.56999969482422,0.886953007820579
2022-06-08 00:00:00-04:00,123.58000183105467,2.4964768548138894
2022-06-09 00:00:00-04:00,123.06999969482422,-0.4126898597458184
2022-06-10 00:00:00-04:00,122.01000213623048,-0.8612964664192813
2022-06-13 00:00:00-04:00,122.2699966430664,0.2130927811521799
2022-06-14 00:00:00-04:00,121.16999816894533,-0.8996470960347058
2022-06-15 00:00:00-04:00,118.51000213623048,-2.195259612867251
2022-06-16 00:00:00-04:00,119.80999755859376,1.0969499611255706
2022-06-17 00:00:00-04:00,113.12000274658205,-5.583836865316638
2022-06-21 00:00:00-04:00,114.6500015258789,1.3525448569201792
2022-06-22 00:00:00-04:00,111.73999786376952,-2.5381627766071557
2022-06-23 00:00:00-04:00,110.0500030517578,-1.5124349779137458
2022-06-24 00:00:00-04:00,113.12000274658205,2.7896407175748816
2022-06-27 00:00:00-04:00,115.08999633789062,1.7415077293817527
2022-06-28 00:00:00-04:00,117.9800033569336,2.511084465202562
2022-06-29 00:00:00-04:00,116.26000213623048,-1.4578752091568115
2022-06-30 00:00:00-04:00,114.80999755859376,-1.2472084560411711
2022-07-01 00:00:00-04:00,111.62999725341795,-2.769793896696915
2022-07-05 00:00:00-04:00,102.7699966430664,-7.936935257857192
2022-07-06 00:00:00-04:00,100.69000244140624,-2.023931370635601
2022-07-07 00:00:00-04:00,104.6500015258789,3.932862239006374
2022-07-08 00:00:00-04:00,107.0199966430664,2.264687131037846
2022-07-11 00:00:00-04:00,107.0999984741211,0.07475409602328842
2022-07-12 00:00:00-04:00,99.48999786376952,-7.105509541338051
2022-07-13 00:00:00-04:00,99.56999969482422,0.080411933634017
2022-07-14 00:00:00-04:00,99.0999984741211,-0.47203095525123473
2022-07-15 00:00:00-04:00,101.16000366210938,2.0787136424893493
2022-07-18 00:00:00-04:00,106.2699966430664,5.05139659546201
2022-07-19 00:00:00-04:00,107.3499984741211,1.0162810437287728
2022-07-20 00:00:00-04:00,106.91999816894533,-0.4005592093971222
2022-07-21 00:00:00-04:00,103.86000061035156,-2.8619506275698092
2022-07-22 00:00:00-04:00,103.1999969482422,-0.6354743483831471
2022-07-25 00:00:00-04:00,105.1500015258789,1.889539375291549
2022-07-26 00:00:00-04:00,104.4000015258789,-0.7132667514183622
2022-07-27 00:00:00-04:00,106.62000274658205,2.1264379197857064
2022-07-28 00:00:00-04:00,107.13999938964844,0.48771021353501975
2022-07-29 00:00:00-04:00,110.01000213623048,2.6787406784877454
2022-08-01 00:00:00-04:00,100.02999877929688,-9.071905429630755
2022-08-02 00:00:00-04:00,100.54000091552734,0.5098491876978972
2022-08-03 00:00:00-04:00,96.77999877929688,-3.739807143417062
2022-08-04 00:00:00-04:00,94.12000274658205,-2.7484976919465054
2022-08-05 00:00:00-04:00,94.91999816894533,0.8499738621101205
2022-08-08 00:00:00-04:00,96.6500015258789,1.8225910138076395
2022-08-09 00:00:00-04:00,96.30999755859376,-0.3517888897229926
2022-08-10 00:00:00-04:00,97.4000015258789,1.13176616645847
2022-08-11 00:00:00-04:00,99.5999984741211,2.2587237307770014
2022-08-12 00:00:00-04:00,98.1500015258789,-1.4558202514620922
2022-08-15 00:00:00-04:00,95.0999984741211,-3.107491598921297
2022-08-16 00:00:00-04:00,92.33999633789062,-2.9022104947578176
2022-08-17 00:00:00-04:00,93.6500015258789,1.418675806737868
2022-08-18 00:00:00-04:00,96.58999633789062,3.1393430476339024
2022-08-19 00:00:00-04:00,96.72000122070312,0.13459456231650346
2022-08-22 00:00:00-04:00,96.4800033569336,-0.24813674600963065
2022-08-23 00:00:00-04:00,100.22000122070312,3.8764487288968974
2022-08-24 00:00:00-04:00,101.22000122070312,0.9978048172218701
2022-08-25 00:00:00-04:00,99.33999633789062,-1.8573452481128516
2022-08-26 00:00:00-04:00,100.98999786376952,1.660963948767069
2022-08-29 00:00:00-04:00,105.08999633789062,4.059806476728323
2022-08-30 00:00:00-04:00,99.30999755859376,-5.500046608349585
2022-08-31 00:00:00-04:00,96.48999786376952,-2.8395929555435018
2022-09-01 00:00:00-04:00,92.36000061035156,-4.280233542184275
2022-09-02 00:00:00-04:00,93.0199966430664,0.7145907626172843
2022-09-06 00:00:00-04:00,92.83000183105467,-0.20425157908871006
2022-09-07 00:00:00-04:00,88.0,-5.203061225663874
2022-09-08 00:00:00-04:00,89.1500015258789,1.3068199157714844
2022-09-09 00:00:00-04:00,92.83999633789062,4.139085528720465
2022-09-12 00:00:00-04:00,94.0,1.249465432858865
2022-09-13 00:00:00-04:00,93.16999816894533,-0.8829806713347543
2022-09-14 00:00:00-04:00,94.0999984741211,0.9981757255048906
2022-09-15 00:00:00-04:00,90.83999633789062,-3.464401901267855
2022-09-16 00:00:00-04:00,91.3499984741211,0.5614290585541859
2022-09-19 00:00:00-04:00,92.0,0.7115506696620866
2022-09-20 00:00:00-04:00,90.62000274658205,-1.4999970145847308
2022-09-21 00:00:00-04:00,89.83000183105469,-0.8717732195799965
2022-09-22 00:00:00-04:00,90.45999908447266,0.7013216526509991
2022-09-23 00:00:00-04:00,86.1500015258789,-4.764534161192091
2022-09-26 00:00:00-04:00,84.05999755859375,-2.4260057228871146
2022-09-27 00:00:00-04:00,86.2699966430664,2.629073457838471
2022-09-28 00:00:00-04:00,89.31999969482422,3.5354157533781905
2022-09-29 00:00:00-04:00,88.48999786376953,-0.9292452237914417
2022-09-30 00:00:00-04:00,87.95999908447266,-0.5989363680546256
2022-10-03 00:00:00-04:00,88.86000061035156,1.0231941055554028
2022-10-04 00:00:00-04:00,91.8000030517578,3.3085780117176222
2022-10-05 00:00:00-04:00,93.37000274658205,1.7102392621262341
2022-10-06 00:00:00-04:00,94.41999816894533,1.1245532735102204
2022-10-07 00:00:00-04:00,97.91999816894533,3.706841842696784
2022-10-10 00:00:00-04:00,96.19000244140624,-1.7667440358345
2022-10-11 00:00:00-04:00,94.29000091552734,-1.975258839437366
2022-10-12 00:00:00-04:00,92.4499969482422,-1.9514306389004754
2022-10-13 00:00:00-04:00,94.56999969482422,2.2931344689701705
2022-10-14 00:00:00-04:00,91.62999725341795,-3.108810881773927
2022-10-17 00:00:00-04:00,91.62000274658205,-0.01090746167793366
2022-10-18 00:00:00-04:00,90.02999877929688,-1.735433223772187
2022-10-19 00:00:00-04:00,92.41000366210938,2.6435687160753396
2022-10-20 00:00:00-04:00,92.37999725341795,-0.03247095282145063
2022-10-21 00:00:00-04:00,93.5,1.2123866420017837
2022-10-24 00:00:00-04:00,93.26000213623048,-0.25668220724012203
2022-10-25 00:00:00-04:00,93.5199966430664,0.2787845816860868
2022-10-26 00:00:00-04:00,95.69000244140624,2.3203655648342147
2022-10-27 00:00:00-04:00,96.95999908447266,1.3271988824998582
2022-10-28 00:00:00-04:00,95.7699966430664,-1.2273127605637701
2022-10-31 00:00:00-04:00,94.83000183105467,-0.9815128380082139
2022-11-01 00:00:00-04:00,94.6500015258789,-0.18981366835407742
2022-11-02 00:00:00-04:00,96.16000366210938,1.5953535255016416
2022-11-03 00:00:00-04:00,94.66999816894533,-1.5495064854611384
2022-11-04 00:00:00-04:00,98.56999969482422,4.119574945928561
2022-11-07 00:00:00-05:00,97.91999816894533,-0.6594313968665055
2022-11-08 00:00:00-05:00,95.36000061035156,-2.614376640588678
2022-11-09 00:00:00-05:00,92.6500015258789,-2.8418614378432405
2022-11-10 00:00:00-05:00,93.66999816894533,1.1009137898195354
2022-11-11 00:00:00-05:00,95.98999786376952,2.4767799083755593
2022-11-14 00:00:00-05:00,93.13999938964844,-2.9690577534607687
2022-11-15 00:00:00-05:00,93.86000061035156,0.7730311632180964
2022-11-16 00:00:00-05:00,92.86000061035156,-1.06541657095377
2022-11-17 00:00:00-05:00,89.77999877929688,-3.3168229709351738
2022-11-18 00:00:00-05:00,87.62000274658203,-2.4058766563638367
2022-11-21 00:00:00-05:00,87.44999694824219,-0.19402624173791017
2022-11-22 00:00:00-05:00,88.36000061035156,1.0405988494750495
2022-11-23 00:00:00-05:00,85.41000366210938,-3.3386112809698054
2022-11-25 00:00:00-05:00,83.62999725341797,-2.0840725118491887
2022-11-28 00:00:00-05:00,83.19000244140625,-0.5261208017004138
2022-11-29 00:00:00-05:00,83.02999877929688,-0.19233520544980065
2022-11-30 00:00:00-05:00,85.43000030517578,2.8905233784940476
2022-12-01 00:00:00-05:00,86.87999725341797,1.6972924535437972
2022-12-02 00:00:00-05:00,85.56999969482422,-1.5078241252386881
2022-12-05 00:00:00-05:00,82.68000030517578,-3.377351174424792
2022-12-06 00:00:00-05:00,79.3499984741211,-4.027578397149845
2022-12-07 00:00:00-05:00,77.16999816894531,-2.7473224286031384
2022-12-08 00:00:00-05:00,76.1500015258789,-1.3217528408298818
2022-12-09 00:00:00-05:00,76.0999984741211,-0.06566388805759882
2022-12-12 00:00:00-05:00,77.98999786376953,2.4835734921744512
2022-12-13 00:00:00-05:00,80.68000030517578,3.449163373622688
2022-12-14 00:00:00-05:00,82.69999694824219,2.5037142233833354
2022-12-15 00:00:00-05:00,81.20999908447266,-1.8016903491569036
2022-12-16 00:00:00-05:00,79.04000091552734,-2.672082494038863
2022-12-19 00:00:00-05:00,79.80000305175781,0.9615411531215701
2022-12-20 00:00:00-05:00,79.98999786376953,0.2380887277516619
2022-12-21 00:00:00-05:00,82.19999694824219,2.762844284902344
2022-12-22 00:00:00-05:00,80.9800033569336,-1.4841771734818598
2022-12-23 00:00:00-05:00,83.91999816894531,3.6305194988115463
2022-12-27 00:00:00-05:00,84.33000183105469,0.4885649083117949
2022-12-28 00:00:00-05:00,83.26000213623047,-1.2688244653045744
2022-12-29 00:00:00-05:00,82.26000213623047,-1.2010568992825599
2022-12-30 00:00:00-05:00,85.91000366210938,4.437152238136521
2023-01-03 00:00:00-05:00,82.0999984741211,-4.434879554857574
2023-01-04 00:00:00-05:00,77.83999633789062,-5.188796851894306
2023-01-05 00:00:00-05:00,78.69000244140625,1.091991448491192
2023-01-06 00:00:00-05:00,78.56999969482422,-0.15250062632974348
2023-01-09 00:00:00-05:00,79.6500015258789,1.374572782550021
2023-01-10 00:00:00-05:00,80.0999984741211,0.564967909129277
2023-01-11 00:00:00-05:00,82.66999816894531,3.208489068391862
2023-01-12 00:00:00-05:00,84.02999877929688,1.645095730584445
2023-01-13 00:00:00-05:00,85.27999877929688,1.4875639868603407
2023-01-17 00:00:00-05:00,85.91999816894531,0.7504683381911681
2023-01-18 00:00:00-05:00,84.9800033569336,-1.0940349534963922
2023-01-19 00:00:00-05:00,86.16000366210938,1.3885623188546248
2023-01-20 00:00:00-05:00,87.62999725341797,1.7061206230601034
2023-01-23 00:00:00-05:00,88.19000244140625,0.6390564938268728
2023-01-24 00:00:00-05:00,86.12999725341797,-2.335871562490266
2023-01-25 00:00:00-05:00,86.12000274658203,-0.01160397904870214
2023-01-26 00:00:00-05:00,87.47000122070312,1.5675782989622356
2023-01-27 00:00:00-05:00,86.66000366210938,-0.9260289782664799
2023-01-30 00:00:00-05:00,84.9000015258789,-2.0309278350515436
2023-01-31 00:00:00-05:00,84.48999786376953,-0.48292538838694554
2023-02-01 00:00:00-05:00,82.83999633789062,-1.952895688954026
2023-02-02 00:00:00-05:00,82.16999816894531,-0.8087858505117507
2023-02-03 00:00:00-05:00,79.94000244140625,-2.7138807073526894
2023-02-06 00:00:00-05:00,80.98999786376953,1.3134793473804196
2023-02-07 00:00:00-05:00,83.69000244140625,3.333750646812339
2023-02-08 00:00:00-05:00,85.08999633789062,1.672832901952126
2023-02-09 00:00:00-05:00,84.5,-0.6933792023538943
2023-02-10 00:00:00-05:00,86.38999938964844,2.236685668222993
2023-02-13 00:00:00-05:00,86.61000061035156,0.2546605188765483
2023-02-14 00:00:00-05:00,85.58000183105469,-1.1892377000789156
2023-02-15 00:00:00-05:00,85.37999725341797,-0.23370480644713254
2023-02-16 00:00:00-05:00,85.13999938964844,-0.28109378249004946
2023-02-17 00:00:00-05:00,83.0,-2.513506465808857
2023-02-21 00:00:00-05:00,83.05000305175781,0.06024464067206914
2023-02-22 00:00:00-05:00,80.5999984741211,-2.9500355058504235
2023-02-23 00:00:00-05:00,82.20999908447266,1.9975194054978829
2023-02-24 00:00:00-05:00,83.16000366210938,1.155582761484486
2023-02-27 00:00:00-05:00,82.44999694824219,-0.8537838896112149
2023-02-28 00:00:00-05:00,83.88999938964844,1.7465160639244193
2023-03-01 00:00:00-05:00,84.30999755859375,0.5006534414126351
2023-03-02 00:00:00-05:00,84.75,0.5218864359478381
2023-03-03 00:00:00-05:00,85.83000183105469,1.274338443722356
2023-03-06 00:00:00-05:00,86.18000030517578,0.4077810400261006
2023-03-07 00:00:00-05:00,83.29000091552734,-3.3534455551340603
2023-03-08 00:00:00-05:00,82.66000366210938,-0.7563900186012829
2023-03-09 00:00:00-05:00,81.58999633789062,-1.294468033890528
2023-03-10 00:00:00-05:00,82.77999877929688,1.4585151303084576
2023-03-13 00:00:00-04:00,80.7699966430664,-2.428125351377952
2023-03-14 00:00:00-04:00,77.44999694824219,-4.11043683646014
2023-03-15 00:00:00-04:00,73.69000244140625,-4.854738095533618
2023-03-16 00:00:00-04:00,74.69999694824219,1.3705990953644331
2023-03-17 00:00:00-04:00,72.97000122070312,-2.315924763340671
2023-03-20 00:00:00-04:00,73.79000091552734,1.1237490490702662
2023-03-21 00:00:00-04:00,75.31999969482422,2.0734500072013384
2023-03-22 00:00:00-04:00,76.69000244140625,1.8189096549826145
2023-03-23 00:00:00-04:00,75.91000366210938,-1.017080133610404
2023-03-24 00:00:00-04:00,74.98999786376953,-1.211969113366107
2023-03-27 00:00:00-04:00,78.12000274658203,4.1738964821663505
2023-03-28 00:00:00-04:00,78.6500015258789,0.6784418339258913
2023-03-29 00:00:00-04:00,78.27999877929688,-0.470442135287541
2023-03-30 00:00:00-04:00,79.2699966430664,1.2646881441078506
2023-03-31 00:00:00-04:00,79.7699966430664,0.6307556719743257
2023-04-03 00:00:00-04:00,84.93000030517578,6.468602080050201
2023-04-04 00:00:00-04:00,84.94000244140625,0.011776917690475841
2023-04-05 00:00:00-04:00,84.98999786376953,0.0588596902828753
2023-04-06 00:00:00-04:00,85.12000274658203,0.15296492067322642
2023-04-10 00:00:00-04:00,84.18000030517578,-1.1043261408306249
2023-04-11 00:00:00-04:00,85.61000061035156,1.6987411499069127
2023-04-12 00:00:00-04:00,87.33000183105469,2.009112496718224
2023-04-13 00:00:00-04:00,86.08999633789062,-1.4199077833101703
2023-04-14 00:00:00-04:00,86.30999755859375,0.2555479498914659
2023-04-17 00:00:00-04:00,84.76000213623047,-1.7958469078985018
2023-04-18 00:00:00-04:00,84.7699966430664,0.01179153679098377
2023-04-19 00:00:00-04:00,83.12000274658203,-1.9464361942018948
2023-04-20 00:00:00-04:00,81.0999984741211,-2.430226426507187
2023-04-21 00:00:00-04:00,81.66000366210938,0.6905119587233832
2023-04-24 00:00:00-04:00,82.7300033569336,1.3103106133225628
2023-04-25 00:00:00-04:00,80.7699966430664,-2.369160684559457
2023-04-26 00:00:00-04:00,77.69000244140625,-3.8132899958769007
2023-04-27 00:00:00-04:00,78.37000274658203,0.8752738882826572
2023-04-28 00:00:00-04:00,79.54000091552734,1.492915819753926
2023-05-01 00:00:00-04:00,79.30999755859375,-0.28916690254738864
2023-05-02 00:00:00-04:00,75.31999969482422,-5.030888900005004
2023-05-03 00:00:00-04:00,72.33000183105469,-3.96972633548085
2023-05-04 00:00:00-04:00,72.5,0.23503133505013984
2023-05-05 00:00:00-04:00,75.30000305175781,3.862073174838354
2023-05-08 00:00:00-04:00,77.01000213623047,2.270915026785958
2023-05-09 00:00:00-04:00,77.44000244140625,0.5583694237731862
2023-05-10 00:00:00-04:00,76.41000366210938,-1.3300603652178444
2023-05-11 00:00:00-04:00,74.9800033569336,-1.871483099908422
2023-05-12 00:00:00-04:00,74.16999816894531,-1.0802949476173662
2023-05-15 00:00:00-04:00,75.2300033569336,1.4291562817269954
2023-05-16 00:00:00-04:00,74.91000366210938,-0.4253617978799751
2023-05-17 00:00:00-04:00,76.95999908447266,2.7366110294294366
2023-05-18 00:00:00-04:00,75.86000061035156,-1.4293119636263452
2023-05-19 00:00:00-04:00,75.58000183105469,-0.3690993633589157
2023-05-22 00:00:00-04:00,75.98999786376953,0.5424662910584743
2023-05-23 00:00:00-04:00,76.83999633789062,1.1185662561077114
2023-05-24 00:00:00-04:00,78.36000061035156,1.9781420417785744
2023-05-25 00:00:00-04:00,76.26000213623047,-2.6799367761154436
2023-05-26 00:00:00-04:00,76.94999694824219,0.9047925422020153
2023-05-30 00:00:00-04:00,73.54000091552734,-4.431444012932795
2023-05-31 00:00:00-04:00,72.66000366210938,-1.1966239359022968
2023-06-01 00:00:00-04:00,74.27999877929688,2.22955551271502
2023-06-02 00:00:00-04:00,76.12999725341797,2.490574184872929
2023-06-05 00:00:00-04:00,76.70999908447266,0.7618571548400288
2023-06-06 00:00:00-04:00,76.29000091552734,-0.5475142405917843
2023-06-07 00:00:00-04:00,76.94999694824219,0.8651147264313597
2023-06-08 00:00:00-04:00,75.95999908447266,-1.286546982497505
2023-06-09 00:00:00-04:00,74.79000091552734,-1.5402819682030167
2023-06-12 00:00:00-04:00,71.83999633789062,-3.944383662956019
2023-06-13 00:00:00-04:00,74.29000091552734,3.410362893273855
2023-06-14 00:00:00-04:00,73.19999694824219,-1.4672283670107422
2023-06-15 00:00:00-04:00,75.66999816894531,3.3743187481955816
2023-06-16 00:00:00-04:00,76.61000061035156,1.2422392812902583
2023-06-20 00:00:00-04:00,75.9000015258789,-0.9267707594518892
2023-06-21 00:00:00-04:00,77.12000274658203,1.6073797051073146
2023-06-22 00:00:00-04:00,74.13999938964844,-3.8641120990697386
2023-06-23 00:00:00-04:00,73.8499984741211,-0.3911531129144219
2023-06-26 00:00:00-04:00,74.18000030517578,0.44685421512951073
2023-06-27 00:00:00-04:00,72.26000213623047,-2.5882962537698284
2023-06-28 00:00:00-04:00,74.02999877929688,2.4494832420977053
2023-06-29 00:00:00-04:00,74.33999633789062,0.4187458647918252
2023-06-30 00:00:00-04:00,74.9000015258789,0.7533026843893564
2023-07-03 00:00:00-04:00,74.6500015258789,-0.33377836436174757
2023-07-05 00:00:00-04:00,76.6500015258789,2.679169402704784
2023-07-06 00:00:00-04:00,76.5199966430664,-0.16960845430460392
2023-07-07 00:00:00-04:00,78.47000122070312,2.5483594657389697
2023-07-10 00:00:00-04:00,77.69000244140625,-0.994008878760011
2023-07-11 00:00:00-04:00,79.4000015258789,2.2010542292907553
2023-07-12 00:00:00-04:00,80.11000061035156,0.894205378876789
2023-07-13 00:00:00-04:00,81.36000061035156,1.5603545006570352
2023-07-14 00:00:00-04:00,79.87000274658203,-1.83136412560444
2023-07-17 00:00:00-04:00,78.5,-1.715290721760565
2023-07-18 00:00:00-04:00,79.62999725341797,1.439486947029267
2023-07-19 00:00:00-04:00,79.45999908447266,-0.2134850870386229
2023-07-20 00:00:00-04:00,79.63999938964844,0.22652945790300194
2023-07-21 00:00:00-04:00,81.06999969482422,1.7955805074524545
2023-07-24 00:00:00-04:00,82.73999786376953,2.0599459420646005
2023-07-25 00:00:00-04:00,83.63999938964844,1.08774661483646
2023-07-26 00:00:00-04:00,82.91999816894531,-0.8608336034878539
2023-07-27 00:00:00-04:00,84.23999786376953,1.59189547029992
2023-07-28 00:00:00-04:00,84.98999786376953,0.8903134128907197
2023-07-31 00:00:00-04:00,85.55999755859375,0.6706667950949541
2023-08-01 00:00:00-04:00,84.91000366210938,-0.7596936828326184
2023-08-02 00:00:00-04:00,83.19999694824219,-2.0139048876643306
2023-08-03 00:00:00-04:00,85.13999938964844,2.3317337891407774
2023-08-04 00:00:00-04:00,86.23999786376953,1.2919878811448848
2023-08-07 00:00:00-04:00,85.33999633789062,-1.043601053075871
2023-08-08 00:00:00-04:00,86.16999816894531,0.9725824545016692
2023-08-09 00:00:00-04:00,87.55000305175781,1.6014911362848716
2023-08-10 00:00:00-04:00,86.4000015258789,-1.313536819866301
2023-08-11 00:00:00-04:00,86.80999755859375,0.4745324368912618
2023-08-14 00:00:00-04:00,86.20999908447266,-0.6911628740873033
2023-08-15 00:00:00-04:00,84.88999938964844,-1.531144541053553
2023-08-16 00:00:00-04:00,83.44999694824219,-1.6963157636467607
2023-08-17 00:00:00-04:00,84.12000274658203,0.802882951278483
2023-08-18 00:00:00-04:00,84.80000305175781,0.8083693330637853
2023-08-21 00:00:00-04:00,84.45999908447266,-0.4009480601995241
2023-08-22 00:00:00-04:00,84.02999877929688,-0.5091171084973811
2023-08-23 00:00:00-04:00,83.20999908447266,-0.9758416122055746
2023-08-24 00:00:00-04:00,83.36000061035156,0.1802686306084711
2023-08-25 00:00:00-04:00,84.4800033569336,1.343573342588189
2023-08-28 00:00:00-04:00,84.41999816894531,-0.07102886553490562
2023-08-29 00:00:00-04:00,85.48999786376953,1.2674718289887643
2023-08-30 00:00:00-04:00,85.86000061035156,0.43280238136353955
2023-08-31 00:00:00-04:00,86.86000061035156,1.1646866909984954
2023-09-01 00:00:00-04:00,88.55000305175781,1.9456624793125377
2023-09-05 00:00:00-04:00,90.04000091552734,1.6826626904785424
2023-09-06 00:00:00-04:00,90.5999984741211,0.6219430840733953
2023-09-07 00:00:00-04:00,89.91999816894531,-0.7505522258590469
2023-09-08 00:00:00-04:00,90.6500015258789,0.8118364899897257
2023-09-11 00:00:00-04:00,90.63999938964844,-0.011033795986881145
2023-09-12 00:00:00-04:00,92.05999755859376,1.5666352366585423
2023-09-13 00:00:00-04:00,91.87999725341795,-0.1955249945137627
2023-09-14 00:00:00-04:00,93.6999969482422,1.9808443069544657
2023-09-15 00:00:00-04:00,93.93000030517578,0.24546783823335971
2023-09-18 00:00:00-04:00,94.43000030517578,0.5323112939162211
2023-09-19 00:00:00-04:00,94.33999633789062,-0.09531289526027997
2023-09-20 00:00:00-04:00,93.52999877929688,-0.8585940110625412
2023-09-21 00:00:00-04:00,93.3000030517578,-0.24590583827740486
2023-09-22 00:00:00-04:00,93.2699966430664,-0.032161208692294
2023-09-25 00:00:00-04:00,93.29000091552734,0.021447703635590898
2023-09-26 00:00:00-04:00,93.95999908447266,0.7181886186837794
2023-09-27 00:00:00-04:00,96.5500030517578,2.756496373479811
2023-09-28 00:00:00-04:00,95.37999725341795,-1.2118133209303328
2023-09-29 00:00:00-04:00,95.30999755859376,-0.0733903300900729
2023-10-02 00:00:00-04:00,90.70999908447266,-4.82635462380866
2023-10-03 00:00:00-04:00,90.91999816894533,0.23150599337689037
2023-10-04 00:00:00-04:00,85.80999755859375,-5.620326345427651
2023-10-05 00:00:00-04:00,84.06999969482422,-2.0277332633431233
2023-10-06 00:00:00-04:00,84.58000183105469,0.6066398692539332
2023-10-09 00:00:00-04:00,88.1500015258789,4.2208555421353156
2023-10-10 00:00:00-04:00,87.6500015258789,-0.5672149646568148
2023-10-11 00:00:00-04:00,85.81999969482422,-2.087851453732581
2023-10-12 00:00:00-04:00,86.0,0.2097416753855219
2023-10-13 00:00:00-04:00,90.88999938964844,5.686045801916784
2023-10-16 00:00:00-04:00,89.6500015258789,-1.3642841589794896
2023-10-17 00:00:00-04:00,89.9000015258789,0.27886223730608783
2023-10-18 00:00:00-04:00,91.5,1.779753556133712
2023-10-19 00:00:00-04:00,92.37999725341795,0.9617456321507678
2023-10-20 00:00:00-04:00,92.16000366210938,-0.23813985478381428
2023-10-23 00:00:00-04:00,89.83000183105469,-2.52821369191486
2023-10-24 00:00:00-04:00,88.06999969482422,-1.9592587112939652
2023-10-25 00:00:00-04:00,90.12999725341795,2.339045720145272
2023-10-26 00:00:00-04:00,87.93000030517578,-2.4409153614600165
2023-10-27 00:00:00-04:00,90.4800033569336,2.900037578650738
2023-10-30 00:00:00-04:00,87.44999694824219,-3.3488133247943974
2023-10-31 00:00:00-04:00,87.41000366210938,-0.04573274731671795
2023-11-01 00:00:00-04:00,84.62999725341797,-3.1804213387723324
2023-11-02 00:00:00-04:00,86.8499984741211,2.623184795877398
2023-11-03 00:00:00-04:00,84.88999938964844,-2.25676352205888
2023-11-06 00:00:00-05:00,85.18000030517578,0.34161964614491946
2023-11-07 00:00:00-05:00,81.61000061035156,-4.191124303867011
2023-11-08 00:00:00-05:00,79.54000091552734,-2.5364534730338617
2023-11-09 00:00:00-05:00,80.01000213623047,0.5908991894559845
2023-11-10 00:00:00-05:00,81.43000030517578,1.7747758168129124
2023-11-13 00:00:00-05:00,82.5199966430664,1.3385685052261342
2023-11-14 00:00:00-05:00,82.47000122070312,-0.06058582694753456
2023-11-15 00:00:00-05:00,81.18000030517578,-1.5642062524954925
2023-11-16 00:00:00-05:00,77.41999816894531,-4.631685294525356
2023-11-17 00:00:00-05:00,80.61000061035156,4.120385581054986
2023-11-20 00:00:00-05:00,82.31999969482422,2.12132374584435
2023-11-21 00:00:00-05:00,82.44999694824219,0.15791697509706104
2023-11-22 00:00:00-05:00,81.95999908447266,-0.5942970065567432
2023-11-23 00:00:00-05:00,81.37000274658203,-0.7198588878491119
2023-11-24 00:00:00-05:00,80.58000183105469,-0.9708748787777721
2023-11-27 00:00:00-05:00,79.9800033569336,-0.7445997275838501
2023-11-28 00:00:00-05:00,81.68000030517578,2.125527477981537
2023-11-29 00:00:00-05:00,83.0999984741211,1.7384894265914053
2023-11-30 00:00:00-05:00,82.83000183105469,-0.3249057136270439
2023-12-01 00:00:00-05:00,78.87999725341797,-4.7688089947087065
2023-12-04 00:00:00-05:00,78.02999877929688,-1.0775843099871119
2023-12-05 00:00:00-05:00,77.19999694824219,-1.0636958144806585
2023-12-06 00:00:00-05:00,74.30000305175781,-3.756468926324752
2023-12-07 00:00:00-05:00,74.05000305175781,-0.3364737412269614
2023-12-08 00:00:00-05:00,75.83999633789062,2.4172764515373313
2023-12-11 00:00:00-05:00,76.02999877929688,0.2505306574116073
2023-12-12 00:00:00-05:00,73.23999786376953,-3.6696053667267248
2023-12-13 00:00:00-05:00,74.26000213623047,1.3926874688857893
2023-12-14 00:00:00-05:00,76.61000061035156,3.1645548162118287
2023-12-15 00:00:00-05:00,76.55000305175781,-0.07831556992005106
2023-12-18 00:00:00-05:00,77.94999694824219,1.8288619734447176
2023-12-19 00:00:00-05:00,79.2300033569336,1.6420865411211238
2023-12-20 00:00:00-05:00,79.69999694824219,0.5932015289602521
2023-12-21 00:00:00-05:00,79.38999938964844,-0.38895554637858876
2023-12-22 00:00:00-05:00,79.06999969482422,-0.40307305363948
2023-12-26 00:00:00-05:00,81.06999969482422,2.5294043350438056
2023-12-27 00:00:00-05:00,79.6500015258789,-1.7515704629217699
2023-12-28 00:00:00-05:00,78.38999938964844,-1.5819235556713496
2023-12-29 00:00:00-05:00,77.04000091552734,-1.722156505462813
2024-01-02 00:00:00-05:00,75.88999938964844,-1.4927330116984994
2024-01-03 00:00:00-05:00,78.25,3.1097649615654976
2024-01-04 00:00:00-05:00,77.58999633789062,-0.84345515924521
2024-01-05 00:00:00-05:00,78.76000213623047,1.507933823381924
2024-01-08 00:00:00-05:00,76.12000274658203,-3.351954441395333
2024-01-09 00:00:00-05:00,77.58999633789062,1.9311528353493035
2024-01-10 00:00:00-05:00,76.80000305175781,-1.018163839952424
2024-01-11 00:00:00-05:00,77.41000366210938,0.7942715965004066
2024-01-12 00:00:00-05:00,78.29000091552734,1.1368004286101296
2024-01-16 00:00:00-05:00,78.29000091552734,0.0
2024-01-17 00:00:00-05:00,77.87999725341797,-0.5236986298566504
2024-01-18 00:00:00-05:00,79.0999984741211,1.5665142061231707
2024-01-19 00:00:00-05:00,78.55999755859375,-0.6826813223062334
2024-01-22 00:00:00-05:00,80.05999755859375,1.9093686947752708
2024-01-23 00:00:00-05:00,79.55000305175781,-0.6370153914415089
2024-01-24 00:00:00-05:00,80.04000091552734,0.6159620929878873
2024-01-25 00:00:00-05:00,82.43000030517578,2.9860061997885268
2024-01-26 00:00:00-05:00,83.55000305175781,1.35873194520868
2024-01-29 00:00:00-05:00,82.4000015258789,-1.376423080638911
2024-01-30 00:00:00-05:00,82.87000274658203,0.5703898203879509
2024-01-31 00:00:00-05:00,81.70999908447266,-1.3997871650332727
2024-02-01 00:00:00-05:00,78.69999694824219,-3.683762293423476
2024-02-02 00:00:00-05:00,77.33000183105469,-1.74078166494529
2024-02-05 00:00:00-05:00,77.98999786376953,0.8534799134710447
2024-02-06 00:00:00-05:00,78.58999633789062,0.7693274657721627
2024-02-07 00:00:00-05:00,79.20999908447266,0.788907972353603
2024-02-08 00:00:00-05:00,81.62999725341797,3.055167525459157
2024-02-09 00:00:00-05:00,82.19000244140625,0.6860286742994326
2024-02-12 00:00:00-05:00,82.0,-0.23117463896135115
2024-02-13 00:00:00-05:00,82.7699966430664,0.9390202964224548
2024-02-14 00:00:00-05:00,81.5999984741211,-1.4135534812098172
2024-02-15 00:00:00-05:00,82.86000061035156,1.5441202938625942
2024-02-16 00:00:00-05:00,83.47000122070312,0.7361822421654063
2024-02-20 00:00:00-05:00,82.33999633789062,-1.353785631109139
2024-02-21 00:00:00-05:00,83.02999877929688,0.837991829116369
2024-02-22 00:00:00-05:00,83.66999816894531,0.7708050091023377
2024-02-23 00:00:00-05:00,81.62000274658203,-2.4500961721356296
2024-02-26 00:00:00-05:00,82.52999877929688,1.1149179148403743
2024-02-27 00:00:00-05:00,83.6500015258789,1.3570856211656546
2024-02-28 00:00:00-05:00,83.68000030517578,0.03586225791949449
2024-02-29 00:00:00-05:00,83.62000274658203,-0.07169880302932974
2024-03-01 00:00:00-05:00,83.55000305175781,-0.08371166290960241
2024-03-04 00:00:00-05:00,82.80000305175781,-0.8976660354343635
2024-03-05 00:00:00-05:00,82.04000091552734,-0.9178769422935829
2024-03-06 00:00:00-05:00,82.95999908447266,1.1214019486574411
2024-03-07 00:00:00-05:00,82.95999908447266,0.0
2024-03-08 00:00:00-05:00,82.08000183105469,-1.0607488706960155
2024-03-11 00:00:00-04:00,82.20999908447266,0.15837871651798174
2024-03-12 00:00:00-04:00,81.91999816894531,-0.3527562568506504
2024-03-13 00:00:00-04:00,84.02999877929688,2.5756843963790965
2024-03-14 00:00:00-04:00,85.41999816894531,1.6541704270390811
2024-03-15 00:00:00-04:00,85.33999633789062,-0.09365702735846249
2024-03-18 00:00:00-04:00,86.88999938964844,1.8162680082863147
2024-03-19 00:00:00-04:00,87.37999725341797,0.5639289529421943
2024-03-20 00:00:00-04:00,85.94999694824219,-1.6365304991124208
2024-03-21 00:00:00-04:00,85.77999877929688,-0.19778728909982668
2024-03-22 00:00:00-04:00,85.43000030517578,-0.40801874458124
2024-03-25 00:00:00-04:00,86.75,1.5451243007244209
2024-03-26 00:00:00-04:00,86.25,-0.5763688760806907
2024-03-27 00:00:00-04:00,86.08999633789062,-0.18551149230072728
2024-03-28 00:00:00-04:00,87.4800033569336,1.6145976050311317
2024-04-01 00:00:00-04:00,87.41999816894531,-0.06859303347697132
2024-04-02 00:00:00-04:00,88.91999816894531,1.7158545314782003
2024-04-03 00:00:00-04:00,89.3499984741211,0.48358109989925513
2024-04-04 00:00:00-04:00,90.6500015258789,1.4549558746040026
2024-04-05 00:00:00-04:00,91.16999816894533,0.57363114651241
2024-04-08 00:00:00-04:00,90.37999725341795,-0.8665141289829092
2024-04-09 00:00:00-04:00,89.41999816894531,-1.062180917953437
2024-04-10 00:00:00-04:00,90.4800033569336,1.185422958727389
2024-04-11 00:00:00-04:00,89.73999786376953,-0.8178663414111775
2024-04-12 00:00:00-04:00,90.4499969482422,0.7911735027568145
2024-04-15 00:00:00-04:00,90.0999984741211,-0.3869524443670058
2024-04-16 00:00:00-04:00,90.0199966430664,-0.08879226682525498
2024-04-17 00:00:00-04:00,87.29000091552734,-3.032654775986743
2024-04-18 00:00:00-04:00,87.11000061035156,-0.2062095352135196
2024-04-19 00:00:00-04:00,87.29000091552734,0.20663563760139336
2024-04-22 00:00:00-04:00,87.0,-0.3322269589709159
2024-04-23 00:00:00-04:00,88.41999816894531,1.632181803385424
2024-04-24 00:00:00-04:00,88.0199966430664,-0.4523880730178509
2024-04-25 00:00:00-04:00,89.01000213623047,1.1247506599877166
2024-04-26 00:00:00-04:00,89.5,0.5504975306253712
2024-04-29 00:00:00-04:00,88.4000015258789,-1.229048574436975
2024-04-30 00:00:00-04:00,87.86000061035156,-0.610860753627096
2024-05-01 00:00:00-04:00,83.44000244140625,-5.03072858893715
2024-05-02 00:00:00-04:00,83.66999816894531,0.2756420431561768
2024-05-03 00:00:00-04:00,82.95999908447266,-0.8485706944071358
2024-05-06 00:00:00-04:00,83.33000183105469,0.44600138701216263
2024-05-07 00:00:00-04:00,83.16000366210938,-0.204005958490161
2024-05-08 00:00:00-04:00,83.58000183105469,0.5050482809642709
2024-05-09 00:00:00-04:00,83.87999725341797,0.3589320600514867
2024-05-10 00:00:00-04:00,82.79000091552734,-1.2994711177654605
2024-05-13 00:00:00-04:00,83.36000061035156,0.6884885717126643
2024-05-14 00:00:00-04:00,82.37999725341797,-1.175627818807734
2024-05-15 00:00:00-04:00,82.75,0.44914148933972164
2024-05-16 00:00:00-04:00,83.2699966430664,0.6283947348234564
2024-05-17 00:00:00-04:00,83.9800033569336,0.8526561096316554
2024-05-20 00:00:00-04:00,83.70999908447266,-0.3215101948893184
2024-05-21 00:00:00-04:00,82.87999725341797,-0.9915205353390633
2024-05-22 00:00:00-04:00,81.9000015258789,-1.1824273166208932
2024-05-23 00:00:00-04:00,81.36000061035156,-0.6593417649164657
2024-05-24 00:00:00-04:00,82.12000274658203,0.9341225793129793
2024-05-28 00:00:00-04:00,84.22000122070312,2.5572313734591345
2024-05-29 00:00:00-04:00,83.5999984741211,-0.7361704317211726
2024-05-30 00:00:00-04:00,81.86000061035156,-2.081337195607913
2024-05-31 00:00:00-04:00,81.62000274658203,-0.2931808721965523
2024-06-03 00:00:00-04:00,78.36000061035156,-3.994121571341147
2024-06-04 00:00:00-04:00,77.5199966430664,-1.0719805522489856
2024-06-05 00:00:00-04:00,78.41000366210938,1.1480999194839026
2024-06-06 00:00:00-04:00,79.87000274658203,1.862006142435857
2024-06-07 00:00:00-04:00,79.62000274658203,-0.3130086282746469
2024-06-10 00:00:00-04:00,81.62999725341797,2.5244843475243695
2024-06-11 00:00:00-04:00,81.91999816894531,0.3552626795111147
2024-06-12 00:00:00-04:00,82.5999984741211,0.8300785160827218
2024-06-13 00:00:00-04:00,82.75,0.18159991361974548
2024-06-14 00:00:00-04:00,82.62000274658203,-0.1570963787528301
2024-06-17 00:00:00-04:00,84.25,1.9728845306597353
2024-06-18 00:00:00-04:00,85.33000183105469,1.2819012831509546
2024-06-20 00:00:00-04:00,85.70999908447266,0.44532666736645243
2024-06-21 00:00:00-04:00,85.23999786376953,-0.548362181453188
2024-06-24 00:00:00-04:00,86.01000213623047,0.903336804033672
2024-06-25 00:00:00-04:00,85.01000213623047,-1.1626554762969366
2024-06-26 00:00:00-04:00,85.25,0.28231720707985186
2024-06-27 00:00:00-04:00,86.38999938964844,1.3372426858046182
2024-06-28 00:00:00-04:00,86.41000366210938,0.023155773356031695
2024-07-01 00:00:00-04:00,86.5999984741211,0.21987594486705397
2024-07-02 00:00:00-04:00,86.23999786376953,-0.4157051001093759
2024-07-03 00:00:00-04:00,87.33999633789062,1.2755084663368388
2024-07-05 00:00:00-04:00,86.54000091552734,-0.915955410930358
2024-07-08 00:00:00-04:00,85.75,-0.912873708307993
2024-07-09 00:00:00-04:00,84.66000366210938,-1.2711327555575802
2024-07-10 00:00:00-04:00,85.08000183105469,0.49609987098699904
2024-07-11 00:00:00-04:00,85.4000015258789,0.37611622935744826
2024-07-12 00:00:00-04:00,85.02999877929688,-0.433258477717835
2024-07-15 00:00:00-04:00,84.8499984741211,-0.2116903537103254
2024-07-16 00:00:00-04:00,83.7300033569336,-1.319970698089168
2024-07-17 00:00:00-04:00,85.08000183105469,1.6123234444004098
2024-07-18 00:00:00-04:00,85.11000061035156,0.03525949535878592
2024-07-19 00:00:00-04:00,82.62999725341797,-2.913880083596143
2024-07-22 00:00:00-04:00,82.4000015258789,-0.27834410647950003
2024-07-23 00:00:00-04:00,81.01000213623047,-1.686892431927789
2024-07-24 00:00:00-04:00,81.70999908447266,0.8640870630580055
2024-07-25 00:00:00-04:00,82.37000274658203,0.8077391622866914
2024-07-26 00:00:00-04:00,81.12999725341797,-1.5054090710413637
2024-07-29 00:00:00-04:00,79.77999877929688,-1.663994231263477
2024-07-30 00:00:00-04:00,78.62999725341797,-1.4414659607356772
2024-07-31 00:00:00-04:00,80.72000122070312,2.6580237063334122
2024-08-01 00:00:00-04:00,79.5199966430664,-1.4866260647787732
2024-08-02 00:00:00-04:00,76.80999755859375,-3.407946678665952
2024-08-05 00:00:00-04:00,76.30000305175781,-0.6639689142639238
2024-08-06 00:00:00-04:00,76.4800033569336,0.23591126864526135
2024-08-07 00:00:00-04:00,78.33000183105469,2.418930953084719
2024-08-08 00:00:00-04:00,79.16000366210938,1.0596218711252714
2024-08-09 00:00:00-04:00,79.66000366210938,0.631632108222524
2024-08-12 00:00:00-04:00,82.30000305175781,3.3140839421077706
2024-08-13 00:00:00-04:00,80.69000244140625,-1.9562582632458025
2024-08-14 00:00:00-04:00,79.76000213623047,-1.1525595204326722
2024-08-15 00:00:00-04:00,81.04000091552734,1.604812869877592
2024-08-16 00:00:00-04:00,79.68000030517578,-1.6781843472202906
2024-08-19 00:00:00-04:00,77.66000366210938,-2.5351363395203164
2024-08-20 00:00:00-04:00,77.19999694824219,-0.5923341387783498
2024-08-21 00:00:00-04:00,76.05000305175781,-1.4896294584770153
2024-08-22 00:00:00-04:00,77.22000122070312,1.5384590690272981
2024-08-23 00:00:00-04:00,79.0199966430664,2.3309963661081845
2024-08-26 00:00:00-04:00,81.43000030517578,3.0498655587083423
2024-08-27 00:00:00-04:00,79.55000305175781,-2.308728044175723
2024-08-28 00:00:00-04:00,78.6500015258789,-1.1313657967974344
2024-08-29 00:00:00-04:00,79.94000244140625,1.640179136046016
2024-08-30 00:00:00-04:00,78.80000305175781,-1.4260687450992071
2024-09-03 00:00:00-04:00,73.75,-6.4086330662206255
2024-09-04 00:00:00-04:00,72.69999694824219,-1.4237329515360164
2024-09-05 00:00:00-04:00,72.69000244140625,-0.01374760282735199
2024-09-06 00:00:00-04:00,71.05999755859375,-2.242405871600306
2024-09-09 00:00:00-04:00,71.83999633789062,1.097662265825039
2024-09-10 00:00:00-04:00,69.19000244140625,-3.68874447601647
2024-09-11 00:00:00-04:00,70.61000061035156,2.0523169805461983
2024-09-12 00:00:00-04:00,71.97000122070312,1.9260736419710156
2024-09-13 00:00:00-04:00,71.61000061035156,-0.500209259754747
2024-09-16 00:00:00-04:00,72.75,1.5919555647701644
2024-09-17 00:00:00-04:00,73.69999694824219,1.305837729542536
2024-09-18 00:00:00-04:00,73.6500015258789,-0.06783639678898945
2024-09-19 00:00:00-04:00,74.87999725341797,1.670055264162995
2024-09-20 00:00:00-04:00,74.48999786376953,-0.5208325373311062
2024-09-23 00:00:00-04:00,73.9000015258789,-0.7920477309848128
2024-09-24 00:00:00-04:00,75.16999816894531,1.718533987609816
2024-09-25 00:00:00-04:00,73.45999908447266,-2.2748425251114313
2024-09-26 00:00:00-04:00,71.5999984741211,-2.5319910611661167
2024-09-27 00:00:00-04:00,71.9800033569336,0.5307330878643102
2024-09-30 00:00:00-04:00,71.7699966430664,-0.29175702149638605
2024-10-01 00:00:00-04:00,73.55999755859375,2.4940796979962876
2024-10-02 00:00:00-04:00,73.9000015258789,0.46221313019256804
2024-10-03 00:00:00-04:00,77.62000274658203,5.033831047216464
2024-10-04 00:00:00-04:00,78.05000305175781,0.5539813063131005
2024-10-07 00:00:00-04:00,80.93000030517578,3.6899386813708857
2024-10-08 00:00:00-04:00,77.18000030517578,-4.6336339872226295
2024-10-09 00:00:00-04:00,76.58000183105469,-0.7774014922889982
2024-10-10 00:00:00-04:00,79.4000015258789,3.6824231227435833
2024-10-11 00:00:00-04:00,79.04000091552734,-0.4534012637697815
2024-10-14 00:00:00-04:00,77.45999908447266,-1.998990147714308
2024-10-15 00:00:00-04:00,74.25,-4.144073228005141
2024-10-16 00:00:00-04:00,74.22000122070312,-0.040402396359429105
2024-10-17 00:00:00-04:00,74.44999694824219,0.3098837560715495
2024-10-18 00:00:00-04:00,73.05999755859375,-1.8670241056084502
2024-10-21 00:00:00-04:00,74.29000091552734,1.6835524199780183
2024-10-22 00:00:00-04:00,76.04000091552734,2.3556332998162954
2024-10-23 00:00:00-04:00,74.95999908447266,-1.42030749349209
2024-10-24 00:00:00-04:00,74.37999725341797,-0.7737484500247693
2024-10-25 00:00:00-04:00,76.05000305175781,2.245235090087472
2024-10-28 00:00:00-04:00,71.41999816894531,-6.088106110477643
2024-10-29 00:00:00-04:00,71.12000274658203,-0.42004400735720093
2024-10-30 00:00:00-04:00,72.55000305175781,2.010686515678617
2024-10-31 00:00:00-04:00,73.16000366210938,0.8408002545725379
2024-11-01 00:00:00-04:00,73.0999984741211,-0.0820191156159833
2024-11-04 00:00:00-05:00,75.08000183105469,2.70862297984118
2024-11-05 00:00:00-05:00,75.52999877929688,0.5993566026473607
2024-11-06 00:00:00-05:00,74.91999816894531,-0.8076269299752248
2024-11-07 00:00:00-05:00,75.62999725341797,0.9476763238456032
2024-11-08 00:00:00-05:00,73.87000274658203,-2.327111689477679
2024-11-11 00:00:00-05:00,71.83000183105469,-2.761609367371698
2024-11-12 00:00:00-05:00,71.88999938964844,0.08352715726620552
2024-11-13 00:00:00-05:00,72.27999877929688,0.5424946348025594
2024-11-14 00:00:00-05:00,72.55999755859375,0.3873807194599399
2024-11-15 00:00:00-05:00,71.04000091552734,-2.0948135256467992
2024-11-18 00:00:00-05:00,73.30000305175781,3.1813092723883996
2024-11-19 00:00:00-05:00,73.30999755859375,0.013635070149842221
2024-11-20 00:00:00-05:00,72.80999755859375,-0.6820352157294374
2024-11-21 00:00:00-05:00,74.2300033569336,1.950289583785647
2024-11-22 00:00:00-05:00,75.16999816894531,1.2663273198194158
2024-11-25 00:00:00-05:00,73.01000213623047,-2.8734815555805038
2024-11-26 00:00:00-05:00,72.80999755859375,-0.27394133924764086
2024-11-27 00:00:00-05:00,72.83000183105469,0.02747462317223004
2024-11-29 00:00:00-05:00,72.94000244140625,0.15103749496907515
2024-12-02 00:00:00-05:00,71.83000183105469,-1.5217995245383253
2024-12-03 00:00:00-05:00,73.62000274658203,2.4919961992169393
2024-12-04 00:00:00-05:00,72.30999755859375,-1.779414750224384
2024-12-05 00:00:00-05:00,72.08999633789062,-0.3042473076075747
2024-12-06 00:00:00-05:00,71.12000274658203,-1.3455314753550107
2024-12-09 00:00:00-05:00,72.13999938964844,1.4341909500494632
2024-12-10 00:00:00-05:00,72.19000244140625,0.06931390654403291
2024-12-11 00:00:00-05:00,73.5199966430664,1.842352343372844
2024-12-12 00:00:00-05:00,73.41000366210938,-0.14960961096208703
2024-12-13 00:00:00-05:00,74.48999786376953,1.4711812393187529
2024-12-16 00:00:00-05:00,73.91000366210938,-0.7786202420368871
2024-12-17 00:00:00-05:00,73.19000244140625,-0.9741593627768164
2024-12-18 00:00:00-05:00,73.38999938964844,0.2732571957519747
2024-12-19 00:00:00-05:00,72.87999725341797,-0.6949204802724207
2024-12-20 00:00:00-05:00,72.94000244140625,0.08233423470040968
2024-12-23 00:00:00-05:00,72.62999725341797,-0.42501395340275305
2024-12-24 00:00:00-05:00,73.58000183105469,1.3080058014073748
2024-12-26 00:00:00-05:00,73.26000213623047,-0.43490036268137855
2024-12-27 00:00:00-05:00,74.16999816894531,1.2421457905811506
2024-12-30 00:00:00-05:00,74.38999938964844,0.29661753557281845
2024-12-31 00:00:00-05:00,74.63999938964844,0.3360666783857935
2025-01-02 00:00:00-05:00,75.93000030517578,1.7282970606592007
2025-01-03 00:00:00-05:00,76.51000213623047,0.763863859770253
2025-01-06 00:00:00-05:00,76.30000305175781,-0.2744727207022457
2025-01-07 00:00:00-05:00,77.05000305175781,0.9829619528209488
2025-01-08 00:00:00-05:00,76.16000366210938,-1.1550932568433314
2025-01-09 00:00:00-05:00,76.91999816894531,0.9978918990179109
2025-01-10 00:00:00-05:00,79.76000213623047,3.6921529314749124
2025-01-13 00:00:00-05:00,81.01000213623047,1.5672015628397151
2025-01-14 00:00:00-05:00,79.91999816894531,-1.3455177614390745
2025-01-15 00:00:00-05:00,82.02999877929688,2.6401409643318052
2025-01-16 00:00:00-05:00,81.29000091552734,-0.9021063937359131
2025-01-17 00:00:00-05:00,80.79000091552734,-0.6150817989528323
2025-01-21 00:00:00-05:00,79.29000091552734,-1.8566654078496336
2025-01-22 00:00:00-05:00,79.0,-0.36574714614557857
2025-01-23 00:00:00-05:00,78.29000091552734,-0.8987330183198194
2025-01-24 00:00:00-05:00,78.5,0.26823231832535654
2025-01-27 00:00:00-05:00,77.08000183105469,-1.808914864898492
2025-01-28 00:00:00-05:00,77.48999786376953,0.5319097340104939
2025-01-29 00:00:00-05:00,76.58000183105469,-1.1743399894198592
2025-01-30 00:00:00-05:00,76.87000274658203,0.37869013919211714
2025-01-31 00:00:00-05:00,76.76000213623047,-0.14309952702122875
2025-02-03 00:00:00-05:00,75.95999908447266,-1.0422134308151754
2025-02-04 00:00:00-05:00,76.19999694824219,0.3159529576911124
2025-02-05 00:00:00-05:00,74.61000061035156,-2.0866094508778077
2025-02-06 00:00:00-05:00,74.29000091552734,-0.4288965181697413
2025-02-07 00:00:00-05:00,74.66000366210938,0.49805188049836246
2025-02-10 00:00:00-05:00,75.87000274658203,1.6206791121371689
2025-02-11 00:00:00-05:00,77.0,1.4893860715839757
2025-02-12 00:00:00-05:00,75.18000030517578,-2.3636359673041785
2025-02-13 00:00:00-05:00,75.0199966430664,-0.21282742944915833
2025-02-14 00:00:00-05:00,74.73999786376953,-0.37323219384968187
2025-02-18 00:00:00-05:00,75.83999633789062,1.4717667989850414
2025-02-19 00:00:00-05:00,76.04000091552734,0.2637191288164642
2025-02-20 00:00:00-05:00,76.4800033569336,0.5786460232885204
2025-02-21 00:00:00-05:00,74.43000030517578,-2.680443203160454
2025-02-24 00:00:00-05:00,74.77999877929688,0.4702384424103645
2025-02-25 00:00:00-05:00,73.0199966430664,-2.3535733684950655
2025-02-26 00:00:00-05:00,72.52999877929688,-0.6710461329719308
2025-02-27 00:00:00-05:00,74.04000091552734,2.0819001263536308
2025-02-28 00:00:00-05:00,73.18000030517578,-1.161535115771728
2025-03-03 00:00:00-05:00,71.62000274658203,-2.1317266358133913
2025-03-04 00:00:00-05:00,71.04000091552734,-0.8098321820887766
2025-03-05 00:00:00-05:00,69.30000305175781,-2.4493212856775415
2025-03-06 00:00:00-05:00,69.45999908447266,0.2308744959150344
2025-03-07 00:00:00-05:00,70.36000061035156,1.295711974865399
2025-03-10 00:00:00-04:00,69.27999877929688,-1.5349656362791397
2025-03-11 00:00:00-04:00,69.55999755859375,0.4041552890161837
2025-03-12 00:00:00-04:00,70.94999694824219,1.9982740633042395
2025-03-13 00:00:00-04:00,69.87999725341797,-1.5081039335417823
2025-03-14 00:00:00-04:00,70.58000183105469,1.0017238196191824
2025-03-17 00:00:00-04:00,71.06999969482422,0.6942446175368877
2025-03-18 00:00:00-04:00,70.55999755859375,-0.7176053727598553
2025-03-19 00:00:00-04:00,70.77999877929688,0.31179312402955794
2025-03-20 00:00:00-04:00,72.0,1.7236525031701033
2025-03-21 00:00:00-04:00,72.16000366210938,0.22222730848524552
2025-03-24 00:00:00-04:00,73.0,1.1640746885545061
2025-03-25 00:00:00-04:00,73.0199966430664,0.027392661734793045
2025-03-26 00:00:00-04:00,73.79000091552734,1.0545115144620532
2025-03-27 00:00:00-04:00,74.02999877929688,0.3252444244366881
2025-03-28 00:00:00-04:00,73.62999725341797,-0.5403235613597901
2025-03-31 00:00:00-04:00,74.73999786376953,1.5075385736212699
2025-04-01 00:00:00-04:00,74.48999786376953,-0.33449291831086914
2025-04-02 00:00:00-04:00,74.94999694824219,0.6175313433542051
2025-04-03 00:00:00-04:00,70.13999938964844,-6.417608745088232
2025-04-04 00:00:00-04:00,65.58000183105469,-6.501279723801556
2025-04-07 00:00:00-04:00,64.20999908447266,-2.08905566991503
2025-04-08 00:00:00-04:00,62.81999969482422,-2.1647709227028633
2025-04-09 00:00:00-04:00,65.4800033569336,4.234326130263466
2025-04-10 00:00:00-04:00,63.33000183105469,-3.283447488783986
2025-04-11 00:00:00-04:00,64.76000213623047,2.258013996258179
2025-04-14 00:00:00-04:00,64.87999725341797,0.18529202166341907
2025-04-15 00:00:00-04:00,64.66999816894531,-0.32367307854901384
2025-04-16 00:00:00-04:00,65.8499984741211,1.8246487375693565
2025-04-17 00:00:00-04:00,67.95999908447266,3.2042530892096854
2025-04-21 00:00:00-04:00,66.26000213623047,-2.5014669969743997
2025-04-22 00:00:00-04:00,67.44000244140625,1.780863669080035
2025-04-23 00:00:00-04:00,66.12000274658203,-1.957294850294633
2025-04-24 00:00:00-04:00,66.55000305175781,0.6503331629066134
2025-04-25 00:00:00-04:00,66.87000274658203,0.48084099196110675
2025-04-28 00:00:00-04:00,65.86000061035156,-1.5103964329986397
2025-04-29 00:00:00-04:00,64.25,-2.444580314957534
2025-04-30 00:00:00-04:00,63.119998931884766,-1.7587565262493943
2025-05-01 00:00:00-04:00,62.130001068115234,-1.5684377067843092
2025-05-02 00:00:00-04:00,61.290000915527344,-1.3520040852195825
2025-05-05 00:00:00-04:00,60.22999954223633,-1.7294850015616037
2025-05-06 00:00:00-04:00,62.150001525878906,3.1877834936661076
2025-05-07 00:00:00-04:00,61.119998931884766,-1.6572849053998029
2025-05-08 00:00:00-04:00,62.84000015258789,2.814138172057201
2025-05-09 00:00:00-04:00,63.90999984741211,1.7027366203469896
2025-05-12 00:00:00-04:00,64.95999908447266,1.6429341880260795
2025-05-13 00:00:00-04:00,66.62999725341797,2.5708100253722055
2025-05-14 00:00:00-04:00,66.08999633789062,-0.8104471526143464
2025-05-15 00:00:00-04:00,64.52999877929688,-2.3604140490765535
2025-05-16 00:00:00-04:00,65.41000366210938,1.3637143955670394
2025-05-19 00:00:00-04:00,65.54000091552734,0.19874215890507418
2025-05-20 00:00:00-04:00,65.37999725341797,-0.24413130893238266
2025-05-21 00:00:00-04:00,64.91000366210938,-0.718864501457317
2025-05-22 00:00:00-04:00,64.44000244140625,-0.7240813344422614
2025-05-23 00:00:00-04:00,64.77999877929688,0.5276168916966917
2025-05-27 00:00:00-04:00,64.08999633789062,-1.065147351664919
2025-05-28 00:00:00-04:00,64.9000015258789,1.2638558812171352
2025-05-29 00:00:00-04:00,64.1500015258789,-1.1556240098098303
2025-05-30 00:00:00-04:00,63.900001525878906,-0.38971160413635575
2025-06-02 00:00:00-04:00,64.62999725341797,1.142403302202455
2025-06-03 00:00:00-04:00,65.62999725341797,1.547269135845597
2025-06-04 00:00:00-04:00,64.86000061035156,-1.173238877480387
2025-06-05 00:00:00-04:00,65.33999633789062,0.7400489099940843
2025-06-06 00:00:00-04:00,66.47000122070312,1.7294229356379809
2025-06-09 00:00:00-04:00,67.04000091552734,0.85752923778597
2025-06-10 00:00:00-04:00,66.87000274658203,-0.25357721751751994
2025-06-11 00:00:00-04:00,69.7699966430664,4.336763537268751
2025-06-12 00:00:00-04:00,69.36000061035156,-0.587639461719236
2025-06-13 00:00:00-04:00,74.2300033569336,7.021341845050699
2025-06-16 00:00:00-04:00,73.2300033569336,-1.3471641583949756
2025-06-17 00:00:00-04:00,76.44999694824219,4.397096058583916
2025-06-18 00:00:00-04:00,76.69999694824219,0.32701113143176475
2025-06-20 00:00:00-04:00,77.01000213623047,0.4041788791692813
2025-06-23 00:00:00-04:00,71.4800033569336,-7.180883814954742
2025-06-24 00:00:00-04:00,67.13999938964844,-6.07163369259156
2025-06-25 00:00:00-04:00,67.68000030517578,0.8042909151569022
2025-06-26 00:00:00-04:00,67.7300033569336,0.07388157732319822
2025-06-27 00:00:00-04:00,67.7699966430664,0.05904810888912593
2025-06-30 00:00:00-04:00,67.61000061035156,-0.23608682402260772
2025-07-01 00:00:00-04:00,67.11000061035156,-0.7395355649848168
2025-07-02 00:00:00-04:00,69.11000061035156,2.9801817639851125
2025-07-03 00:00:00-04:00,68.80000305175781,-0.44855672964256854
2025-07-04 00:00:00-04:00,68.29000091552734,-0.741282141872579
2025-07-07 00:00:00-04:00,69.58000183105469,1.8890040975735767
2025-07-08 00:00:00-04:00,70.1500015258789,0.8192004596496272
2025-07-09 00:00:00-04:00,70.19000244140625,0.05702197385211161
2025-07-10 00:00:00-04:00,68.63999938964844,-2.2082960504976934
2025-07-11 00:00:00-04:00,70.36000061035156,2.505829306523144
2025-07-14 00:00:00-04:00,69.20999908447266,-1.6344535473322819
2025-07-15 00:00:00-04:00,68.70999908447266,-0.7224389634649997
2025-07-16 00:00:00-04:00,68.5199966430664,-0.2765280802473291
2025-07-17 00:00:00-04:00,69.5199966430664,1.4594279757618622
2025-07-18 00:00:00-04:00,69.27999877929688,-0.345221339698476
2025-07-21 00:00:00-04:00,69.20999908447266,-0.10103882225404037
2025-07-22 00:00:00-04:00,68.58999633789062,-0.8958282831723507
2025-07-23 00:00:00-04:00,68.51000213623047,-0.11662663060381107
2025-07-24 00:00:00-04:00,69.18000030517578,0.9779567188058724
2025-07-25 00:00:00-04:00,68.44000244140625,-1.069670223337893
2025-07-28 00:00:00-04:00,70.04000091552734,2.3378118308673423
2025-07-29 00:00:00-04:00,72.51000213623047,3.5265579503376943
2025-07-30 00:00:00-04:00,73.23999786376953,1.0067517666977333
2025-07-31 00:00:00-04:00,72.52999877929688,-0.9694143981179404
2025-08-01 00:00:00-04:00,69.66999816894531,-3.9431968268113793
2025-08-04 00:00:00-04:00,68.76000213623047,-1.3061519400476507
2025-08-05 00:00:00-04:00,67.63999938964844,-1.6288579287170868
2025-08-06 00:00:00-04:00,66.88999938964844,-1.1088113642336639
2025-08-07 00:00:00-04:00,66.43000030517578,-0.687694855239962
2025-08-08 00:00:00-04:00,66.58999633789062,0.24084906214034696
2025-08-11 00:00:00-04:00,66.62999725341797,0.060070457617045214
2025-08-12 00:00:00-04:00,66.12000274658203,-0.7654127688107915
2025-08-13 00:00:00-04:00,65.62999725341797,-0.7410851070924873
2025-08-14 00:00:00-04:00,66.83999633789062,1.8436677359599418
2025-08-15 00:00:00-04:00,65.8499984741211,-1.4811458976821013
2025-08-18 00:00:00-04:00,66.5999984741211,1.1389521904009658
2025-08-19 00:00:00-04:00,65.79000091552734,-1.2162125783058308
2025-08-20 00:00:00-04:00,66.83999633789062,1.5959802519404764
2025-08-21 00:00:00-04:00,67.66999816894531,1.2417742018698608
2025-08-22 00:00:00-04:00,67.7300033569336,0.08867325197567943
2025-08-25 00:00:00-04:00,68.80000305175781,1.5798016267404735
2025-08-26 00:00:00-04:00,67.22000122070312,-2.2965141874573214
2025-08-27 00:00:00-04:00,68.05000305175781,1.2347542635852582
2025-08-28 00:00:00-04:00,68.62000274658203,0.8376189114799759
2025-08-29 00:00:00-04:00,68.12000274658203,-0.7286505100364549
2025-09-02 00:00:00-04:00,69.13999938964844,1.4973526158843065
2025-09-03 00:00:00-04:00,67.5999984741211,-2.227366110966311
2025-09-04 00:00:00-04:00,66.98999786376953,-0.9023677871606517
2025-09-05 00:00:00-04:00,65.5,-2.2242094510878774
2025-09-08 00:00:00-04:00,66.0199966430664,0.7938880046815422
2025-09-09 00:00:00-04:00,66.38999938964844,0.5604404201691171
2025-09-10 00:00:00-04:00,67.48999786376953,1.656873752423338
2025-09-11 00:00:00-04:00,66.37000274658203,-1.6594979295276313
2025-09-12 00:00:00-04:00,66.98999786376953,0.9341496030289553
2025-09-15 00:00:00-04:00,67.44000244140625,0.6717489057871617
2025-09-16 00:00:00-04:00,68.47000122070312,1.5272816459218852
2025-09-17 00:00:00-04:00,67.94999694824219,-0.7594629227254956
2025-09-18 00:00:00-04:00,67.44000244140625,-0.7505438259613251
2025-09-19 00:00:00-04:00,66.68000030517578,-1.126930766188483
2025-09-22 00:00:00-04:00,66.56999969482422,-0.1649679211879418
2025-09-23 00:00:00-04:00,67.62999725341797,1.5923051877017924
2025-09-24 00:00:00-04:00,69.30999755859375,2.4841052393963725
2025-09-25 00:00:00-04:00,69.41999816894531,0.15870814345155804
2025-09-26 00:00:00-04:00,70.12999725341797,1.0227587196772303
2025-09-29 00:00:00-04:00,67.97000122070312,-3.0799887598877196
2025-09-30 00:00:00-04:00,67.0199966430664,-1.397682154737634
2025-10-01 00:00:00-04:00,65.3499984741211,-2.4917908871875283
2025-10-02 00:00:00-04:00,64.11000061035156,-1.897471909292514
2025-10-03 00:00:00-04:00,64.52999877929688,0.6551211432643367
2025-10-06 00:00:00-04:00,65.47000122070312,1.4566906232575727
2025-10-07 00:00:00-04:00,65.44999694824219,-0.03055486801275542
2025-10-08 00:00:00-04:00,66.25,1.2223118243847253
2025-10-09 00:00:00-04:00,65.22000122070312,-1.5547151385613245
2025-10-10 00:00:00-04:00,62.72999954223633,-3.8178497881971585
2025-10-13 00:00:00-04:00,63.31999969482422,0.9405390672618141
2025-10-14 00:00:00-04:00,62.38999938964844,-1.468730748038527
2025-10-15 00:00:00-04:00,61.90999984741211,-0.7693533369643957
2025-10-16 00:00:00-04:00,61.060001373291016,-1.3729582881861768
2025-10-17 00:00:00-04:00,61.290000915527344,0.3766779185447877
2025-10-20 00:00:00-04:00,61.0099983215332,-0.4568487352122119
2025-10-21 00:00:00-04:00,61.31999969482422,0.5081156889355398
2025-10-22 00:00:00-04:00,62.59000015258789,2.071103170391675
2025-10-23 00:00:00-04:00,65.98999786376953,5.432173994077005
2025-10-24 00:00:00-04:00,65.94000244140625,-0.07576212150588457
2025-10-27 00:00:00-04:00,65.62000274658203,-0.4852891764882239
2025-10-28 00:00:00-04:00,64.4000015258789,-1.8591910540062706
2025-10-29 00:00:00-04:00,64.91999816894531,0.8074481843877823
2025-10-30 00:00:00-04:00,65.0,0.12323141298693496
2025-10-31 00:00:00-04:00,65.06999969482422,0.10769183819110406
2025-11-03 00:00:00-05:00,64.88999938964844,-0.2766256431842251
2025-11-04 00:00:00-05:00,63.630001068115234,-1.9417450044454831
